index,type,name,status,embedded_dump,embedded_size,embedded_sha256,candidate_count
0,localize,mod,inventory,,,,
1,script,clientscripts/mp/zombies/_zm_perk_divetonuke.csc,dumped_embedded,fastfiles/mod/assets/clientscripts/mp/zombies/_zm_perk_divetonuke.csc,1105,ee3191891cd8a5f95bb9545b0de13e4aed2caa004ffce983c4f27ee6981549fc,
2,script,scripts/zm/_fire_sale.csc,dumped_embedded,fastfiles/mod/assets/scripts/zm/_fire_sale.csc,270,f49753bb96f4f0c3e795afe8f57c016ab513d347491ba0bfeecf1bd3c67e94ac,
3,script,scripts/zm/thundergun.csc,dumped_embedded,fastfiles/mod/assets/scripts/zm/thundergun.csc,159,2fa5bb16a6501f738b968b51e724a1dce35b973b9e3f2daccd917d0df5a479fa,
4,script,scripts/zm/Freeze.csc,dumped_embedded,fastfiles/mod/assets/scripts/zm/Freeze.csc,157,d012c24e72e11a875f89c2394817fd8062ee69edfa1312dd218322c5da253bbc,
5,script,scripts/zm/intervention.csc,dumped_embedded,fastfiles/mod/assets/scripts/zm/intervention.csc,102,cff0c8fb9f4eae248023efa8c2f60540efece0d0d61353ed3577973c1122bdb5,
6,script,scripts/zm/kar98k.csc,dumped_embedded,fastfiles/mod/assets/scripts/zm/kar98k.csc,96,dc6c689891f376563a63fd9845540465a309bf65a440ac8fc2c6c55a9003676e,
7,script,scripts/zm/insas.csc,dumped_embedded,fastfiles/mod/assets/scripts/zm/insas.csc,95,73e1bf8bdf5a1d7d39103dced228b27d875a422e2bccebd4e14bf1e6314bf286,
8,script,scripts/zm/spas.csc,dumped_embedded,fastfiles/mod/assets/scripts/zm/spas.csc,94,28115506a13438bd07e684b79024644bacfdd291dbc091afa922bccc60bbce40,
9,script,scripts/zm/slipgun.csc,dumped_embedded,fastfiles/mod/assets/scripts/zm/slipgun.csc,143,08ba98ad9bd92188cc071f50758694b62fbc7e76ca7a3736d4e72356b17fc659,
10,script,scripts/zm/zm_transit/zm_transit.csc,dumped_embedded,fastfiles/mod/assets/scripts/zm/zm_transit/zm_transit.csc,5516,b6ac4972cee76535006c546fde5bfd738dce343034d0061bb468cc9efb25dccf,
11,script,scripts/zm/zm_nuked/zm_nuked.csc,dumped_embedded,fastfiles/mod/assets/scripts/zm/zm_nuked/zm_nuked.csc,5130,93a057d18a61424de74a0413faf91d642b3e83790bb7d8353f65a1a92ce605ea,
12,script,scripts/zm/zm_highrise/zm_highrise.csc,dumped_embedded,fastfiles/mod/assets/scripts/zm/zm_highrise/zm_highrise.csc,5120,38a40801502a243e49a4c9aaa7fe81cc98d06d03a9a978ae52f80ba2cc2f0670,
13,script,scripts/zm/zm_prison/zm_prison.csc,dumped_embedded,fastfiles/mod/assets/scripts/zm/zm_prison/zm_prison.csc,5340,09c5950a3480fff383d382412669f2171524d82cfe0d6bd662c5e9264da5a30a,
14,script,scripts/zm/zm_buried/zm_buried.csc,dumped_embedded,fastfiles/mod/assets/scripts/zm/zm_buried/zm_buried.csc,4882,415999bb9ba906e9d13d99c7ea7f62f6793fe6c721813bbd901a462666ace0ee,
15,script,scripts/zm/zm_tomb/zm_tomb.csc,dumped_embedded,fastfiles/mod/assets/scripts/zm/zm_tomb/zm_tomb.csc,5500,cc15020fdcbd09e079028feab218f40cde371f3d19eaba16ea90c12081262c3a,
16,script,scripts/zm/zm_expanded.csc,dumped_embedded,fastfiles/mod/assets/scripts/zm/zm_expanded.csc,7153,48911c6eda2872436c834ba4af308b5986611c420ed6162abb9b84a908c3acd2,
17,script,maps/mp/zombies/_zm_perk_divetonuke.gsc,dumped_embedded,fastfiles/mod/assets/maps/mp/zombies/_zm_perk_divetonuke.gsc,7746,3ca85da0c34e7837b70febe675301f646f4fd34c4ffdfe4ae558da0a468194d3,
18,script,scripts/zm/_fire_sale.gsc,dumped_embedded,fastfiles/mod/assets/scripts/zm/_fire_sale.gsc,286,0d74167cee2e653ea1e8bd70af0b3c6e961ff538a68ca2202124d8072ec23ca9,
19,script,scripts/zm/clientfield_alt_sys.csc,dumped_embedded,fastfiles/mod/assets/scripts/zm/clientfield_alt_sys.csc,2035,9aede441e5bc290c4249dcb413ed5f1689527f5adce57f768e1391f3e41f57fb,
20,script,scripts/zm/clientfield_alt_sys.gsc,dumped_embedded,fastfiles/mod/assets/scripts/zm/clientfield_alt_sys.gsc,2727,8d3f6f742cd451e7403e1ae5292f1c55ca6b6603d9afa0fc24f1716f2e2e7a0f,
21,script,sys.gsc,dumped_embedded,fastfiles/mod/assets/sys.gsc,10409,0fc6f0c58affc44cacebb219e68cde85ea43623a926a3f74f3a33ce32dfd6efd,
22,script,pluto_sys.gsc,dumped_embedded,fastfiles/mod/assets/pluto_sys.gsc,9898,81a97ab89785ad81d895f6db05831809dca69f1dbf7a84693826f255000e0e90,
23,script,maps/mp/zombies/_zm_score.gsc,dumped_embedded,fastfiles/mod/assets/maps/mp/zombies/_zm_score.gsc,11008,999e07bf00a058f0f8365ace67976e332a25f1017286c3ba018efc5498441ae7,
24,script,clientscripts/mp/zombies/_zm_score.csc,dumped_embedded,fastfiles/mod/assets/clientscripts/mp/zombies/_zm_score.csc,1510,d9c860c58e92012fb41bbc648d6fbebb2ad02ce04e1079176b89b2cd409dc4a2,
25,script,scripts/zm/zm_transit/anims_traverse.gsc,dumped_embedded,fastfiles/mod/assets/scripts/zm/zm_transit/anims_traverse.gsc,1123,56bdb2bc50ef60714b00bc253f6b6bfc22047d9c9b1a27e24b128373a29fe73d,
26,script,scripts/zm/zm_nuked/anims_traverse.gsc,dumped_embedded,fastfiles/mod/assets/scripts/zm/zm_nuked/anims_traverse.gsc,1424,006bcf4e07c3b1557b33969c3ceafe9e3e4baac9d26f67f48564cd005e33072c,
27,script,scripts/zm/zm_highrise/anims_traverse.gsc,dumped_embedded,fastfiles/mod/assets/scripts/zm/zm_highrise/anims_traverse.gsc,1427,dec6f7918b85e0b79ba6844f28c285258f15e37f6b8b1a3143f6863077e1632d,
28,script,scripts/zm/zm_prison/anims_traverse.gsc,dumped_embedded,fastfiles/mod/assets/scripts/zm/zm_prison/anims_traverse.gsc,1427,f0fa656e989d62cbb0ee60750445c4a6f2e231de4fcd9dbf05408081fa3bed73,
29,script,scripts/zm/zm_buried/anims_traverse.gsc,dumped_embedded,fastfiles/mod/assets/scripts/zm/zm_buried/anims_traverse.gsc,1425,44018ff656302282c512397dd18c2439c8f436b05a9cf822d1026c8485daf31f,
30,script,scripts/zm/zm_tomb/anims_traverse.gsc,dumped_embedded,fastfiles/mod/assets/scripts/zm/zm_tomb/anims_traverse.gsc,1045,9be62e21426ebe6b6e7a556d7c2fefc1868167de79cf7fe96e988e0e6f31b764,
31,script,scripts/zm/MultiPaPV9_AAT_MODS.csc,dumped_embedded,fastfiles/mod/assets/scripts/zm/MultiPaPV9_AAT_MODS.csc,4275,25a8f884f023452a3327a4b41d352be44e7db0ad0413bf58076d9548a8ca0388,
32,script,scripts/zm/thundergun.gsc,dumped_embedded,fastfiles/mod/assets/scripts/zm/thundergun.gsc,704,1f630f70d9b5741887ec35ae56fdbe1a3aaeecbc2a929d5bf6a6182e523af369,
33,script,scripts/zm/zm_transit/anims_thundergun.gsc,dumped_embedded,fastfiles/mod/assets/scripts/zm/zm_transit/anims_thundergun.gsc,1507,be32ad78bac92f7cc3db01b2ac2997e6e2728b437dc8f433e91fb547f270213a,
34,script,scripts/zm/zm_nuked/anims_thundergun.gsc,dumped_embedded,fastfiles/mod/assets/scripts/zm/zm_nuked/anims_thundergun.gsc,1505,6ad2c522db283d82f54adf74b76cd2ec9cadebf6f3a41f06a20f58a247120c58,
35,script,scripts/zm/zm_highrise/anims_thundergun.gsc,dumped_embedded,fastfiles/mod/assets/scripts/zm/zm_highrise/anims_thundergun.gsc,1508,518e39e6c04c312317763f5dacf2bb7b24935f73047202a794104cf69889ea07,
36,script,scripts/zm/zm_prison/anims_thundergun.gsc,dumped_embedded,fastfiles/mod/assets/scripts/zm/zm_prison/anims_thundergun.gsc,1506,eea4534b17b429870cbf0e3935e4b93ec15736327dcc3280484de9a53e9c4d72,
37,script,scripts/zm/zm_buried/anims_thundergun.gsc,dumped_embedded,fastfiles/mod/assets/scripts/zm/zm_buried/anims_thundergun.gsc,1506,276b20bf7f3701396613a75a2d64f150437a9d77814aef060b543f6f0d6909c0,
38,script,scripts/zm/freeze.gsc,dumped_embedded,fastfiles/mod/assets/scripts/zm/freeze.gsc,621,001079535f342858bf2f8966e98970f3d374fb3ae9782fdbe7acfd596a5b6fbc,
39,script,scripts/zm/zm_nuked/anims_freeze.gsc,dumped_embedded,fastfiles/mod/assets/scripts/zm/zm_nuked/anims_freeze.gsc,498,9039552926b84c81f025c682ec1e4f307cfe8444a2ee9f00f2e429c5cc003a5a,
40,script,scripts/zm/zm_transit/anims_freeze.gsc,dumped_embedded,fastfiles/mod/assets/scripts/zm/zm_transit/anims_freeze.gsc,500,996ab7134c6c9311fee9305f2f40f92c3015f265a10b2ab58b88179caba2a151,
41,script,scripts/zm/slipgun.gsc,dumped_embedded,fastfiles/mod/assets/scripts/zm/slipgun.gsc,722,76f58ab6c407d76cc04553d2f3ab0a373438d63d94b33f0f326abbac1bdb0946,
42,script,scripts/zm/zm_transit/anims_slipgun.gsc,dumped_embedded,fastfiles/mod/assets/scripts/zm/zm_transit/anims_slipgun.gsc,705,eaffb93c7d50869df406b829ebfd99f91e3f8dd7613d625592267913e7a9d22b,
43,script,scripts/zm/zm_nuked/anims_slipgun.gsc,dumped_embedded,fastfiles/mod/assets/scripts/zm/zm_nuked/anims_slipgun.gsc,703,82693a88a3032908023eae3a64c5fa028e07a0f6e01ffafcf6b90397f88b6c83,
44,script,scripts/zm/zm_nuked/anims_dog.gsc,dumped_embedded,fastfiles/mod/assets/scripts/zm/zm_nuked/anims_dog.gsc,1818,0b7e7ef5004fbead833e0bf00239ef0e569c4a6fc1385f2287441aa680edfe2d,
45,script,scripts/zm/zm_transit/anims_dog.gsc,dumped_embedded,fastfiles/mod/assets/scripts/zm/zm_transit/anims_dog.gsc,1984,edee5aa388c86aa802c2abb0b8222667cf1e588f40ded60019ffbf086578e318,
46,script,scripts/zm/zm_transit/dogs_enabled.csc,dumped_embedded,fastfiles/mod/assets/scripts/zm/zm_transit/dogs_enabled.csc,1322,d7c6cb878f6d9245729ad7b8996470a867f55e6d504421ec69fec78d0d71945a,
47,script,scripts/zm/intervention.gsc,dumped_embedded,fastfiles/mod/assets/scripts/zm/intervention.gsc,491,7826bf006910047528dae37334deed828c2ec5f3c8e549274f279cb982d039bd,
48,script,scripts/zm/kar98k.gsc,dumped_embedded,fastfiles/mod/assets/scripts/zm/kar98k.gsc,445,5f9ba5c55b657b44571f26bc83ea64d28cfdefa20e1a87fde2ae9fb82ba0c6ae,
49,script,scripts/zm/insas.gsc,dumped_embedded,fastfiles/mod/assets/scripts/zm/insas.gsc,427,469dfafb163b38fd7171ec9c838c1d71077821b24fd88a855d923f3cd3dbba55,
50,script,scripts/zm/spas.gsc,dumped_embedded,fastfiles/mod/assets/scripts/zm/spas.gsc,495,15936867a7f644d0bc3761b92ed5a9a2af9838e8af024c457dd50d2928ed89e5,
51,script,scripts/zm/zm_transit/zm_transit.gsc,dumped_embedded,fastfiles/mod/assets/scripts/zm/zm_transit/zm_transit.gsc,11577,0c9e3089e6c3898f3f0d21feb961cd2c77592b0a3c159fdc506751ea44732297,
52,script,scripts/zm/zm_nuked/zm_nuked.gsc,dumped_embedded,fastfiles/mod/assets/scripts/zm/zm_nuked/zm_nuked.gsc,21215,6c1edf8b3970dc892662429e8b90fe879801d3c9c64ff353eeab3afbb4d7bc52,
53,script,scripts/zm/zm_highrise/zm_highrise.gsc,dumped_embedded,fastfiles/mod/assets/scripts/zm/zm_highrise/zm_highrise.gsc,19987,5233b8b8eeae0f59ea9b6e36032018b8a8d36c496fb1cd50530d3e080453deb2,
54,script,scripts/zm/zm_prison/zm_prison.gsc,dumped_embedded,fastfiles/mod/assets/scripts/zm/zm_prison/zm_prison.gsc,6772,d238360fa4cc94bb8cd163d807b94e5c9e1a70b1e38571763a18b699aaa297d0,
55,script,scripts/zm/zm_buried/zm_buried.gsc,dumped_embedded,fastfiles/mod/assets/scripts/zm/zm_buried/zm_buried.gsc,5486,f2f7b126714c8e248b33f1c191c50b60a5bebddafeb795fdacb3dd08bd42b841,
56,script,scripts/zm/zm_tomb/zm_tomb.gsc,dumped_embedded,fastfiles/mod/assets/scripts/zm/zm_tomb/zm_tomb.gsc,4525,732bec930255e345506cabee2a5b3d7759189a05170a1747ac4df62709e339f8,
57,script,scripts/zm/zm_expanded.gsc,dumped_embedded,fastfiles/mod/assets/scripts/zm/zm_expanded.gsc,21783,6bf78df4442f6c0b946da0d6850286a51c4f2fa42db3342dd2a426ea38832eb1,
58,script,maps/mp/zombies/_zm_weapons.gsc,dumped_embedded,fastfiles/mod/assets/maps/mp/zombies/_zm_weapons.gsc,86884,f0bef8bc0324b4ddf6167461e4c26493513fa11b39d9df6d2690c93af608dd23,
59,script,maps/mp/zombies/_zm_utility.gsc,dumped_embedded,fastfiles/mod/assets/maps/mp/zombies/_zm_utility.gsc,133872,f0228013457982e166bf2dc59c992bc063201a13daa560bff208d694f4ba1ed1,
60,script,maps/mp/zombies/_zm_weap_staff_fire.gsc,dumped_embedded,fastfiles/mod/assets/maps/mp/zombies/_zm_weap_staff_fire.gsc,12979,eb0a30f2e494c606f605ada1a9c1c5bd3fa01d331889022f13620ba88b7dab93,
61,script,maps/mp/zombies/_zm_weap_staff_water.gsc,dumped_embedded,fastfiles/mod/assets/maps/mp/zombies/_zm_weap_staff_water.gsc,13746,531baf1cb14cb8d80941a4973db56f331afe1e3ebc38a11e1dc51129a92e75e2,
62,script,maps/mp/zm_tomb_capture_zones.gsc,dumped_embedded,fastfiles/mod/assets/maps/mp/zm_tomb_capture_zones.gsc,82021,434ea3d4cc4c9d7e8f704618fe58415d3ee4c70ed7e41d740656c7fba88244fd,
63,script,maps/mp/zm_tomb_giant_robot.gsc,dumped_embedded,fastfiles/mod/assets/maps/mp/zm_tomb_giant_robot.gsc,75660,b7e82cc81cdab9c92518ac96320744fdd836ebdc5f9287c09ceb12b966ffec77,
64,script,maps/mp/zm_tomb_tank.gsc,dumped_embedded,fastfiles/mod/assets/maps/mp/zm_tomb_tank.gsc,51847,5510d0b76bab29ef6b0ddfede458e1fedf5fcb0408531a57e1d6e6f4fdafa37f,
65,script,maps/mp/zm_tomb_utility.gsc,dumped_embedded,fastfiles/mod/assets/maps/mp/zm_tomb_utility.gsc,51935,2606789f67f3cb698203009f6ee2fd4d5764b79e96555ee519048242564a7db8,
66,techniqueset,mc_lit_sm_r0c0s0_986ezzjq,inventory,,,,
67,image,~~-gmetal_gold_s-rgb&~-rmetal~0bd5e479,inventory,,,,
68,image,",$identitynormalmap",inventory,,,,
69,image,~-gmetal_gold_c,inventory,,,,
70,material,mc/mtl_x2icon_gold,inventory,,,,
71,xmodel,zombie_firesale,inventory,,,,
72,image,specialty_firesale_zombies,inventory,,,,
73,techniqueset,",trivial_9z33feqw",inventory,,,,
74,material,specialty_firesale_zombies,inventory,,,,
75,attachment,dualclip,inventory,,,,
76,attachment,rangefinder,inventory,,,,
77,attachment,mms,inventory,,,,
78,attachment,reflex,inventory,,,,
79,attachment,is,inventory,,,,
80,attachment,grip,inventory,,,,
81,attachment,acog,inventory,,,,
82,attachment,sf,inventory,,,,
83,attachment,vzoom,inventory,,,,
84,attachment,gl,inventory,,,,
85,attachment,longbreath,inventory,,,,
86,attachment,dualoptic,inventory,,,,
87,attachment,extbarrel,inventory,,,,
88,attachment,silencer,inventory,,,,
89,attachment,extclip,inventory,,,,
90,image,",camo_off_solid",inventory,,,,
91,image,",camo_off_pattern",inventory,,,,
92,image,t6_camo_devgru_solid,inventory,,,,
93,image,t6_camo_devgru_pattern,inventory,,,,
94,image,t6_camo_atacs_solid,inventory,,,,
95,image,t6_camo_atacs_pattern,inventory,,,,
96,image,t6_camo_erdl_solid,inventory,,,,
97,image,t6_camo_erdl_pattern,inventory,,,,
98,image,t6_camo_siberia_solid,inventory,,,,
99,image,t6_camo_siberia_pattern,inventory,,,,
100,image,t6_camo_choco_solid,inventory,,,,
101,image,t6_camo_choco_pattern,inventory,,,,
102,image,t6_camo_tiger_blue_solid,inventory,,,,
103,image,t6_camo_tiger_blue_pattern,inventory,,,,
104,image,t6_camo_bloodshot_solid,inventory,,,,
105,image,t6_camo_bloodshot_pattern,inventory,,,,
106,image,t6_camo_ghostex_delta6_solid,inventory,,,,
107,image,t6_camo_ghostex_delta6_pattern,inventory,,,,
108,image,t6_camo_kryptek_typhon_solid,inventory,,,,
109,image,t6_camo_kryptek_typhon_pattern,inventory,,,,
110,image,t6_camo_blossom_solid,inventory,,,,
111,image,t6_camo_blossom_pattern,inventory,,,,
112,image,t6_camo_artofwar_solid,inventory,,,,
113,image,t6_camo_artofwar_pattern,inventory,,,,
114,image,t6_camo_ronin_solid,inventory,,,,
115,image,t6_camo_ronin_pattern,inventory,,,,
116,image,t6_camo_skulls_solid,inventory,,,,
117,image,t6_camo_skulls_pattern,inventory,,,,
118,image,dark_grey_swatch,inventory,,,,
119,image,t6_camo_bo2collectors_pattern,inventory,,,,
120,image,t6_camo_elite_solid,inventory,,,,
121,image,t6_camo_elite_pattern,inventory,,,,
122,image,t6_camo_viper_pattern,inventory,,,,
123,image,t6_camo_mango_pattern,inventory,,,,
124,image,t6_camo_ukpunk_solid,inventory,,,,
125,image,t6_camo_ukpunk_pattern,inventory,,,,
126,image,t6_camo_benjamins_solid,inventory,,,,
127,image,t6_camo_benjamins_pattern,inventory,,,,
128,image,t6_camo_dayofdead_solid,inventory,,,,
129,image,t6_camo_dayofdead_pattern,inventory,,,,
130,image,t6_camo_graffiti_solid,inventory,,,,
131,image,t6_camo_graffiti_pattern,inventory,,,,
132,image,t6_camo_kawaii_solid,inventory,,,,
133,image,t6_camo_kawaii_pattern,inventory,,,,
134,image,t6_camo_partyrock_solid,inventory,,,,
135,image,t6_camo_partyrock_pattern,inventory,,,,
136,image,t6_camo_zombies_solid,inventory,,,,
137,image,t6_camo_zombies_pattern,inventory,,,,
138,image,t6_camo_nevada_solid,inventory,,,,
139,image,t6_camo_nevada_pattern,inventory,,,,
140,image,t6_camo_sahara_solid,inventory,,,,
141,image,t6_camo_sahara_pattern,inventory,,,,
142,image,t6_camo_urban_russia_solid,inventory,,,,
143,image,t6_camo_urban_russia_pattern,inventory,,,,
144,image,t6_camo_flecktarn_solid,inventory,,,,
145,image,t6_camo_flecktarn_pattern,inventory,,,,
146,image,t6_camo_flora_solid,inventory,,,,
147,image,t6_camo_flora_pattern,inventory,,,,
148,image,t6_camo_tiger_jungle_solid,inventory,,,,
149,image,t6_camo_tiger_jungle_pattern,inventory,,,,
150,image,t6_camo_comic_alt_col,inventory,,,,
151,image,camo_comic_col,inventory,,,,
152,image,camo_mtx3_aqua_pat,inventory,,,,
153,image,camo_mtx3_breach_pat,inventory,,,,
154,image,camo_mtx3_coyote_pat,inventory,,,,
155,image,camo_mtx3_zulu_pat,inventory,,,,
156,image,camo_mtx3_massacre_pat,inventory,,,,
157,techniqueset,mc_lit_sm_r0c0n0s0o0_3z86zq2z,inventory,,,,
158,image,~~-gmtl_t6_attach_optic_acog_~03362225,inventory,,,,
159,image,mtl_t6_attach_optic_acog_nml,inventory,,,,
160,image,~mtl_t6_attach_optic_acog_ao-~a72c2698,inventory,,,,
161,image,~-gmtl_t6_attach_optic_acog_col,inventory,,,,
162,techniqueset,mc_sw4_3d_thermal_weapon_e4q357fj,inventory,,,,
163,image,",thermal_gradient2",inventory,,,,
164,image,~mtl_t6_attach_optic_acog_ir-~7e71dd1a,inventory,,,,
165,image,",sw_radiant_default",inventory,,,,
166,material,mc/mtl_t6_attach_optic_acog_thermal,inventory,,,,
167,material,mc/mtl_t6_attach_optic_acog_camo1,inventory,,,,
168,techniqueset,mc_sw4_3d_weapon_camo_anim_glow_930950j2,inventory,,,,
169,image,camo_cyberpunk_glow,inventory,,,,
170,image,camo_cybertron_nml,inventory,,,,
171,image,~-gcamo_code_spc,inventory,,,,
172,image,camo_cyberpunk_reveal,inventory,,,,
173,image,camo_code_nml,inventory,,,,
174,image,~~-gcamo_cyberpunk_spc-rgb&~-~d9768188,inventory,,,,
175,image,~-gcamo_cyberpunk_col,inventory,,,,
176,image,camo_cyberpunk_heat,inventory,,,,
177,material,camo/camo_cyberpunk/mtl_weapon_camo_cyberpunk,inventory,,,,
178,material,mc/mtl_t6_attach_optic_acog_camo2,inventory,,,,
179,material,mc/mtl_t6_attach_optic_acog,inventory,,,,
180,image,camo_crystallize_ember,inventory,,,,
181,image,camo_crystallize_nml,inventory,,,,
182,image,camo_crystallize_reveal,inventory,,,,
183,image,~~-gcamo_crystallize_spc-rgb&~-~d9768188,inventory,,,,
184,image,~-gcamo_crystallize_col,inventory,,,,
185,image,camo_crystallize_heat,inventory,,,,
186,material,camo/camo_crystallize/mtl_weapon_camo_crystallize,inventory,,,,
187,techniqueset,mc_sw4_3d_weapon_camo_3layer_w1w78372,inventory,,,,
188,image,mtl_t6_wpn_zmb_staff_crystal_nml,inventory,,,,
189,image,~~-gmtl_t6_wpn_zmb_staff_crystal_camo_e_azul,inventory,,,,
190,image,~~-gmtl_t6_wpn_zmb_staff_cryst~95c3e639_branco,inventory,,,,
191,image,~~-gmtl_t6_wpn_zmb_staff_cryst~5094c494_branco,inventory,,,,
192,material,camo/crystal_azul/mtl_weapon_camo_zmb_crystal_azul,inventory,,,,
193,image,camo_zmb_bx7_ember,inventory,,,,
194,image,camo_zmb_bx7_nml,inventory,,,,
195,image,camo_zmb_bx7_reveal,inventory,,,,
196,image,~~-gcamo_zmb_bx7_spc-rgb&~-r~471adc2c,inventory,,,,
197,image,~-gcamo_zmb_bx7_col,inventory,,,,
198,image,camo_zmb_bx7_heat,inventory,,,,
199,material,camo/camo_bx7/mtl_weapon_camo_bx7,inventory,,,,
200,image,t6_mtl_camo_darkmatter_ember,inventory,,,,
201,image,camo_darkmatter_nml,inventory,,,,
202,image,camo_darkmatter_reveal,inventory,,,,
203,image,~~-gcamo_darkmatter_spc-rgb&~-rca~6d23e47b,inventory,,,,
204,image,~-gcamo_darkmatter_col,inventory,,,,
205,image,t6_mtl_camo_darkmatter_heat,inventory,,,,
206,material,camo/camo_darkmatter/mtl_weapon_camo_darkmatter,inventory,,,,
207,image,t6_mtl_camo_interstellar_ember,inventory,,,,
208,image,camo_interstellar_nml,inventory,,,,
209,image,camo_interstellar_reveal,inventory,,,,
210,image,~~-gcamo_interstellar_spc-rgb&~-rca~6d23e47b,inventory,,,,
211,image,~-gcamo_interstellar_col,inventory,,,,
212,image,t6_mtl_camo_interstellar_heat,inventory,,,,
213,material,camo/camo_interstellar/mtl_weapon_camo_interstellar,inventory,,,,
214,image,camo_lightning_glow,inventory,,,,
215,image,camo_lightning_nml,inventory,,,,
216,image,camo_lightning_reveal,inventory,,,,
217,image,~~-gcamo_lightning_spc-rgb&~-~d9768188,inventory,,,,
218,image,~-gcamo_lightning_col,inventory,,,,
219,image,camo_cybertron_heat,inventory,,,,
220,material,camo/camo_lightning/mtl_weapon_camo_lightning,inventory,,,,
221,image,camo_dragon_ember,inventory,,,,
222,image,camo_dragon_nml,inventory,,,,
223,image,camo_dragon_reveal,inventory,,,,
224,image,~~-gcamo_dragon_spc-rgb&~-rca~6d23e47b,inventory,,,,
225,image,~-gcamo_dragon_col,inventory,,,,
226,image,camo_dragon_heat,inventory,,,,
227,material,camo/camo_dragon/mtl_weapon_camo_dragon,inventory,,,,
228,image,camo_blueice_glow,inventory,,,,
229,image,camo_blueice_nml,inventory,,,,
230,image,camo_blueice_reveal,inventory,,,,
231,image,~~-gcamo_blueice_spc-rgb&~-~d9768188,inventory,,,,
232,image,~-gcamo_blueice_col,inventory,,,,
233,image,camo_blueice_heat,inventory,,,,
234,material,camo/camo_blueice/mtl_weapon_camo_blueice,inventory,,,,
235,image,camo_blue_ember,inventory,,,,
236,image,camo_blue_nml,inventory,,,,
237,image,camo_blue_reveal,inventory,,,,
238,image,~~-gcamo_blue_spc-rgb&~-rca~6d23e47b,inventory,,,,
239,image,~-gcamo_blue_col,inventory,,,,
240,image,camo_blue_heat,inventory,,,,
241,material,camo/camo_blue/mtl_weapon_camo_blue,inventory,,,,
242,image,camo_zmb_vip_ember,inventory,,,,
243,image,camo_zmb_vip_nml,inventory,,,,
244,image,camo_zmb_vip_reveal,inventory,,,,
245,image,~~-gcamo_zmb_vip_spc-rgb&~-r~471adc2c,inventory,,,,
246,image,~-gcamo_zmb_vip_col,inventory,,,,
247,image,camo_zmb_vip_heat,inventory,,,,
248,material,camo/camo_vip/mtl_weapon_camo_vip,inventory,,,,
249,image,camo_zmb_gold_ember,inventory,,,,
250,image,camo_zmb_gold_nml,inventory,,,,
251,image,camo_zmb_gold_reveal,inventory,,,,
252,image,~~-gcamo_zmb_gold_spc-rgb&~-r~471adc2c,inventory,,,,
253,image,~-gcamo_zmb_gold_col,inventory,,,,
254,image,camo_zmb_gold_heat,inventory,,,,
255,material,camo/camo_gold/mtl_weapon_camo_gold,inventory,,,,
256,image,camo_zmb_psychodelic_ember,inventory,,,,
257,image,camo_zmb_psychodelic_nml,inventory,,,,
258,image,camo_zmb_psychodelic_reveal,inventory,,,,
259,image,~~-gcamo_zmb_psychodelic_spc-rgb&~-r~471adc2c,inventory,,,,
260,image,~-gcamo_zmb_psychodelic_col,inventory,,,,
261,image,camo_zmb_psychodelic_heat,inventory,,,,
262,material,camo/camo_psychodelic/mtl_weapon_camo_psychodelic,inventory,,,,
263,image,camo_zmb_bo1_ember,inventory,,,,
264,image,camo_zmb_bo1_nml,inventory,,,,
265,image,camo_zmb_bo1_reveal,inventory,,,,
266,image,~~-gcamo_zmb_bo1_spc-rgb&~-r~471adc2c,inventory,,,,
267,image,~-gcamo_zmb_bo1_col,inventory,,,,
268,image,camo_zmb_bo1_heat,inventory,,,,
269,material,camo/camo_bo1/mtl_weapon_camo_bo1,inventory,,,,
270,image,camo_zmb_purpleroyalty_ember,inventory,,,,
271,image,camo_zmb_purpleroyalty_nml,inventory,,,,
272,image,camo_zmb_purpleroyalty_reveal,inventory,,,,
273,image,~~-gcamo_zmb_purpleroyalty_spc-rgb&~-r~471adc2c,inventory,,,,
274,image,~-gcamo_zmb_purpleroyalty_col,inventory,,,,
275,image,camo_zmb_purpleroyalty_heat,inventory,,,,
276,material,camo/camo_purpleroyalty/mtl_weapon_camo_purpleroyalty,inventory,,,,
277,image,camo_zmb_blossom_ember,inventory,,,,
278,image,camo_zmb_blossom_nml,inventory,,,,
279,image,camo_zmb_blossom_reveal,inventory,,,,
280,image,~~-gcamo_zmb_blossom_spc-rgb&~-r~471adc2c,inventory,,,,
281,image,~-gcamo_zmb_blossom_col,inventory,,,,
282,image,camo_zmb_blossom_heat,inventory,,,,
283,material,camo/camo_blossom/mtl_weapon_camo_blossom,inventory,,,,
284,image,camo_zmb_dragonscale_ember,inventory,,,,
285,image,camo_zmb_dragonscale_nml,inventory,,,,
286,image,camo_zmb_dragonscale_reveal,inventory,,,,
287,image,~~-gcamo_zmb_dragonscale_spc-rgb&~-r~471adc2c,inventory,,,,
288,image,~-gcamo_zmb_dragonscale_col,inventory,,,,
289,image,camo_zmb_dragonscale_heat,inventory,,,,
290,material,camo/camo_dragonscale/mtl_weapon_camo_dragonscale,inventory,,,,
291,image,camo_zmb_mystic_ember,inventory,,,,
292,image,camo_zmb_mystic_nml,inventory,,,,
293,image,camo_zmb_mystic_reveal,inventory,,,,
294,image,~~-gcamo_zmb_mystic_spc-rgb&~-r~471adc2c,inventory,,,,
295,image,~-gcamo_zmb_mystic_col,inventory,,,,
296,image,camo_zmb_mystic_heat,inventory,,,,
297,material,camo/camo_mystic/mtl_weapon_camo_mystic,inventory,,,,
298,image,camo_zmb_cosmic_ember,inventory,,,,
299,image,camo_zmb_cosmic_nml,inventory,,,,
300,image,camo_zmb_cosmic_reveal,inventory,,,,
301,image,~~-gcamo_zmb_cosmic_spc-rgb&~-r~471adc2c,inventory,,,,
302,image,~-gcamo_zmb_cosmic_col,inventory,,,,
303,image,camo_zmb_cosmic_heat,inventory,,,,
304,material,camo/camo_cosmic/mtl_weapon_camo_cosmic,inventory,,,,
305,image,camo_zmb_blast_ember,inventory,,,,
306,image,camo_zmb_blast_nml,inventory,,,,
307,image,camo_zmb_blast_reveal,inventory,,,,
308,image,~~-gcamo_zmb_blast_spc-rgb&~-r~471adc2c,inventory,,,,
309,image,~-gcamo_zmb_blast_col,inventory,,,,
310,image,camo_zmb_blast_heat,inventory,,,,
311,material,camo/camo_blast/mtl_weapon_camo_blast,inventory,,,,
312,image,camo_zmb_cherryfizz_ember,inventory,,,,
313,image,camo_zmb_cherryfizz_nml,inventory,,,,
314,image,camo_zmb_cherryfizz_reveal,inventory,,,,
315,image,~~-gcamo_zmb_cherryfizz_spc-rgb&~-r~471adc2c,inventory,,,,
316,image,~-gcamo_zmb_cherryfizz_col,inventory,,,,
317,image,camo_zmb_cherryfizz_heat,inventory,,,,
318,material,camo/camo_cherryfizz/mtl_weapon_camo_cherryfizz,inventory,,,,
319,image,staff_coldwar_nml,inventory,,,,
320,image,staff_coldwar_col,inventory,,,,
321,image,staff_coldwar_layer1,inventory,,,,
322,image,staff_coldwar_layer2,inventory,,,,
323,material,camo/camo_coldwar/mtl_weapon_camo_coldwar,inventory,,,,
324,camo,camo_acog,inventory,,,,
325,techniqueset,mc_lit_sm_r0c0n0s0o0_909j993q,inventory,,,,
326,image,~~-gmtl_t6_attach_optic_kobra~89eb6d82,inventory,,,,
327,image,mtl_t6_attach_optic_kobra_nml,inventory,,,,
328,image,~mtl_t6_attach_optic_kobra_ao~6cc1579a,inventory,,,,
329,image,~-gmtl_t6_attach_optic_kobra_col,inventory,,,,
330,material,mc/mtl_t6_attach_optic_kobra,inventory,,,,
331,camo,camo_kobra,inventory,,,,
332,image,~~-gmtl_t6_attach_optic_mms_s~31008161,inventory,,,,
333,image,mtl_t6_attach_optic_mms_nml,inventory,,,,
334,image,~mtl_t6_attach_optic_mms_ao-l~53a1b274,inventory,,,,
335,image,~-gmtl_t6_attach_optic_mms_col,inventory,,,,
336,image,~mtl_t6_attach_optic_mms_ir-r~6ba407de,inventory,,,,
337,material,mc/mtl_t6_attach_optic_mms_thermal,inventory,,,,
338,material,mc/mtl_t6_attach_optic_mms,inventory,,,,
339,material,mc/mtl_t6_attach_optic_mms_camo1,inventory,,,,
340,camo,camo_mms,inventory,,,,
341,image,~~-gmtl_t6_attach_optic_80s_v~57eb121d,inventory,,,,
342,image,mtl_t6_attach_optic_80s_vzoom_nml,inventory,,,,
343,image,~mtl_t6_attach_optic_80s_vzoo~4433d5f6,inventory,,,,
344,image,~-gmtl_t6_attach_optic_80s_vzoom_col,inventory,,,,
345,material,mc/mtl_t6_attach_optic_80s_vzoom,inventory,,,,
346,camo,camo_vzoom_80s,inventory,,,,
347,image,~~-gmtl_t6_attach_optic_aimpo~db82b3c5,inventory,,,,
348,image,mtl_t6_attach_optic_aimpoint_nml,inventory,,,,
349,image,~mtl_t6_attach_optic_aimpoint~b176704f,inventory,,,,
350,image,~-gmtl_t6_attach_optic_aimpoint_col,inventory,,,,
351,image,camo_off_01,inventory,,,,
352,material,mc/mtl_t6_attach_optic_aimpoint,inventory,,,,
353,camo,camo_aimpoint,inventory,,,,
354,image,~~-gmtl_t6_attach_optic_refle~c895dc97,inventory,,,,
355,image,mtl_t6_attach_optic_reflex_nml,inventory,,,,
356,image,~mtl_t6_attach_optic_reflex_a~5d3a105a,inventory,,,,
357,image,~-gmtl_t6_attach_optic_reflex_col,inventory,,,,
358,image,~mtl_t6_attach_optic_reflex_i~96521938,inventory,,,,
359,material,mc/mtl_t6_attach_optic_reflex_thermal,inventory,,,,
360,material,mc/mtl_t6_attach_optic_reflex,inventory,,,,
361,material,mc/mtl_t6_attach_optic_reflex_camo1,inventory,,,,
362,image,weapon_camo_neutral,inventory,,,,
363,material,mc/mtl_t6_attach_optic_reflex_camo2,inventory,,,,
364,camo,camo_reflex,inventory,,,,
365,image,~~-gmtl_t6_attach_optic_range~804f8125,inventory,,,,
366,image,mtl_t6_attach_optic_rangefinder_nml,inventory,,,,
367,image,~mtl_t6_attach_optic_rangefin~9d0fe5c9,inventory,,,,
368,image,~-gmtl_t6_attach_optic_rangefinder_col,inventory,,,,
369,image,~mtl_t6_attach_optic_rangefin~3fafeeb7,inventory,,,,
370,material,mc/mtl_t6_attach_optic_rangefinder_thermal,inventory,,,,
371,material,mc/mtl_t6_attach_optic_rangefinder_camo1,inventory,,,,
372,image,~mtl_t6_attach_optic_rangefin~1da34bd4,inventory,,,,
373,material,mc/mtl_t6_attach_optic_rangefinder_ads,inventory,,,,
374,material,mc/mtl_t6_attach_optic_rangefinder_camo2,inventory,,,,
375,camo,camo_targetfinder,inventory,,,,
376,image,~~-gmtl_t6_attach_optic_combo~bc3c1b55,inventory,,,,
377,image,mtl_t6_attach_optic_combo_nml,inventory,,,,
378,image,~mtl_t6_attach_optic_combo_ao~fcaffea3,inventory,,,,
379,image,~-gmtl_t6_attach_optic_combo_col,inventory,,,,
380,image,~mtl_t6_attach_optic_combo_ir~11ddeb86,inventory,,,,
381,material,mc/mtl_t6_attach_optic_combo_thermal,inventory,,,,
382,material,mc/mtl_t6_attach_optic_combo_camo1,inventory,,,,
383,material,mc/mtl_t6_attach_optic_combo_camo2,inventory,,,,
384,material,mc/mtl_t6_attach_optic_combo,inventory,,,,
385,camo,camo_hybrid,inventory,,,,
386,image,camo_mtx4_octane_alt,inventory,,,,
387,image,camo_mtx4_octane_pat,inventory,,,,
388,image,camo_mtx4_tiger_alt,inventory,,,,
389,image,camo_mtx4_tiger_pat,inventory,,,,
390,image,camo_mtx4_wanted_alt,inventory,,,,
391,image,camo_mtx4_wanted_pat,inventory,,,,
392,image,t6_camo_roxann_solid,inventory,,,,
393,image,t6_camo_roxann_col,inventory,,,,
394,image,~~-gmtl_t6_wpn_shield_spc-rgb~d1b701ab,inventory,,,,
395,image,mtl_t6_wpn_shield_nml,inventory,,,,
396,image,~mtl_t6_wpn_shield_ao-l&mtl_t~3fa72504,inventory,,,,
397,image,~-gmtl_t6_wpn_shield_col,inventory,,,,
398,techniqueset,mc_sw4_3d_thermal_w9wzw265,inventory,,,,
399,image,mtl_t6_wpn_shield_ir,inventory,,,,
400,material,mc/mtl_t6_wpn_shield_thermal,inventory,,,,
401,material,mc/mtl_t6_wpn_shield_camo1,inventory,,,,
402,material,mc/mtl_t6_wpn_shield_camo3,inventory,,,,
403,image,_mtl_t6_wpn_base_noheat_ir,inventory,,,,
404,material,mc/mtl_t6_wpn_shield_nodecal_thermal,inventory,,,,
405,material,mc/mtl_t6_wpn_shield_nodecal,inventory,,,,
406,material,mc/mtl_t6_wpn_shield,inventory,,,,
407,material,mc/mtl_t6_wpn_shield_camo2,inventory,,,,
408,techniqueset,mc_sw4_3d_weapon_camo_sparkles_11e55e22,inventory,,,,
409,image,camo_diamond_nml,inventory,,,,
410,image,diamond_noise,inventory,,,,
411,image,diamondnoiser,inventory,,,,
412,image,~~-gcamo_diamond_spc-rgb&~-rc~07c86b6a,inventory,,,,
413,material,mc/mtl_weapon_camo_diamond,inventory,,,,
414,material,mc/mtl_weapon_camo_diamond_1,inventory,,,,
415,techniqueset,mc_sw4_3d_weapon_camo_7q56e02q,inventory,,,,
416,image,camo_diamond_alt_nml,inventory,,,,
417,image,~~-gcamo_diamond_alt_spc-rgb&~f3ca3064,inventory,,,,
418,image,~-gcamo_diamond_alt_col,inventory,,,,
419,material,mc/mtl_weapon_camo_diamond_alt,inventory,,,,
420,material,mc/mtl_weapon_camo_diamond_alt_1,inventory,,,,
421,material,mc/mtl_weapon_camo_diamond_alt_2,inventory,,,,
422,image,camo_zmb_dlc2_ember,inventory,,,,
423,image,camo_zmb_dlc2_nml,inventory,,,,
424,image,camo_zmb_dlc2_reveal,inventory,,,,
425,image,~~-gcamo_zmb_dlc2_spc-rgb&~-r~471adc2c,inventory,,,,
426,image,~-gcamo_zmb_dlc2_col,inventory,,,,
427,image,camo_zmb_dlc2_heat,inventory,,,,
428,material,mc/mtl_weapon_camo_zmb_dlc2,inventory,,,,
429,material,mc/mtl_weapon_camo_zmb_dlc2_1,inventory,,,,
430,material,mc/mtl_weapon_camo_zmb_dlc2_2,inventory,,,,
431,image,camo_zmb_dlc2_alt_nml,inventory,,,,
432,image,~~-gcamo_zmb_dlc2_alt_spc-rgb~805ae131,inventory,,,,
433,image,~-gcamo_zmb_dlc2_alt_col,inventory,,,,
434,material,mc/mtl_weapon_camo_zmb_dlc2_alt,inventory,,,,
435,material,mc/mtl_weapon_camo_zmb_dlc2_alt_1,inventory,,,,
436,techniqueset,mc_sw4_3d_weapon_camo_glow_89e469z5,inventory,,,,
437,image,t6_camo_ghost_nml,inventory,,,,
438,image,~-gt6_camo_ghost_light,inventory,,,,
439,image,~~-gt6_camo_ghost_spc-rgb&~-r~a6787183,inventory,,,,
440,image,~-gt6_camo_ghost_col,inventory,,,,
441,material,mc/mtl_weapon_camo_ghost,inventory,,,,
442,material,mc/mtl_weapon_camo_ghost_1,inventory,,,,
443,material,mc/mtl_weapon_camo_ghost_2,inventory,,,,
444,image,camo_bacon_nml,inventory,,,,
445,image,~~-gcamo_bacon_spc-rgb&~-rcam~277c560d,inventory,,,,
446,image,~-gcamo_bacon_col,inventory,,,,
447,material,mc/mtl_weapon_camo_bacon,inventory,,,,
448,material,mc/mtl_weapon_camo_bacon_1,inventory,,,,
449,material,mc/mtl_weapon_camo_bacon_2,inventory,,,,
450,material,mc/mtl_weapon_camo_bacon_3,inventory,,,,
451,image,camo_bacon_alt_nml,inventory,,,,
452,image,~~-gcamo_bacon_alt_spc-rgb&~-~0a4bae18,inventory,,,,
453,image,~-gcamo_bacon_alt_col,inventory,,,,
454,material,mc/mtl_weapon_camo_bacon_alt,inventory,,,,
455,image,camo_armor_nml,inventory,,,,
456,image,~~-gcamo_armor_spc-rgb&~-rcam~44c3ef62,inventory,,,,
457,image,~-gcamo_armor_col,inventory,,,,
458,material,mc/mtl_weapon_camo_armor,inventory,,,,
459,image,camo_armor_alt_nml,inventory,,,,
460,image,~~-gcamo_armor_alt_spc-rgb&~-~ad819b32,inventory,,,,
461,image,~-gcamo_armor_alt_col,inventory,,,,
462,material,mc/mtl_weapon_camo_armor_alt,inventory,,,,
463,material,mc/mtl_weapon_camo_armor_alt_1,inventory,,,,
464,material,mc/mtl_weapon_camo_armor_alt_2,inventory,,,,
465,material,mc/mtl_weapon_camo_armor_alt_3,inventory,,,,
466,image,t6_camo_dayofdead_nml,inventory,,,,
467,image,~-gt6_camo_dayofdead_light,inventory,,,,
468,image,~~-gt6_camo_dayofdead_spc-rgb~c4e1f92b,inventory,,,,
469,image,~-gt6_camo_dayofdead_col,inventory,,,,
470,material,mc/mtl_weapon_camo_muertos,inventory,,,,
471,material,mc/mtl_weapon_camo_muertos_1,inventory,,,,
472,material,mc/mtl_weapon_camo_muertos_2,inventory,,,,
473,material,mc/mtl_weapon_camo_muertos_3,inventory,,,,
474,image,camo_gold_alt_nml,inventory,,,,
475,image,~~-gcamo_gold_alt_spc-rgb&~-r~543e1b2e,inventory,,,,
476,image,~-gcamo_gold_alt_col,inventory,,,,
477,material,mc/mtl_weapon_camo_gold_alt,inventory,,,,
478,image,camo_cybertron_glow,inventory,,,,
479,image,camo_cybertron_reveal,inventory,,,,
480,image,~~-gcamo_cybertron_spc-rgb&~-~d9768188,inventory,,,,
481,image,~-gcamo_cybertron_col,inventory,,,,
482,material,mc/mtl_weapon_camo_cybertron,inventory,,,,
483,material,mc/mtl_weapon_camo_gold_alt_1,inventory,,,,
484,material,mc/mtl_weapon_camo_gold_alt_2,inventory,,,,
485,material,mc/mtl_weapon_camo_gold_alt_3,inventory,,,,
486,image,camo_etching_nml,inventory,,,,
487,image,~~-gcamo_etching_spc-rgb&~-rc~773a77f7,inventory,,,,
488,image,~-gcamo_etching_col,inventory,,,,
489,material,mc/mtl_weapon_camo_etching,inventory,,,,
490,material,mc/mtl_weapon_camo_etching_1,inventory,,,,
491,material,mc/mtl_weapon_camo_etching_2,inventory,,,,
492,image,t6_mtl_camo_dragon_ember,inventory,,,,
493,image,t6_mtl_camo_dragon_heat,inventory,,,,
494,material,mc/mtl_weapon_camo_dragon,inventory,,,,
495,material,mc/mtl_weapon_camo_dragon_1,inventory,,,,
496,material,mc/mtl_weapon_camo_dragon_2,inventory,,,,
497,image,camo_dragon_alt_nml,inventory,,,,
498,image,t6_mtl_camo_dragon_reveal,inventory,,,,
499,image,~~-gcamo_dragon_alt_spc-rgb&~~94141a38,inventory,,,,
500,image,~-gcamo_dragon_alt_col,inventory,,,,
501,material,mc/mtl_weapon_camo_dragon_alt,inventory,,,,
502,material,mc/mtl_weapon_camo_dragon_alt_1,inventory,,,,
503,image,mtl_t6_wpn_toxic_camo_nml,inventory,,,,
504,image,~-gmtl_t6_wpn_toxic_camo_e,inventory,,,,
505,image,~-gmtl_t6_wpn_toxic_camo_col,inventory,,,,
506,image,~-gmtl_t6_wpn_toxic_camo_col2,inventory,,,,
507,material,mc/mtl_weapon_camo_toxic,inventory,,,,
508,material,mc/mtl_weapon_camo_toxic_1,inventory,,,,
509,material,mc/mtl_weapon_camo_toxic_2,inventory,,,,
510,image,camo_zmb_dlc4_alt_nml,inventory,,,,
511,image,~~-gcamo_zmb_dlc4_alt_spc-rgb~fc3ae34a,inventory,,,,
512,image,~-gcamo_zmb_dlc4_alt_col,inventory,,,,
513,material,mc/mtl_weapon_camo_zmb_dlc4_alt,inventory,,,,
514,image,camo_mystic_ember,inventory,,,,
515,image,camo_mystic_nml,inventory,,,,
516,image,camo_mystic_reveal,inventory,,,,
517,image,~~-gcamo_mystic_spc-rgb&~-rca~ea5bd130,inventory,,,,
518,image,~-gcamo_mystic_col,inventory,,,,
519,image,camo_mystic_heat,inventory,,,,
520,material,mc/mtl_weapon_camo_mystic,inventory,,,,
521,material,mc/mtl_weapon_camo_mystic_1,inventory,,,,
522,material,mc/mtl_weapon_camo_mystic_2,inventory,,,,
523,image,camo_mystic_alt_nml,inventory,,,,
524,image,~~-gcamo_mystic_alt_spc-rgb&~~3b63e876,inventory,,,,
525,image,~-gcamo_mystic_alt_col,inventory,,,,
526,material,mc/mtl_weapon_camo_mystic_alt,inventory,,,,
527,material,mc/mtl_weapon_camo_mystic_alt_1,inventory,,,,
528,camo,camo_riot_shield,inventory,,,,
529,image,~~-gmtl_t6_attach_dbal_spc-rg~8908f51a,inventory,,,,
530,image,mtl_t6_attach_dbal_nml,inventory,,,,
531,image,~mtl_t6_attach_dbal_ao-l&mtl_~de274bac,inventory,,,,
532,image,~-gmtl_t6_attach_dbal_col,inventory,,,,
533,image,~mtl_t6_attach_dbal_ir-r&mtl_~64e84c66,inventory,,,,
534,material,mc/mtl_t6_attach_dbal_thermal,inventory,,,,
535,material,mc/mtl_t6_attach_dbal,inventory,,,,
536,camo,camo_steadyaim,inventory,,,,
537,image,~~-gmtl_t6_wpn_launch_smaw_sp~dc30479b,inventory,,,,
538,image,mtl_t6_wpn_launch_smaw_nml,inventory,,,,
539,image,~mtl_t6_wpn_launch_smaw_ao-l&~6c07f73d,inventory,,,,
540,image,~-gmtl_t6_wpn_launch_smaw_col,inventory,,,,
541,image,~mtl_t6_wpn_launcher_smaw_ir-~40f940fb,inventory,,,,
542,material,mc/mtl_t6_wpn_launch_smaw_thermal,inventory,,,,
543,material,mc/mtl_t6_wpn_launch_smaw,inventory,,,,
544,material,mc/mtl_t6_wpn_launch_smaw_camo4,inventory,,,,
545,material,mc/mtl_t6_wpn_launch_smaw_camo2,inventory,,,,
546,material,mc/mtl_t6_wpn_launch_smaw_camo3,inventory,,,,
547,image,camo_carbon_fiber_nml,inventory,,,,
548,image,~~-gcamo_carbon_fiber_spc-rgb~a10b17ea,inventory,,,,
549,image,~-gcamo_carbon_fiber_col,inventory,,,,
550,material,mc/mtl_weapon_camo_carbon_fiber,inventory,,,,
551,material,mc/mtl_weapon_camo_carbon_fiber_1,inventory,,,,
552,material,mc/mtl_weapon_camo_carbon_fiber_alt,inventory,,,,
553,material,mc/mtl_weapon_camo_carbon_fiber_alt_1,inventory,,,,
554,material,mc/mtl_weapon_camo_bacon_alt_1,inventory,,,,
555,material,mc/mtl_weapon_camo_armor_1,inventory,,,,
556,material,mc/mtl_weapon_camo_cybertron_1,inventory,,,,
557,image,~-gmtl_t6_wpn_zmb_staff_crystal_camo_e,inventory,,,,
558,image,~-gmtl_t6_wpn_zmb_staff_cryst~95c3e639,inventory,,,,
559,image,~-gmtl_t6_wpn_zmb_staff_cryst~5094c494,inventory,,,,
560,material,mc/mtl_weapon_camo_3layer,inventory,,,,
561,material,mc/mtl_weapon_camo_3layer_1,inventory,,,,
562,material,mc/mtl_weapon_camo_zmb_dlc4_alt_1,inventory,,,,
563,camo,camo_smaw,inventory,,,,
564,techniqueset,mc_lit_sm_r0c0n0s0_zqq1fze7,inventory,,,,
565,image,~~-gmtl_t6_attach_optic_vzoom~cbc3582c,inventory,,,,
566,image,mtl_t6_attach_optic_vzoom_nml,inventory,,,,
567,image,~-gmtl_t6_attach_optic_vzoom_dsr50_col,inventory,,,,
568,image,~_mtl_t6_wpn_base_ir-rrb,inventory,,,,
569,material,mc/mtl_t6_attach_optic_vzoom_thermal,inventory,,,,
570,material,mc/mtl_t6_attach_optic_vzoom_dsr50,inventory,,,,
571,camo,camo_vzoom_dsr50,inventory,,,,
572,image,~~-gmtl_t6_attach_optic_vzoom~1a1f94fb,inventory,,,,
573,image,~-gmtl_t6_attach_optic_vzoom_svu_col,inventory,,,,
574,material,mc/mtl_t6_attach_optic_vzoom_svu,inventory,,,,
575,camo,camo_vzoom_svu,inventory,,,,
576,image,~~-gmtl_t6_attach_optic_vzoom~3cc0f7a3,inventory,,,,
577,image,~-gmtl_t6_attach_optic_vzoom_xpr50_col,inventory,,,,
578,material,mc/mtl_t6_attach_optic_vzoom_xpr50,inventory,,,,
579,camo,camo_vzoom_xpr50,inventory,,,,
580,image,~~-gmtl_t6_wpn_sniper_xpr50_s~d440d9c2,inventory,,,,
581,image,mtl_t6_wpn_sniper_xpr50_nml,inventory,,,,
582,image,~mtl_t6_wpn_sniper_xpr50_ao-l~acae39e3,inventory,,,,
583,image,~-gmtl_t6_wpn_sniper_xpr50_col,inventory,,,,
584,image,~mtl_t6_wpn_sniper_xpr50_ir_m~b14bed8d,inventory,,,,
585,material,mc/mtl_t6_wpn_sniper_xpr50_thermal,inventory,,,,
586,material,mc/mtl_t6_wpn_sniper_xpr50,inventory,,,,
587,image,~~-gmtl_t6_wpn_sniper_xpr50_s~87c00721,inventory,,,,
588,image,mtl_t6_wpn_sniper_xpr50_scope_nml,inventory,,,,
589,image,~mtl_t6_wpn_sniper_xpr50_scop~a23b03bd,inventory,,,,
590,image,~-gmtl_t6_wpn_sniper_xpr50_scope_col,inventory,,,,
591,image,~mtl_t6_wpn_sniper_xpr50_scop~1c04b235,inventory,,,,
592,material,mc/mtl_t6_wpn_sniper_xpr50_scope_thermal,inventory,,,,
593,material,mc/mtl_t6_wpn_sniper_xpr50_scope,inventory,,,,
594,material,mc/mtl_t6_wpn_sniper_xpr50_camo2,inventory,,,,
595,material,mc/mtl_t6_wpn_sniper_xpr50_scope_camo2,inventory,,,,
596,camo,camo_xpr50,inventory,,,,
597,image,~~-gmtl_t6_wpn_smg_vector_spc~e5dbae36,inventory,,,,
598,image,mtl_t6_wpn_smg_vector_nml,inventory,,,,
599,image,~mtl_t6_wpn_smg_vector_ao-l&m~c3a5f4c8,inventory,,,,
600,image,~-gmtl_t6_wpn_smg_vector_col,inventory,,,,
601,image,~mtl_t6_wpn_smg_vector_ir-r&m~a7c82b79,inventory,,,,
602,material,mc/mtl_t6_wpn_smg_vector_thermal,inventory,,,,
603,material,mc/mtl_t6_wpn_smg_vector_camo1,inventory,,,,
604,material,mc/mtl_t6_wpn_smg_vector_camo2,inventory,,,,
605,material,mc/mtl_t6_wpn_smg_vector_camo3,inventory,,,,
606,material,mc/mtl_t6_wpn_smg_vector_camo4,inventory,,,,
607,camo,camo_vector,inventory,,,,
608,techniqueset,mc_lit_sm_r0c0n0s0_ze50j7jz,inventory,,,,
609,image,~~-gmtl_t6_wpn_zmb_slowgun_sp~907ef2a8,inventory,,,,
610,image,mtl_t6_wpn_zmb_slowgun_nml,inventory,,,,
611,image,~-gmtl_t6_wpn_zmb_slowgun_col,inventory,,,,
612,image,~mtl_t6_wpn_zmb_slowgun_ir-r&~2432a687,inventory,,,,
613,material,mc/mtl_t6_wpn_zmb_slowgun_thermal,inventory,,,,
614,material,mc/mtl_t6_wpn_zmb_slowgun,inventory,,,,
615,techniqueset,mc_sw4_3d_phong_scroll_qw935298,inventory,,,,
616,image,~~-gmtl_t6_wpn_zmb_slowgun_ch~6a10d5d0,inventory,,,,
617,image,mtl_t6_wpn_zmb_slowgun_chain_nml,inventory,,,,
618,image,~-gmtl_t6_wpn_zmb_slowgun_chain_col,inventory,,,,
619,material,mc/mtl_t6_wpn_zmb_slowgun_chain,inventory,,,,
620,techniqueset,mc_sw4_3d_char_skin_emberglow_weapon_heat_z40303f0,inventory,,,,
621,image,~-gmtl_t6_wpn_zmb_slowgun_reveal,inventory,,,,
622,image,c_gen_arm_rim_mask_c,inventory,,,,
623,image,~~-gmtl_t6_wpn_zmb_slowgun_sp~217b3ea3,inventory,,,,
624,image,glowcycle_gradient_02,inventory,,,,
625,material,mc/mtl_t6_wpn_zmb_slowgun_glow,inventory,,,,
626,material,mc/mtl_t6_wpn_zmb_slowgun_glow_upg,inventory,,,,
627,camo,camo_slowgun,inventory,,,,
628,image,~~-gmtl_t6_wpn_ar_sig556_spc-~b3f95262,inventory,,,,
629,image,mtl_t6_wpn_ar_sig556_nml,inventory,,,,
630,image,~mtl_t6_wpn_ar_sig556_ao-l&mt~46bbe3e7,inventory,,,,
631,image,~-gmtl_t6_wpn_ar_sig556_col,inventory,,,,
632,image,~mtl_t6_wpn_ar_sig556_ir-r&mt~2a1be1ad,inventory,,,,
633,material,mc/mtl_t6_wpn_ar_sig556_thermal,inventory,,,,
634,material,mc/mtl_t6_wpn_ar_sig556_camo2,inventory,,,,
635,material,mc/mtl_t6_wpn_ar_sig556_camo3,inventory,,,,
636,material,mc/mtl_t6_wpn_ar_sig556_camo4,inventory,,,,
637,material,mc/mtl_t6_wpn_ar_sig556_camo1,inventory,,,,
638,camo,camo_sig556,inventory,,,,
639,image,~~-gmtl_t6_wpn_ar_sa58_spc-rg~275f5de4,inventory,,,,
640,image,mtl_t6_wpn_ar_sa58_nml,inventory,,,,
641,image,~mtl_t6_wpn_ar_sa58_ao-l&mtl_~e8c5fa26,inventory,,,,
642,image,~-gmtl_t6_wpn_ar_sa58_col,inventory,,,,
643,image,~mtl_t6_wpn_ar_sa58_ir-r&mtl_~168f99ae,inventory,,,,
644,material,mc/mtl_t6_wpn_ar_sa58_thermal,inventory,,,,
645,material,mc/mtl_t6_wpn_ar_sa58,inventory,,,,
646,material,mc/mtl_t6_wpn_ar_sa58_camo2,inventory,,,,
647,material,mc/mtl_t6_wpn_ar_sa58_camo3,inventory,,,,
648,material,mc/mtl_t6_wpn_ar_sa58_camo4,inventory,,,,
649,camo,camo_sa58,inventory,,,,
650,image,~~-gmtl_t6_wpn_ar_type95_spc-~386a3cf1,inventory,,,,
651,image,mtl_t6_wpn_ar_type95_nml,inventory,,,,
652,image,~mtl_t6_wpn_ar_type95_ao-l&mt~5086e148,inventory,,,,
653,image,~-gmtl_t6_wpn_lmg_type95_col,inventory,,,,
654,image,~mtl_t6_wpn_lmg_type95_ir-r&m~7aacba0e,inventory,,,,
655,material,mc/mtl_t6_wpn_lmg_type95_thermal,inventory,,,,
656,material,mc/mtl_t6_wpn_lmg_type95_camo1,inventory,,,,
657,material,mc/mtl_t6_wpn_lmg_type95_camo2,inventory,,,,
658,material,mc/mtl_t6_wpn_lmg_type95_camo3,inventory,,,,
659,material,mc/mtl_t6_wpn_lmg_type95_camo4,inventory,,,,
660,image,~~-gmtl_t6_wpn_lmg_type95_dru~4a761960,inventory,,,,
661,image,mtl_t6_wpn_lmg_type95_drum_nml,inventory,,,,
662,image,~mtl_t6_wpn_lmg_type95_drum_a~0e367e03,inventory,,,,
663,image,~-gmtl_t6_wpn_lmg_type95_drum_col,inventory,,,,
664,image,~mtl_t6_wpn_lmg_type95_drum_i~20771c53,inventory,,,,
665,material,mc/mtl_t6_wpn_lmg_type95_drum_thermal,inventory,,,,
666,material,mc/mtl_t6_wpn_lmg_type95_drum,inventory,,,,
667,camo,camo_qbb,inventory,,,,
668,image,~~-gmtl_t6_wpn_smg_mp7_sc-rgb~c636c72c,inventory,,,,
669,image,mtl_t6_wpn_smg_mp7_n,inventory,,,,
670,image,~mtl_t6_wpn_smg_mp7_ao-l&mtl_~89c49ca9,inventory,,,,
671,image,~-gmtl_t6_wpn_smg_mp7_c,inventory,,,,
672,image,~mtl_t6_wpn_smg_mp7_ir-r&mtl_~8c5e6516,inventory,,,,
673,material,mc/mtl_t6_wpn_smg_mp7_thermal,inventory,,,,
674,material,mc/mtl_t6_wpn_smg_mp7_camo1,inventory,,,,
675,material,mc/mtl_t6_wpn_smg_mp7_camo2,inventory,,,,
676,material,mc/mtl_t6_wpn_smg_mp7_camo3,inventory,,,,
677,material,mc/mtl_t6_wpn_smg_mp7_camo4,inventory,,,,
678,camo,camo_mp7,inventory,,,,
679,image,t4_kar98k_scope_s,inventory,,,,
680,image,$gray,inventory,,,,
681,image,t4_kar98k_scope_c,inventory,,,,
682,material,mtl_t4_kar98k_scope,inventory,,,,
683,image,t4_kar98k_base_s,inventory,,,,
684,image,t4_kar98k_base_c,inventory,,,,
685,material,mtl_t4_kar98k_base,inventory,,,,
686,image,t4_kar98k_bullet_s,inventory,,,,
687,image,t4_kar98k_bullet_c,inventory,,,,
688,image,mtl_t6_wpn_sniper_ballista_nml,inventory,,,,
689,image,~mtl_t6_wpn_sniper_ballista_i~48a71291,inventory,,,,
690,material,mc/mtl_t6_wpn_sniper_ballista_thermal,inventory,,,,
691,material,mtl_t4_kar98k_bullet,inventory,,,,
692,image,t4_kar98k_lens_s,inventory,,,,
693,image,t4_kar98k_lens_c,inventory,,,,
694,material,mtl_t4_kar98k_lens,inventory,,,,
695,image,t4_kar98k_scope_overlay,inventory,,,,
696,material,mtl_t4_kar98k_scope_overlay,inventory,,,,
697,camo,camo_kar98k,inventory,,,,
698,image,iw4_intervention_base_s,inventory,,,,
699,image,iw4_intervention_base_n,inventory,,,,
700,image,iw4_intervention_base_c,inventory,,,,
701,material,mtl_iw4_intervention_base,inventory,,,,
702,image,iw4_intervention_laser_s,inventory,,,,
703,image,iw4_intervention_laser_n,inventory,,,,
704,image,iw4_intervention_laser_c,inventory,,,,
705,material,mtl_iw4_intervention_laser,inventory,,,,
706,image,iw4_intervention_scope_s,inventory,,,,
707,image,iw4_intervention_scope_n,inventory,,,,
708,image,iw4_intervention_scope_c,inventory,,,,
709,material,mtl_iw4_intervention_scope,inventory,,,,
710,camo,camo_intervention,inventory,,,,
711,image,t6_camo_massacre_solid,inventory,,,,
712,image,t6_camo_massacre_pattern,inventory,,,,
713,image,t6_camo_mtp_solid,inventory,,,,
714,image,t6_camo_mtp_pattern,inventory,,,,
715,image,~~-gmtl_t6_wpn_ar_galil_spc-r~2399f7d6,inventory,,,,
716,image,mtl_t6_wpn_ar_galil_nml,inventory,,,,
717,image,~mtl_t6_wpn_ar_galil_ao-l&mtl~d31254ca,inventory,,,,
718,image,~-gmtl_t6_wpn_ar_galil_col,inventory,,,,
719,image,~mtl_t6_wpn_ar_galil_ir-r&mtl~22366022,inventory,,,,
720,material,mc/mtl_t6_wpn_ar_galil_thermal,inventory,,,,
721,material,mc/mtl_t6_wpn_ar_galil_camo1,inventory,,,,
722,material,mc/mtl_t6_wpn_ar_galil_camo3,inventory,,,,
723,image,~~-gmtl_t6_attach_rail_ak_spc~ead9f4cb,inventory,,,,
724,image,mtl_t6_attach_rail_ak_nml,inventory,,,,
725,image,~mtl_t6_attach_rail_ak_ao-l&m~ee50515a,inventory,,,,
726,image,~-gmtl_t6_attach_rail_ak_col,inventory,,,,
727,image,~mtl_t6_attach_rail_ak_ir-r&m~5a4091b3,inventory,,,,
728,material,mc/mtl_t6_attach_rail_ak_thermal,inventory,,,,
729,material,mc/mtl_t6_attach_rail_ak,inventory,,,,
730,material,mc/mtl_t6_wpn_ar_galil_camo2,inventory,,,,
731,camo,camo_galil,inventory,,,,
732,image,~~-gmtl_t5_wpn_zmb_thundergun_spc~3382cf4c,inventory,,,,
733,image,mtl_t5_wpn_zmb_thundergun_nml,inventory,,,,
734,image,~mtl_t5_wpn_zmb_thundergun_ao-rgb&~12c9c97d,inventory,,,,
735,image,~-gmtl_t5_wpn_zmb_thundergun_col,inventory,,,,
736,material,mc/mtl_t5_wpn_zmb_thundergun_camo,inventory,,,,
737,image,mtl_t6_wpn_smg_mp40_nml,inventory,,,,
738,image,~mtl_t6_wpn_smg_mp40_ir-r&mtl~533fe71c,inventory,,,,
739,material,mc/mtl_t6_wpn_mp40_thermal,inventory,,,,
740,material,mc/mtl_t5_wpn_zmb_thundergun_camo1,inventory,,,,
741,material,mc/mtl_t5_wpn_zmb_thundergun_camo2,inventory,,,,
742,techniqueset,mc_lit_sm_t0c0n0_9qf6e4qj,inventory,,,,
743,image,mtl_t5_wpn_zmb_thundergun_control_box_nml,inventory,,,,
744,image,~-gmtl_t5_wpn_zmb_thundergun_control_box_col,inventory,,,,
745,material,mc/mtl_t5_wpn_zmb_thundergun_control_box,inventory,,,,
746,camo,camo_thundergun,inventory,,,,
747,image,~~-gmtl_t6_attach_optic_holo_~f3dd44d2,inventory,,,,
748,image,mtl_t6_attach_optic_holo_nml,inventory,,,,
749,image,~mtl_t6_attach_optic_holo_ao-~719491a0,inventory,,,,
750,image,~-gmtl_t6_attach_optic_holo_col,inventory,,,,
751,image,~mtl_t6_attach_optic_holo_ir-~a9da2fcd,inventory,,,,
752,material,mc/mtl_t6_attach_optic_holo_thermal,inventory,,,,
753,material,mc/mtl_t6_attach_optic_holo,inventory,,,,
754,image,~~-gmtl_t6_attach_optic_holo_~ba92bf1f,inventory,,,,
755,image,~mtl_t6_attach_optic_holo_ao-~237bdaa2,inventory,,,,
756,image,~-gmtl_t6_attach_optic_holo_zmb_col,inventory,,,,
757,material,mc/mtl_t6_attach_optic_holo_zmb,inventory,,,,
758,material,mc/mtl_t6_attach_optic_holo_camo2,inventory,,,,
759,material,mc/mtl_t6_attach_optic_holo_camo3,inventory,,,,
760,techniqueset,mc_sw4_3d_reticle_dynamic_9820jqfj,inventory,,,,
761,image,mtl_t6_attach_optic_reticle_noise,inventory,,,,
762,image,mtl_t6_attach_optic_holo_reticle,inventory,,,,
763,material,mc/mtl_t6_attach_optic_holo_reticle,inventory,,,,
764,material,mc/mtl_t6_attach_optic_holo_zmb_camo2,inventory,,,,
765,camo,camo_holo,inventory,,,,
766,techniqueset,mc_lit_sm_r0c0n0s0_7j414q0z,inventory,,,,
767,image,~~-gmtl_t6_attach_grip_spc-rg~9675f40e,inventory,,,,
768,image,mtl_t6_attach_grip_nml,inventory,,,,
769,image,~-gmtl_t6_attach_grip_col,inventory,,,,
770,image,~mtl_t6_attach_grip_ir-r&mtl_~d34c911b,inventory,,,,
771,material,mc/mtl_t6_attach_grip_thermal,inventory,,,,
772,material,mc/mtl_t6_attach_grip,inventory,,,,
773,camo,camo_grip,inventory,,,,
774,image,~~-gmtl_t6_attach_gl_m320_spc~ee46d70a,inventory,,,,
775,image,mtl_t6_attach_gl_m320_nml,inventory,,,,
776,image,~mtl_t6_attach_gl_m320_ao-l&m~999304a1,inventory,,,,
777,image,~-gmtl_t6_attach_gl_m320_col,inventory,,,,
778,image,~mtl_t6_attach_gl_m320_ir-r&m~b37aa004,inventory,,,,
779,material,mc/mtl_t6_attach_gl_m320_thermal,inventory,,,,
780,material,mc/mtl_t6_attach_gl_m320,inventory,,,,
781,camo,camo_gl,inventory,,,,
782,image,~~-gmtl_t6_wpn_pistol_fnp45_s~7c305aa0,inventory,,,,
783,image,mtl_t6_wpn_pistol_fnp45_nml,inventory,,,,
784,image,~mtl_t6_wpn_pistol_fnp45_ao-l~44229f33,inventory,,,,
785,image,~-gmtl_t6_wpn_pistol_fnp45_col,inventory,,,,
786,image,~mtl_t6_wpn_pistol_fnp45_ir-r~dbaf890c,inventory,,,,
787,material,mc/mtl_t6_wpn_pistol_fnp45_thermal,inventory,,,,
788,material,mc/mtl_t6_wpn_pistol_fnp45,inventory,,,,
789,material,mc/mtl_t6_wpn_pistol_fnp45_camo2,inventory,,,,
790,material,mc/mtl_t6_wpn_pistol_fnp45_camo3,inventory,,,,
791,camo,camo_fnp45,inventory,,,,
792,image,~~-gmtl_t6_wpn_launch_fhj18_s~d55d6cb4,inventory,,,,
793,image,mtl_t6_wpn_launch_fhj18_nml,inventory,,,,
794,image,~mtl_t6_wpn_launch_fhj18_ao-l~31778ca3,inventory,,,,
795,image,~-gmtl_t6_wpn_launch_fhj18_col,inventory,,,,
796,image,~mtl_t6_wpn_launch_fhj18_ir-r~e2c8e6f4,inventory,,,,
797,material,mc/mtl_t6_wpn_launch_fhj18_thermal,inventory,,,,
798,material,mc/mtl_t6_wpn_launch_fhj18,inventory,,,,
799,material,mc/mtl_t6_wpn_launch_fhj18_camo3,inventory,,,,
800,material,mc/mtl_t6_wpn_launch_fhj18_camo4,inventory,,,,
801,material,mc/mtl_t6_wpn_launch_fhj18_camo2,inventory,,,,
802,camo,camo_fhj18,inventory,,,,
803,image,~~-gmtl_t6_wpn_ar_fal_spc-rgb~a1445438,inventory,,,,
804,image,mtl_t6_wpn_ar_fal_nml,inventory,,,,
805,image,~mtl_t6_wpn_ar_fal_ao-l&mtl_t~f0369cec,inventory,,,,
806,image,~-gmtl_t6_wpn_ar_fal_col,inventory,,,,
807,image,~mtl_t6_wpn_ar_fal_ir-r&mtl_t~0aa73288,inventory,,,,
808,material,mc/mtl_t6_wpn_ar_fal_thermal,inventory,,,,
809,material,mc/mtl_t6_wpn_ar_fal_camo1,inventory,,,,
810,material,mc/mtl_t6_wpn_ar_fal_camo3,inventory,,,,
811,material,mc/mtl_t6_wpn_ar_fal_camo2,inventory,,,,
812,camo,camo_fal,inventory,,,,
813,image,~~-gmtl_t6_wpn_sniper_dsr50_s~b8752abf,inventory,,,,
814,image,mtl_t6_wpn_sniper_dsr50_nml,inventory,,,,
815,image,~mtl_t6_wpn_sniper_dsr50_ao-l~e9c1a863,inventory,,,,
816,image,~-gmtl_t6_wpn_sniper_dsr50_col,inventory,,,,
817,image,~mtl_t6_wpn_sniper_dsr50_ir-r~92199ca7,inventory,,,,
818,material,mc/mtl_t6_wpn_sniper_dsr50_thermal,inventory,,,,
819,material,mc/mtl_t6_wpn_sniper_dsr50,inventory,,,,
820,image,~~-gmtl_t6_wpn_sniper_dsr50_s~18f1757c,inventory,,,,
821,image,mtl_t6_wpn_sniper_dsr50_scope_nml,inventory,,,,
822,image,~mtl_t6_wpn_sniper_dsr50_scop~483ccde2,inventory,,,,
823,image,~-gmtl_t6_wpn_sniper_dsr50_scope_col,inventory,,,,
824,image,~mtl_t6_wpn_sniper_dsr50_scop~650cc522,inventory,,,,
825,material,mc/mtl_t6_wpn_sniper_dsr50_scope_thermal,inventory,,,,
826,material,mc/mtl_t6_wpn_sniper_dsr50_scope,inventory,,,,
827,material,mc/mtl_t6_wpn_sniper_dsr50_scope_camo2,inventory,,,,
828,material,mc/mtl_t6_wpn_sniper_dsr50_camo2,inventory,,,,
829,camo,camo_dsr50,inventory,,,,
830,image,~~-gmtl_t6_wpn_zmb_tesla_camo_spc-~eb721e35,inventory,,,,
831,image,mtl_t6_wpn_zmb_tesla_nml,inventory,,,,
832,image,~-gmtl_t6_wpn_zmb_tesla_camo_col,inventory,,,,
833,material,mc/mtl_t6_wpn_zmb_tesla_camo,inventory,,,,
834,image,camo_gold_nml,inventory,,,,
835,image,~~-gcamo_gold_spc-rgb&~-rcamo~051392e5,inventory,,,,
836,image,~-gcamo_gold_col,inventory,,,,
837,material,mc/mtl_weapon_camo_gold,inventory,,,,
838,image,~~-gmtl_t6_wpn_zmb_tesla_camo1_spc,inventory,,,,
839,image,~-gmtl_t6_wpn_zmb_tesla_camo1_col,inventory,,,,
840,material,mc/mtl_t6_wpn_zmb_tesla_camo1,inventory,,,,
841,image,~~-gmtl_t6_wpn_zmb_tesla_vacu~72d2f6ee,inventory,,,,
842,image,mtl_t6_wpn_zmb_tesla_vacuum_camo_nml,inventory,,,,
843,image,~-gmtl_t6_wpn_zmb_tesla_vacuum_camo_col,inventory,,,,
844,material,mc/mtl_t6_wpn_zmb_tesla_vacuum_camo,inventory,,,,
845,material,mc/mtl_t6_wpn_zmb_tesla_vacuum_camo1,inventory,,,,
846,camo,camo_tesla,inventory,,,,
847,image,~~-gmtl_t5_wpn_zmb_freezegun_spc~c1b92726,inventory,,,,
848,image,mtl_t5_wpn_zmb_freezegun_nml,inventory,,,,
849,image,~mtl_t5_wpn_zmb_freezegun_ao~7355952a,inventory,,,,
850,image,~-gmtl_t5_wpn_zmb_freezegun_col,inventory,,,,
851,material,mc/mtl_t5_wpn_zmb_freezegun_camo,inventory,,,,
852,material,mc/mtl_t5_wpn_zmb_freezegun_camo1,inventory,,,,
853,image,~~-gmtl_t5_wpn_zmb_freezegun_ammo_spc~f935eb67,inventory,,,,
854,image,mtl_t5_wpn_zmb_freezegun_ammo_nml,inventory,,,,
855,image,~mtl_t5_wpn_zmb_freezegun_ammo_ao~12a33730,inventory,,,,
856,image,~-gmtl_t5_wpn_zmb_freezegun_ammo_col,inventory,,,,
857,material,mc/mtl_t5_wpn_zmb_freezegun_ammo,inventory,,,,
858,camo,camo_freezegun,inventory,,,,
859,image,~~-gmtl_t6_wpn_zmb_blundergat~cff8520e,inventory,,,,
860,image,mtl_t6_wpn_zmb_blundergat_nml,inventory,,,,
861,image,~-gmtl_t6_wpn_zmb_blundergat_col,inventory,,,,
862,material,mc/mtl_t6_wpn_zmb_blundergat,inventory,,,,
863,image,~~-gmtl_t6_wpn_zmb_blundergat~ec73c658,inventory,,,,
864,image,mtl_t6_wpn_zmb_blundergat_armor_nml,inventory,,,,
865,image,~-gmtl_t6_wpn_zmb_blundergat_armor_col,inventory,,,,
866,material,mc/mtl_t6_wpn_zmb_blundergat_armor,inventory,,,,
867,camo,camo_blundergat,inventory,,,,
868,image,~~-gmtl_t6_wpn_ballistic_knif~2f4bfdde,inventory,,,,
869,image,mtl_t6_wpn_ballistic_knife_nml,inventory,,,,
870,image,~mtl_t6_wpn_ballistic_knife_a~48017b29,inventory,,,,
871,image,~-gmtl_t6_wpn_ballistic_knife_col,inventory,,,,
872,image,~mtl_t6_wpn_ballistic_knife_i~9f497e13,inventory,,,,
873,material,mc/mtl_t6_wpn_ballistic_knife_thermal,inventory,,,,
874,material,mc/mtl_t6_wpn_ballistic_knife_camo1,inventory,,,,
875,image,~~-gmtl_t6_wpn_knife_base_spc~9c97c3e4,inventory,,,,
876,image,mtl_t6_wpn_knife_base_nml,inventory,,,,
877,image,~mtl_t6_wpn_knife_base_ao-l&m~eb418e84,inventory,,,,
878,image,~-gmtl_t6_wpn_knife_base_col,inventory,,,,
879,material,mc/mtl_t6_wpn_knife_base_thermal,inventory,,,,
880,material,mc/mtl_t6_wpn_knife_base,inventory,,,,
881,material,mc/mtl_t6_wpn_ballistic_knife_camo2,inventory,,,,
882,material,mc/mtl_t6_wpn_knife_base_camo2,inventory,,,,
883,camo,camo_ballistic_knife,inventory,,,,
884,image,~~-gmtl_t6_wpn_shotty_870mcs_~bcb28dd4,inventory,,,,
885,image,mtl_t6_wpn_shotty_870mcs_nml,inventory,,,,
886,image,~mtl_t6_wpn_shotty_870mcs_ao-~7f6ddb87,inventory,,,,
887,image,~-gmtl_t6_wpn_shotty_870mcs_col,inventory,,,,
888,image,~mtl_t6_wpn_shotty_870mcs_ir-~0dbd77ce,inventory,,,,
889,material,mc/mtl_t6_wpn_shotty_870mcs_thermal,inventory,,,,
890,material,mc/mtl_t6_wpn_shotty_870mcs_camo1,inventory,,,,
891,material,mc/mtl_t6_wpn_shotty_870mcs_camo2,inventory,,,,
892,material,mc/mtl_t6_wpn_shotty_870mcs_camo3,inventory,,,,
893,material,mc/mtl_t6_wpn_shotty_870mcs,inventory,,,,
894,image,~~-gshells_green_sc-rgb&~-rsh~dd2c93f2,inventory,,,,
895,image,shells_n,inventory,,,,
896,image,~shells_ao-ll&$white-ll,inventory,,,,
897,image,~-gshells_green_c,inventory,,,,
898,material,mc/mtl_t6_wpn_shotgun_shells,inventory,,,,
899,image,~~-gshells_red_sc-rgb&~-rshel~317193ae,inventory,,,,
900,image,~-gshells_red_c,inventory,,,,
901,material,mc/mtl_t6_wpn_shotgun_shells_red,inventory,,,,
902,camo,camo_870mcs,inventory,,,,
903,image,~~-gray_gun_s-rgb&~-rray_gun_~0d7425f4,inventory,,,,
904,image,ray_gun_n,inventory,,,,
905,image,~-gray_gun,inventory,,,,
906,material,mc/mtl_t6_wpn_zmb_raygun_camo,inventory,,,,
907,techniqueset,mc_lit_sm_r0c0n0s0_7426e277,inventory,,,,
908,material,mc/mtl_ray_gun,inventory,,,,
909,camo,camo_raygun,inventory,,,,
910,image,~~-gmtl_t6_wpn_zmb_raygun2_sp~1dd399f4,inventory,,,,
911,image,mtl_t6_wpn_zmb_raygun2_nml1,inventory,,,,
912,image,~-gmtl_t6_wpn_zmb_raygun2_col1,inventory,,,,
913,image,~mtl_t6_wpn_zmb_raygun2_ir1-r~da5a3a4c,inventory,,,,
914,material,mc/mtl_t6_wpn_zmb_raygun2_1_thermal,inventory,,,,
915,material,mc/mtl_t6_wpn_zmb_raygun2_1_camo,inventory,,,,
916,camo,camo_raygun_mark2,inventory,,,,
917,image,~~-gmtl_t6_wpn_zmb_slipgun_sp~2c58deb5,inventory,,,,
918,image,mtl_t6_wpn_zmb_slipgun_n,inventory,,,,
919,image,~mtl_t6_wpn_zmb_slipgun_ao-l&~f6407572,inventory,,,,
920,image,~-gmtl_t6_wpn_zmb_slipgun_c,inventory,,,,
921,material,mc/mtl_t6_wpn_zmb_slipgun,inventory,,,,
922,techniqueset,mc_lit_r0c0n0_eez8z6uu,inventory,,,,
923,image,mtl_t6_wpn_zmb_slipgun_scroll_c,inventory,,,,
924,material,mc/mtl_t6_wpn_zmb_slipgun_scroll,inventory,,,,
925,camo,camo_slipgun,inventory,,,,
926,image,~~-gt6_wpn_shotty_spas_spc-rg~30f95781,inventory,,,,
927,image,t6_wpn_shotty_spas_nml,inventory,,,,
928,image,~t6_wpn_shotty_spas_ao-l&t6_w~212d08ea,inventory,,,,
929,image,~-gt6_wpn_shotty_spas_col,inventory,,,,
930,material,mc/mtl_t6_wpn_shotty_spas_camo1,inventory,,,,
931,material,mc/mtl_t6_wpn_shotty_spas_camo2,inventory,,,,
932,techniqueset,mc_lit_sm_r0c0d0n0s0o0_9561jwz8,inventory,,,,
933,image,plastic_n,inventory,,,,
934,material,mc/mtl_t6_wpn_shotty_spas_detail,inventory,,,,
935,camo,camo_spas,inventory,,,,
936,image,~~-gmtl_t6_wpn_smg_msmc_spc-r~19c19d50,inventory,,,,
937,image,mtl_t6_wpn_smg_msmc_nml,inventory,,,,
938,image,~mtl_t6_wpn_smg_msmc_ao-l&mtl~40e1b908,inventory,,,,
939,image,~-gmtl_t6_wpn_smg_msmc_col,inventory,,,,
940,image,~mtl_t6_wpn_smg_msmc_ir-r&mtl~486bf70b,inventory,,,,
941,material,mc/mtl_t6_wpn_smg_msmc_thermal,inventory,,,,
942,material,mc/mtl_t6_wpn_smg_msmc_camo1,inventory,,,,
943,material,mc/mtl_t6_wpn_smg_msmc_camo2,inventory,,,,
944,material,mc/mtl_t6_wpn_smg_msmc_camo3,inventory,,,,
945,material,mc/mtl_t6_wpn_smg_msmc_camo4,inventory,,,,
946,camo,camo_msmc,inventory,,,,
947,image,~~-gmtl_t6_wpn_smg_uzi_spc-rg~0879b203,inventory,,,,
948,image,mtl_t6_wpn_smg_uzi_nml,inventory,,,,
949,image,~mtl_t6_wpn_smg_uzi_ao-l&mtl_~84967fd4,inventory,,,,
950,image,~-gmtl_t6_wpn_smg_uzi_col,inventory,,,,
951,image,~mtl_t6_wpn_smg_uzi_ir-r&mtl_~8c55737a,inventory,,,,
952,material,mc/mtl_t6_wpn_smg_uzi_thermal,inventory,,,,
953,material,mc/mtl_t6_wpn_smg_uzi_camo1,inventory,,,,
954,material,mc/mtl_t6_wpn_smg_uzi_camo2,inventory,,,,
955,camo,camo_uzi,inventory,,,,
956,image,~~-gmtl_t6_wpn_zmb_thompson_s~03f1811d,inventory,,,,
957,image,mtl_t6_wpn_zmb_thompson_nml,inventory,,,,
958,image,~mtl_t6_wpn_zmb_thompson_ao-l~515270e4,inventory,,,,
959,image,~-gmtl_t6_wpn_zmb_thompson_col,inventory,,,,
960,image,~mtl_t6_wpn_zmb_thompson_ir-r~1cce9cc0,inventory,,,,
961,material,mc/mtl_t6_wpn_zmb_thompson_thermal,inventory,,,,
962,material,mc/mtl_t6_wpn_zmb_thompson,inventory,,,,
963,material,mc/mtl_t6_wpn_zmb_thompson_camo1,inventory,,,,
964,camo,camo_thompson,inventory,,,,
965,image,~~-gmtl_t6_wpn_ar_ak47_spc-rg~9cc4d8bd,inventory,,,,
966,image,mtl_t6_wpn_ar_ak47_nml,inventory,,,,
967,image,~mtl_t6_wpn_ar_ak47_ao-l&mtl_~86318752,inventory,,,,
968,image,~-gmtl_t6_wpn_ar_ak47_col,inventory,,,,
969,image,~mtl_t6_wpn_ar_ak47_ir-r&mtl_~1435d15e,inventory,,,,
970,material,mc/mtl_t6_wpn_ar_ak47_thermal,inventory,,,,
971,material,mc/mtl_t6_wpn_ar_ak47_camo1,inventory,,,,
972,image,~~-gmtl_t6_attach_mag_ak_spc-~36c8ff1d,inventory,,,,
973,image,mtl_t6_attach_mag_ak_nml,inventory,,,,
974,image,~mtl_t6_attach_mag_ak_ao-l&mt~f8626e95,inventory,,,,
975,image,~-gmtl_t6_attach_mag_ak_col,inventory,,,,
976,image,~mtl_t6_attach_mag_ak_ir-r&mt~1a95874f,inventory,,,,
977,material,mc/mtl_t6_attach_mag_ak_thermal,inventory,,,,
978,material,mc/mtl_t6_attach_mag_ak,inventory,,,,
979,material,mc/mtl_t6_wpn_ar_ak47_camo2,inventory,,,,
980,camo,camo_ak47,inventory,,,,
981,image,~~-gmtl_t6_wpn_minigun_spc-rg~9dec8b98,inventory,,,,
982,image,mtl_t6_wpn_minigun_nml,inventory,,,,
983,image,~mtl_t6_wpn_minigun_ao-l&mtl_~571c054f,inventory,,,,
984,image,~-gmtl_t6_wpn_minigun_col,inventory,,,,
985,image,~mtl_t6_wpn_minigun_ir-r&mtl_~4af4ec85,inventory,,,,
986,material,mc/mtl_t6_wpn_minigun_thermal,inventory,,,,
987,material,mc/mtl_t6_wpn_minigun,inventory,,,,
988,techniqueset,mc_lit_sm_t0c0n0s0_w63w73f2,inventory,,,,
989,image,~~-gmtl_t6_wpn_minigun_ammo_s~e99f4cd1,inventory,,,,
990,image,mtl_t6_wpn_minigun_ammo_nml,inventory,,,,
991,image,~-gmtl_t6_wpn_minigun_ammo_col,inventory,,,,
992,material,mc/mtl_t6_wpn_minigun_ammo,inventory,,,,
993,camo,camo_minigun,inventory,,,,
994,image,~~-gmtl_t6_wpn_smg_mp40_spc-r~56174584,inventory,,,,
995,image,~-gmtl_t6_wpn_smg_mp40_col,inventory,,,,
996,material,mc/mtl_t6_wpn_smg_mp40_camo1,inventory,,,,
997,material,mc/mtl_t6_wpn_smg_mp40_camo2,inventory,,,,
998,camo,camo_mp40,inventory,,,,
999,image,~~-gmtl_t6_wpn_ar_scarh_spc-r~248636b3,inventory,,,,
1000,image,mtl_t6_wpn_ar_scarh_nml,inventory,,,,
1001,image,~mtl_t6_wpn_ar_scarh_ao-l&mtl~a2da3d75,inventory,,,,
1002,image,~-gmtl_t6_wpn_ar_scarh_col,inventory,,,,
1003,image,~mtl_t6_wpn_ar_scarh_ir-r&mtl~69fcfa9e,inventory,,,,
1004,material,mc/mtl_t6_wpn_ar_scarh_thermal,inventory,,,,
1005,material,mc/mtl_t6_wpn_ar_scarh_camo1,inventory,,,,
1006,material,mc/mtl_t6_wpn_ar_scarh_camo2,inventory,,,,
1007,material,mc/mtl_t6_wpn_ar_scarh_camo3,inventory,,,,
1008,material,mc/mtl_t6_wpn_ar_scarh_camo4,inventory,,,,
1009,camo,camo_scarh,inventory,,,,
1010,image,~~-gmtl_t6_wpn_zmb_mg08_spc-r~1143a0cb,inventory,,,,
1011,image,mtl_t6_wpn_zmb_mg08_nml,inventory,,,,
1012,image,~-gmtl_t6_wpn_zmb_mg08_col,inventory,,,,
1013,material,mc/mtl_t6_wpn_zmb_mg08_camo,inventory,,,,
1014,image,~~-gmtl_t6_wpn_zmb_mg08_mag_s~b90a1624,inventory,,,,
1015,image,mtl_t6_wpn_zmb_mg08_mag_nml,inventory,,,,
1016,image,~-gmtl_t6_wpn_zmb_mg08_mag_col,inventory,,,,
1017,material,mc/mtl_t6_wpn_zmb_mg08_mag_camo,inventory,,,,
1018,material,mc/mtl_t6_wpn_zmb_mg08_mag,inventory,,,,
1019,material,mc/mtl_t6_wpn_zmb_mg08,inventory,,,,
1020,camo,camo_mg08,inventory,,,,
1021,image,~~-gmtl_t6_wpn_smg_scorpion_s~47bb01de,inventory,,,,
1022,image,mtl_t6_wpn_smg_scorpion_nml,inventory,,,,
1023,image,~mtl_t6_wpn_smg_scorpion_ao-l~72f657ae,inventory,,,,
1024,image,~-gmtl_t6_wpn_smg_scorpion_col,inventory,,,,
1025,image,~mtl_t6_wpn_smg_scorpion_ir-r~911a5593,inventory,,,,
1026,material,mc/mtl_t6_wpn_smg_scorpion_thermal,inventory,,,,
1027,material,mc/mtl_t6_wpn_smg_scorpion_camo1,inventory,,,,
1028,material,mc/mtl_t6_wpn_smg_scorpion_camo2,inventory,,,,
1029,material,mc/mtl_t6_wpn_smg_scorpion_camo3,inventory,,,,
1030,material,mc/mtl_t6_wpn_smg_scorpion_camo4,inventory,,,,
1031,camo,camo_scorpionevo,inventory,,,,
1032,image,~~-gmtl_t6_wpn_ar_hk416_spc-r~3b83c03d,inventory,,,,
1033,image,mtl_t6_wpn_ar_hk416_nml,inventory,,,,
1034,image,~mtl_t6_wpn_ar_hk416_ao-l&mtl~d1227f62,inventory,,,,
1035,image,~-gmtl_t6_wpn_ar_hk416_col,inventory,,,,
1036,image,~mtl_t6_wpn_ar_hk416_ir-r&mtl~0f038584,inventory,,,,
1037,material,mc/mtl_t6_wpn_ar_hk416_thermal,inventory,,,,
1038,material,mc/mtl_t6_wpn_ar_hk416,inventory,,,,
1039,material,mc/mtl_t6_wpn_ar_hk416_camo2,inventory,,,,
1040,material,mc/mtl_t6_wpn_ar_hk416_camo3,inventory,,,,
1041,material,mc/mtl_t6_wpn_ar_hk416_camo4,inventory,,,,
1042,image,~~-gmtl_t6_wpn_ar_hk416_grip_~030c6d5f,inventory,,,,
1043,image,mtl_t6_wpn_ar_hk416_grip_nml,inventory,,,,
1044,image,~-gmtl_t6_wpn_ar_hk416_grip_col,inventory,,,,
1045,image,~mtl_t6_wpn_ar_hk416_grip_ir-~66f37788,inventory,,,,
1046,material,mc/mtl_t6_wpn_ar_hk416_grip_thermal,inventory,,,,
1047,material,mc/mtl_t6_wpn_ar_hk416_grip_camo2,inventory,,,,
1048,material,mc/mtl_t6_wpn_ar_hk416_grip,inventory,,,,
1049,camo,camo_hk416,inventory,,,,
1050,image,~~-gmtl_t6_wpn_shotty_ksg_spc~c9c44ed6,inventory,,,,
1051,image,mtl_t6_wpn_shotty_ksg_nml,inventory,,,,
1052,image,~mtl_t6_wpn_shotty_ksg_ao-l&m~4b28b7de,inventory,,,,
1053,image,~-gmtl_t6_wpn_shotty_ksg_col,inventory,,,,
1054,image,~mtl_t6_wpn_shotty_ksg_ir-r&m~743ace2d,inventory,,,,
1055,material,mc/mtl_t6_wpn_shotty_ksg_thermal,inventory,,,,
1056,material,mc/mtl_t6_wpn_shotty_ksg_camo1,inventory,,,,
1057,material,mc/mtl_t6_wpn_shotty_ksg_camo2,inventory,,,,
1058,material,mc/mtl_t6_wpn_shotty_ksg_camo3,inventory,,,,
1059,material,mc/mtl_t6_wpn_shotty_ksg_camo4,inventory,,,,
1060,camo,camo_ksg,inventory,,,,
1061,image,~~-gmtl_t6_wpn_smg_pdw57_spc-~2f14e473,inventory,,,,
1062,image,mtl_t6_wpn_smg_pdw57_nml,inventory,,,,
1063,image,~mtl_t6_wpn_smg_pdw57_ao-l&mt~d48dc345,inventory,,,,
1064,image,~-gmtl_t6_wpn_smg_pdw57_col,inventory,,,,
1065,image,~mtl_t6_wpn_smg_pdw57_ir-r&mt~b0b51921,inventory,,,,
1066,material,mc/mtl_t6_wpn_smg_pdw57_thermal,inventory,,,,
1067,material,mc/mtl_t6_wpn_smg_pdw57_camo1,inventory,,,,
1068,material,mc/mtl_t6_wpn_smg_pdw57_camo2,inventory,,,,
1069,material,mc/mtl_t6_wpn_smg_pdw57_camo3,inventory,,,,
1070,material,mc/mtl_t6_wpn_smg_pdw57_camo4,inventory,,,,
1071,camo,camo_pdw57,inventory,,,,
1072,image,~~-gmtl_t6_wpn_ar_stg44_spc-r~497707e5,inventory,,,,
1073,image,mtl_t6_wpn_ar_stg44_nml,inventory,,,,
1074,image,~-gmtl_t6_wpn_ar_stg44_col,inventory,,,,
1075,image,~mtl_t6_wpn_ar_stg44_ir-r&mtl~d3b75fbb,inventory,,,,
1076,material,mc/mtl_t6_wpn_stg44_thermal,inventory,,,,
1077,material,mc/mtl_t6_wpn_ar_stg44,inventory,,,,
1078,material,mc/mtl_t6_wpn_ar_stg44_camo2,inventory,,,,
1079,camo,camo_stg44,inventory,,,,
1080,image,~~-gmtl_t6_wpn_sniper_ballist~5f538f3a,inventory,,,,
1081,image,~mtl_t6_wpn_sniper_ballista_a~c281cc51,inventory,,,,
1082,image,~-gmtl_t6_wpn_sniper_ballista_col,inventory,,,,
1083,material,mc/mtl_t6_wpn_sniper_ballista_camo1,inventory,,,,
1084,image,~~-gmtl_t6_wpn_sniper_ballist~e541153f,inventory,,,,
1085,image,mtl_t6_wpn_sniper_ballista_scope_nml,inventory,,,,
1086,image,~mtl_t6_wpn_sniper_ballista_s~03fbaf1f,inventory,,,,
1087,image,~-gmtl_t6_wpn_sniper_ballista~f9eaeff9,inventory,,,,
1088,image,~mtl_t6_wpn_sniper_ballista_s~e35f4ac5,inventory,,,,
1089,material,mc/mtl_t6_wpn_sniper_ballista_scope_thermal,inventory,,,,
1090,material,mc/mtl_t6_wpn_sniper_ballista_scope_camo1,inventory,,,,
1091,material,mc/mtl_t6_wpn_sniper_ballista_camo3,inventory,,,,
1092,material,mc/mtl_t6_wpn_sniper_ballista_camo2,inventory,,,,
1093,image,~~-gmtl_t6_wpn_sniper_ballist~77b7f0fa,inventory,,,,
1094,image,mtl_t6_wpn_sniper_ballista_sights_nml,inventory,,,,
1095,image,~-gmtl_t6_wpn_sniper_ballista~0bdce4cf,inventory,,,,
1096,image,~_mtl_t6_wpn_base_noheat_ir-rrb,inventory,,,,
1097,material,mc/mtl_t6_wpn_sniper_ballista_sights_thermal,inventory,,,,
1098,material,mc/mtl_t6_wpn_sniper_ballista_sights,inventory,,,,
1099,material,mc/mtl_t6_wpn_sniper_ballista_scope_camo2,inventory,,,,
1100,camo,camo_ballista,inventory,,,,
1101,image,~~-gmtl_t6_wpn_pistol_rnma_sp~079031fa,inventory,,,,
1102,image,mtl_t6_wpn_pistol_rnma_nml,inventory,,,,
1103,image,~mtl_t6_wpn_pistol_rnma_ao-l&~7aa1ca73,inventory,,,,
1104,image,~-gmtl_t6_wpn_pistol_rnma_col,inventory,,,,
1105,material,mc/mtl_t6_wpn_pistol_rnma_camo1,inventory,,,,
1106,material,mc/mtl_t6_wpn_pistol_rnma_camo2,inventory,,,,
1107,camo,camo_rnma,inventory,,,,
1108,image,~~-gmtl_t6_wpn_ar_an94_spc-rg~9f7fdf89,inventory,,,,
1109,image,mtl_t6_wpn_ar_an94_nml,inventory,,,,
1110,image,~mtl_t6_wpn_ar_an94_ao-l&mtl_~d3fe71e8,inventory,,,,
1111,image,~-gmtl_t6_wpn_ar_an94_col,inventory,,,,
1112,image,~mtl_t6_wpn_ar_an94_ir-r&mtl_~4c150ffa,inventory,,,,
1113,material,mc/mtl_t6_wpn_ar_an94_thermal,inventory,,,,
1114,material,mc/mtl_t6_wpn_ar_an94_camo1,inventory,,,,
1115,material,mc/mtl_t6_wpn_ar_an94_camo3,inventory,,,,
1116,material,mc/mtl_t6_wpn_ar_an94_camo4,inventory,,,,
1117,material,mc/mtl_t6_wpn_ar_an94_camo2,inventory,,,,
1118,camo,camo_an94,inventory,,,,
1119,image,~~-gmtl_t6_wpn_lmg_lsat_spc-r~2be1400f,inventory,,,,
1120,image,mtl_t6_wpn_lmg_lsat_nml,inventory,,,,
1121,image,~mtl_t6_wpn_lmg_lsat_ao-l&mtl~8354639a,inventory,,,,
1122,image,~-gmtl_t6_wpn_lmg_lsat_col,inventory,,,,
1123,image,~mtl_t6_wpn_lmg_lsat_ir-r&mtl~913758ff,inventory,,,,
1124,material,mc/mtl_t6_wpn_lmg_lsat_thermal,inventory,,,,
1125,material,mc/mtl_t6_wpn_lmg_lsat_camo1,inventory,,,,
1126,material,mc/mtl_t6_wpn_lmg_lsat_camo3,inventory,,,,
1127,material,mc/mtl_t6_wpn_lmg_lsat_camo2,inventory,,,,
1128,material,mc/mtl_t6_wpn_lmg_lsat_camo4,inventory,,,,
1129,image,~~-gmtl_t6_wpn_lmg_lsat_ammo_~b9f88bb5,inventory,,,,
1130,image,mtl_t6_wpn_lmg_lsat_ammo_nml,inventory,,,,
1131,image,~mtl_t6_wpn_lmg_lsat_ammo_ao-~cf0c3789,inventory,,,,
1132,image,~-gmtl_t6_wpn_lmg_lsat_ammo_col,inventory,,,,
1133,image,~mtl_t6_wpn_lmg_lsat_ammo_ir-~3138a9c6,inventory,,,,
1134,material,mc/mtl_t6_wpn_lmg_lsat_ammo_thermal,inventory,,,,
1135,material,mc/mtl_t6_wpn_lmg_lsat_ammo,inventory,,,,
1136,camo,camo_lsat,inventory,,,,
1137,image,~~-gmtl_t6_wpn_sniper_svu_spc~d35d6ab1,inventory,,,,
1138,image,mtl_t6_wpn_sniper_svu_nml,inventory,,,,
1139,image,~mtl_t6_wpn_sniper_svu_ao-l&m~4e161e2e,inventory,,,,
1140,image,~-gmtl_t6_wpn_sniper_svu_col,inventory,,,,
1141,image,~mtl_t6_wpn_sniper_svu_ir-r&m~6f6c52d5,inventory,,,,
1142,material,mc/mtl_t6_wpn_sniper_svu_thermal,inventory,,,,
1143,material,mc/mtl_t6_wpn_sniper_svu,inventory,,,,
1144,image,~~-gmtl_t6_wpn_sniper_svu_sco~f7fe4a27,inventory,,,,
1145,image,mtl_t6_wpn_sniper_svu_scope_nml,inventory,,,,
1146,image,~mtl_t6_wpn_sniper_svu_scope_~d3764b3b,inventory,,,,
1147,image,~-gmtl_t6_wpn_sniper_svu_scope_col,inventory,,,,
1148,image,~mtl_t6_wpn_sniper_svu_scope_~a9fb1ab2,inventory,,,,
1149,material,mc/mtl_t6_wpn_sniper_svu_scope_thermal,inventory,,,,
1150,material,mc/mtl_t6_wpn_sniper_svu_scope,inventory,,,,
1151,material,mc/mtl_t6_wpn_sniper_svu_camo2,inventory,,,,
1152,material,mc/mtl_t6_wpn_sniper_svu_camo3,inventory,,,,
1153,material,mc/mtl_t6_wpn_sniper_svu_scope_camo2,inventory,,,,
1154,camo,camo_svu,inventory,,,,
1155,image,~~-gmtl_t6_wpn_zmb_mc96_spc-r~271c9147,inventory,,,,
1156,image,mtl_t6_wpn_zmb_mc96_nml,inventory,,,,
1157,image,~-gmtl_t6_wpn_zmb_mc96_col,inventory,,,,
1158,image,~mtl_t6_wpn_zmb_mc96_ir-r&mtl~4b1437ea,inventory,,,,
1159,material,mc/mtl_t6_wpn_zmb_mc96_thermal,inventory,,,,
1160,material,mc/mtl_t6_wpn_zmb_mc96_camo,inventory,,,,
1161,image,~~-gmtl_t6_attach_zmb_mc96_sp~81411e27,inventory,,,,
1162,image,mtl_t6_attach_zmb_mc96_nml,inventory,,,,
1163,material,mc/mtl_t6_attach_zmb_mc96_camo,inventory,,,,
1164,material,mc/mtl_t6_wpn_zmb_mc96_camo2,inventory,,,,
1165,material,mc/mtl_t6_attach_zmb_mc96_camo2,inventory,,,,
1166,camo,camo_mc96,inventory,,,,
1167,image,~~-gmtl_t6_wpn_smg_ak74u_spc-~e9e9e721,inventory,,,,
1168,image,mtl_t6_wpn_smg_ak74u_nml,inventory,,,,
1169,image,~mtl_t6_wpn_smg_ak74u_ao-l&mt~c5e3915a,inventory,,,,
1170,image,~-gmtl_t6_wpn_smg_ak74u_col,inventory,,,,
1171,image,~mtl_t6_wpn_smg_ak74u_ir-r&mt~c475770e,inventory,,,,
1172,material,mc/mtl_t6_wpn_smg_ak74u_thermal,inventory,,,,
1173,material,mc/mtl_t6_wpn_smg_ak74u_camo1,inventory,,,,
1174,material,mc/mtl_t6_wpn_smg_ak74u_camo2,inventory,,,,
1175,image,~~-gmtl_t6_attach_bullet_spc-~81d1624d,inventory,,,,
1176,image,mtl_t6_attach_bullet_nml,inventory,,,,
1177,image,~-gmtl_t6_attach_bullet_col,inventory,,,,
1178,material,mc/mtl_t6_attach_bullet,inventory,,,,
1179,camo,camo_ak74u,inventory,,,,
1180,image,~~-gmtl_t6_wpn_pistol_b2023r_~11bb827b,inventory,,,,
1181,image,mtl_t6_wpn_pistol_b2023r_nml,inventory,,,,
1182,image,~mtl_t6_wpn_pistol_b2023r_ao-~c0cac63b,inventory,,,,
1183,image,~-gmtl_t6_wpn_pistol_b2023r_col,inventory,,,,
1184,image,~mtl_t6_wpn_pistol_b2023r_ir_~05cf40fe,inventory,,,,
1185,material,mc/mtl_t6_wpn_pistol_b2023r_thermal,inventory,,,,
1186,material,mc/mtl_t6_wpn_pistol_b2023r_camo1,inventory,,,,
1187,material,mc/mtl_t6_wpn_pistol_b2023r_camo2,inventory,,,,
1188,material,mc/mtl_t6_wpn_pistol_b2023r_camo3,inventory,,,,
1189,material,mc/mtl_t6_wpn_pistol_b2023r,inventory,,,,
1190,camo,camo_b23r,inventory,,,,
1191,image,~~-gmtl_t6_wpn_smg_chicom_spc~23b0a468,inventory,,,,
1192,image,mtl_t6_wpn_smg_chicom_nml,inventory,,,,
1193,image,~mtl_t6_wpn_smg_chicom_ao-l&m~0476456b,inventory,,,,
1194,image,~-gmtl_t6_wpn_smg_chicom_col,inventory,,,,
1195,image,~mtl_t6_wpn_smg_chicom_ir-r&m~18de236e,inventory,,,,
1196,material,mc/mtl_t6_wpn_smg_chicom_thermal,inventory,,,,
1197,material,mc/mtl_t6_wpn_smg_chicom_camo1,inventory,,,,
1198,material,mc/mtl_t6_wpn_smg_chicom_camo4,inventory,,,,
1199,material,mc/mtl_t6_wpn_smg_chicom_camo3,inventory,,,,
1200,material,mc/mtl_t6_wpn_smg_chicom_camo2,inventory,,,,
1201,camo,camo_chicom,inventory,,,,
1202,image,~-gmtl_t6_wpn_ar_type95_col,inventory,,,,
1203,image,~mtl_t6_wpn_ar_type95_ir-r&mt~846c22ec,inventory,,,,
1204,material,mc/mtl_t6_wpn_ar_type95_thermal,inventory,,,,
1205,material,mc/mtl_t6_wpn_ar_type95,inventory,,,,
1206,material,mc/mtl_t6_wpn_ar_type95_camo2,inventory,,,,
1207,material,mc/mtl_t6_wpn_ar_type95_camo3,inventory,,,,
1208,material,mc/mtl_t6_wpn_ar_type95_camo1,inventory,,,,
1209,camo,camo_type95,inventory,,,,
1210,image,~~-gmtl_t6_wpn_ar_xm8_sc-rgb&~0a04d65b,inventory,,,,
1211,image,mtl_t6_wpn_ar_xm8_n,inventory,,,,
1212,image,~mtl_t6_wpn_ar_xm8_ao-l&mtl_t~658774ef,inventory,,,,
1213,image,~-gmtl_t6_wpn_ar_xm8_c,inventory,,,,
1214,image,~mtl_t6_wpn_ar_xm8_ir-r&mtl_t~b8888fcf,inventory,,,,
1215,material,mc/mtl_t6_wpn_ar_xm8_thermal,inventory,,,,
1216,material,mc/mtl_t6_wpn_ar_xm8,inventory,,,,
1217,material,mc/mtl_t6_wpn_ar_xm8_camo1,inventory,,,,
1218,material,mc/mtl_t6_wpn_ar_xm8_camo2,inventory,,,,
1219,material,mc/mtl_t6_wpn_ar_xm8_camo3,inventory,,,,
1220,image,detail_normal,inventory,,,,
1221,material,mc/mtl_t6_wpn_ar_xm8_detail,inventory,,,,
1222,camo,camo_xm8,inventory,,,,
1223,image,~~-gmtl_t6_wpn_lmg_rpd_spc-rg~fb01daab,inventory,,,,
1224,image,mtl_t6_wpn_lmg_rpd_nml,inventory,,,,
1225,image,~mtl_t6_wpn_lmg_rpd_ao-l&mtl_~789fb838,inventory,,,,
1226,image,~-gmtl_t6_wpn_lmg_rpd_col,inventory,,,,
1227,image,~mtl_t6_wpn_lmg_rpd_ir-r&mtl_~553e881c,inventory,,,,
1228,material,mc/mtl_t6_wpn_lmg_rpd_thermal,inventory,,,,
1229,material,mc/mtl_t6_wpn_lmg_rpd_camo1,inventory,,,,
1230,material,mc/mtl_t6_wpn_lmg_rpd_camo2,inventory,,,,
1231,image,~~-gmtl_t6_wpn_lmg_rpd_mount_~fb2b3ea8,inventory,,,,
1232,image,mtl_t6_wpn_lmg_rpd_mount_nml,inventory,,,,
1233,image,~-gmtl_t6_wpn_lmg_rpd_mount_col,inventory,,,,
1234,image,~mtl_t6_wpn_lmg_rpd_mount_ir-~0b14fbea,inventory,,,,
1235,material,mc/mtl_t6_wpn_lmg_rpd_mount_thermal,inventory,,,,
1236,material,mc/mtl_t6_wpn_lmg_rpd_mount_camo1,inventory,,,,
1237,camo,camo_rpd,inventory,,,,
1238,image,~~-gt6_wpn_pistol_python_t6_s~082b707a,inventory,,,,
1239,image,t6_wpn_pistol_python_t6_nml,inventory,,,,
1240,image,~t6_wpn_pistol_python_t6_ao-l~0c89b218,inventory,,,,
1241,image,~-gt6_wpn_pistol_python_t6_col,inventory,,,,
1242,material,mc/mtl_t6_wpn_pistol_python,inventory,,,,
1243,camo,camo_python,inventory,,,,
1244,image,~~-gmtl_t6_weapon_ar_saritch_~509512b7,inventory,,,,
1245,image,mtl_t6_weapon_ar_saritch_nml,inventory,,,,
1246,image,~mtl_t6_weapon_ar_saritch_ao-~962bd871,inventory,,,,
1247,image,~-gmtl_t6_weapon_ar_saritch_col,inventory,,,,
1248,image,~mtl_t6_weapon_ar_saritch_ir-~0f155f85,inventory,,,,
1249,material,mc/mtl_t6_wpn_ar_saritch_thermal,inventory,,,,
1250,material,mc/mtl_t6_wpn_ar_saritch,inventory,,,,
1251,material,mc/mtl_t6_wpn_ar_saritch_camo1,inventory,,,,
1252,material,mc/mtl_t6_wpn_ar_saritch_camo2,inventory,,,,
1253,material,mc/mtl_t6_wpn_ar_saritch_camo3,inventory,,,,
1254,camo,camo_saritch,inventory,,,,
1255,image,~~-gmtl_t6_wpn_ar_m16a2_spc-r~9f65eb90,inventory,,,,
1256,image,mtl_t6_wpn_ar_m16a2_nml,inventory,,,,
1257,image,~mtl_t6_wpn_ar_m16a2_ao-l&mtl~33efc5f6,inventory,,,,
1258,image,~-gmtl_t6_wpn_ar_m16a2_col,inventory,,,,
1259,image,~mtl_t6_wpn_ar_m16a2_ir-r&mtl~ab7315af,inventory,,,,
1260,material,mc/mtl_t6_wpn_ar_m16_thermal,inventory,,,,
1261,material,mc/mtl_t6_wpn_ar_m16_camo1,inventory,,,,
1262,material,mc/mtl_t6_wpn_ar_m16_camo2,inventory,,,,
1263,image,~~-gmtl_t5_weapon_m60e3_rail_~68db7ceb,inventory,,,,
1264,image,mtl_t5_weapon_m60e3_rail_n,inventory,,,,
1265,image,~mtl_t5_weapon_m60e3_rail_ao-~6f92eedc,inventory,,,,
1266,image,~-gmtl_t5_weapon_m60e3_rail_c,inventory,,,,
1267,image,",weapon_camo_off",inventory,,,,
1268,material,mc/mtl_t5_weapon_flat_rail,inventory,,,,
1269,camo,camo_m16,inventory,,,,
1270,image,~~-gmtl_t6_wpn_shotty_srm1216~0376b053,inventory,,,,
1271,image,mtl_t6_wpn_shotty_srm1216_nml,inventory,,,,
1272,image,~mtl_t6_wpn_shotty_srm1216_ao~a98cfbdb,inventory,,,,
1273,image,~-gmtl_t6_wpn_shotty_srm1216_col,inventory,,,,
1274,image,~mtl_t6_wpn_shotty_srm1216_ir~6b5a6d6d,inventory,,,,
1275,material,mc/mtl_t6_wpn_shotty_srm1216_thermal,inventory,,,,
1276,material,mc/mtl_t6_wpn_shotty_srm1216_camo1,inventory,,,,
1277,material,mc/mtl_t6_wpn_shotty_srm1216_camo4,inventory,,,,
1278,material,mc/mtl_t6_wpn_shotty_srm1216_camo2,inventory,,,,
1279,material,mc/mtl_t6_wpn_shotty_srm1216_camo3,inventory,,,,
1280,camo,camo_srm1216,inventory,,,,
1281,image,~~-gmtl_t6_wpn_lmg_hamr_spc-r~cf9e69cd,inventory,,,,
1282,image,mtl_t6_wpn_lmg_hamr_nml,inventory,,,,
1283,image,~mtl_t6_wpn_lmg_hamr_ao-l&mtl~952856ce,inventory,,,,
1284,image,~-gmtl_t6_wpn_lmg_hamr_col,inventory,,,,
1285,image,~mtl_t6_wpn_lmg_hamr_ir-r&mtl~6f6d7d03,inventory,,,,
1286,material,mc/mtl_t6_wpn_lmg_hamr_thermal,inventory,,,,
1287,material,mc/mtl_t6_wpn_lmg_hamr_camo2,inventory,,,,
1288,material,mc/mtl_t6_wpn_lmg_hamr_camo3,inventory,,,,
1289,material,mc/mtl_t6_wpn_lmg_hamr_camo4,inventory,,,,
1290,image,~~-gmtl_t6_wpn_lmg_hamr_parts~1996d8c7,inventory,,,,
1291,image,mtl_t6_wpn_lmg_hamr_parts_nml,inventory,,,,
1292,image,~mtl_t6_wpn_lmg_hamr_parts_ao~55e49ed9,inventory,,,,
1293,image,~-gmtl_t6_wpn_lmg_hamr_parts_col,inventory,,,,
1294,image,~mtl_t6_wpn_lmg_hamr_parts_ir~a26e8675,inventory,,,,
1295,material,mc/mtl_t6_wpn_lmg_hamr_parts_thermal,inventory,,,,
1296,material,mc/mtl_t6_wpn_lmg_hamr_parts,inventory,,,,
1297,material,mc/mtl_t6_wpn_lmg_hamr_camo1,inventory,,,,
1298,image,~~-gmtl_t6_wpn_lmg_hamr_strap~f289cfd0,inventory,,,,
1299,image,mtl_t6_wpn_lmg_hamr_strap_nml,inventory,,,,
1300,image,~mtl_t6_wpn_lmg_hamr_strap_ao~76b56307,inventory,,,,
1301,image,~-gmtl_t6_wpn_lmg_hamr_strap_col,inventory,,,,
1302,material,mc/mtl_t6_wpn_lmg_hamr_strap,inventory,,,,
1303,camo,camo_hamr,inventory,,,,
1304,image,~~-gmtl_t6_wpn_pistol_kard_sp~430f8966,inventory,,,,
1305,image,mtl_t6_wpn_pistol_kard_nml,inventory,,,,
1306,image,~mtl_t6_wpn_pistol_kard_ao-l&~397a0dd6,inventory,,,,
1307,image,~-gmtl_t6_wpn_pistol_kard_col,inventory,,,,
1308,image,~mtl_t6_wpn_pistol_kard_ir-r&~0a16356e,inventory,,,,
1309,material,mc/mtl_t6_wpn_pistol_kard_thermal,inventory,,,,
1310,material,mc/mtl_t6_wpn_pistol_kard,inventory,,,,
1311,material,mc/mtl_t6_wpn_pistol_kard_camo1,inventory,,,,
1312,material,mc/mtl_t6_wpn_pistol_kard_camo2,inventory,,,,
1313,material,mc/mtl_t6_wpn_pistol_kard_camo3,inventory,,,,
1314,camo,camo_kard,inventory,,,,
1315,image,~~-gmtl_t6_wpn_launch_m32_spc~f600f729,inventory,,,,
1316,image,mtl_t6_wpn_launch_m32_nml,inventory,,,,
1317,image,~mtl_t6_wpn_launch_m32_ao-l&m~72aadc7a,inventory,,,,
1318,image,~-gmtl_t6_wpn_launch_m32_col,inventory,,,,
1319,image,~mtl_t6_wpn_launch_m32_ir-r&m~6c3fa037,inventory,,,,
1320,material,mc/mtl_t6_wpn_launch_m32_thermal,inventory,,,,
1321,material,mc/mtl_t6_wpn_launch_m32,inventory,,,,
1322,camo,camo_m32,inventory,,,,
1323,image,~~-gmtl_t6_wpn_sniper_m82_spc~e528724e,inventory,,,,
1324,image,mtl_t6_wpn_sniper_m82_nml,inventory,,,,
1325,image,~mtl_t6_wpn_sniper_m82_ao-l&m~62a6ac9d,inventory,,,,
1326,image,~-gmtl_t6_wpn_sniper_m82_col,inventory,,,,
1327,image,~mtl_t6_wpn_sniper_m82_ir-r&m~6ca59d45,inventory,,,,
1328,material,mc/mtl_t6_wpn_sniper_m82_thermal,inventory,,,,
1329,material,mc/mtl_t6_wpn_sniper_m82_camo2,inventory,,,,
1330,image,~~-gmtl_t6_wpn_sniper_m82_sco~5594a61f,inventory,,,,
1331,image,mtl_t6_wpn_sniper_m82_scope_nml,inventory,,,,
1332,image,~mtl_t6_wpn_sniper_m82_scope_~1172ecb4,inventory,,,,
1333,image,~-gmtl_t6_wpn_sniper_m82_scope_col,inventory,,,,
1334,image,~mtl_t6_wpn_sniper_m82_scope_~899216c7,inventory,,,,
1335,material,mc/mtl_t6_wpn_sniper_m82_scope_thermal,inventory,,,,
1336,material,mc/mtl_t6_wpn_sniper_m82_scope,inventory,,,,
1337,material,mc/mtl_t6_wpn_sniper_m82,inventory,,,,
1338,material,mc/mtl_t6_wpn_sniper_m82_scope_camo2,inventory,,,,
1339,camo,camo_m82,inventory,,,,
1340,image,~~-gmtl_t6_wpn_pistol_m1911_s~5546ff61,inventory,,,,
1341,image,mtl_t6_wpn_pistol_m1911_nml,inventory,,,,
1342,image,~-gmtl_t6_wpn_pistol_m1911_col,inventory,,,,
1343,image,~mtl_t6_wpn_pistol_m1911_ir-r~c412f4cb,inventory,,,,
1344,material,mc/mtl_t6_wpn_pistol_m1911_thermal,inventory,,,,
1345,material,mc/mtl_t6_wpn_pistol_m1911_camo1,inventory,,,,
1346,material,mc/mtl_t6_wpn_pistol_m1911,inventory,,,,
1347,camo,camo_m1911,inventory,,,,
1348,image,~~-gmtl_t6_wpn_smg_mp5_spc-rg~e72d2a54,inventory,,,,
1349,image,mtl_t6_wpn_smg_mp5_nml,inventory,,,,
1350,image,~mtl_t6_wpn_smg_mp5_ao-l&mtl_~bad36388,inventory,,,,
1351,image,~-gmtl_t6_wpn_smg_mp5_col,inventory,,,,
1352,image,~mtl_t6_wpn_smg_mp5_ir-r&mtl_~5586e1a5,inventory,,,,
1353,material,mc/mtl_t6_wpn_smg_mp5_thermal,inventory,,,,
1354,material,mc/mtl_t6_wpn_smg_mp5_camo1,inventory,,,,
1355,material,mc/mtl_t6_wpn_smg_mp5_camo2,inventory,,,,
1356,image,~~-gmtl_t6_attach_rail_mp5_sp~16f4cb23,inventory,,,,
1357,image,mtl_t6_attach_rail_mp5_nml,inventory,,,,
1358,image,~mtl_t6_attach_rail_mp5_ao-l&~195dd7d4,inventory,,,,
1359,image,~-gmtl_t6_attach_rail_mp5_col,inventory,,,,
1360,material,mc/mtl_t6_attach_rail_mp5,inventory,,,,
1361,camo,camo_mp5,inventory,,,,
1362,image,~~-gmtl_t6_wpn_ar_x95l_spc-rg~3f19d59e,inventory,,,,
1363,image,mtl_t6_wpn_ar_x95l_nml,inventory,,,,
1364,image,~mtl_t6_wpn_ar_x95l_ao-l&mtl_~cb376056,inventory,,,,
1365,image,~-gmtl_t6_wpn_ar_x95l_col,inventory,,,,
1366,image,~mtl_t6_wpn_ar_x95l_ir-r&mtl_~c4b30ff3,inventory,,,,
1367,material,mc/mtl_t6_wpn_ar_tavor_thermal,inventory,,,,
1368,material,mc/mtl_t6_wpn_ar_x95l_camo1,inventory,,,,
1369,material,mc/mtl_t6_wpn_ar_x95l_camo2,inventory,,,,
1370,material,mc/mtl_t6_wpn_ar_x95l_camo3,inventory,,,,
1371,material,mc/mtl_t6_wpn_ar_x95l_camo4,inventory,,,,
1372,techniqueset,",mc_sw4_3d_viewmodel_transparent_z9z0z75f",inventory,,,,
1373,image,~~-gmtl_t6_wpn_ar_x95l_alpha_~5a76e993,inventory,,,,
1374,image,mtl_t6_wpn_ar_x95l_alpha_nml,inventory,,,,
1375,image,~-gmtl_t6_wpn_ar_x95l_alpha_col,inventory,,,,
1376,material,mc/mtl_t6_wpn_ar_x95l_alpha,inventory,,,,
1377,image,~~-gmtl_t6_wpn_ar_x95l_cord_s~0797dcba,inventory,,,,
1378,image,mtl_t6_wpn_ar_x95l_cord_nml,inventory,,,,
1379,image,~mtl_t6_wpn_ar_x95l_cord_ao-l~341f6333,inventory,,,,
1380,image,~-gmtl_t6_wpn_ar_x95l_cord_col,inventory,,,,
1381,material,mc/mtl_t6_wpn_ar_x95l_cord,inventory,,,,
1382,camo,camo_x95l,inventory,,,,
1383,image,~~-gmtl_t6_wpn_shotty_olympia~fe768c4a,inventory,,,,
1384,image,mtl_t6_wpn_shotty_olympia_nml,inventory,,,,
1385,image,~mtl_t6_wpn_shotty_olympia_ao~2bd95fd2,inventory,,,,
1386,image,~-gmtl_t6_wpn_shotty_olympia_col,inventory,,,,
1387,material,mc/mtl_t6_wpn_shotty_olympia,inventory,,,,
1388,material,mc/mtl_t6_wpn_shotty_olympia_wood,inventory,,,,
1389,camo,camo_olympia,inventory,,,,
1390,image,~~-gmtl_t6_wpn_shotty_saiga_s~e9b697b5,inventory,,,,
1391,image,mtl_t6_wpn_shotty_saiga_nml,inventory,,,,
1392,image,~mtl_t6_wpn_shotty_saiga_ao-l~46f74563,inventory,,,,
1393,image,~-gmtl_t6_wpn_shotty_saiga_col,inventory,,,,
1394,image,~mtl_t6_wpn_shotty_saiga_ir-r~b9bc6557,inventory,,,,
1395,material,mc/mtl_t6_wpn_shotty_saiga_thermal,inventory,,,,
1396,material,mc/mtl_t6_wpn_shotty_saiga,inventory,,,,
1397,material,mc/mtl_t6_wpn_shotty_saiga_camo1,inventory,,,,
1398,material,mc/mtl_t6_wpn_shotty_saiga_camo2,inventory,,,,
1399,material,mc/mtl_t6_wpn_shotty_saiga_camo3,inventory,,,,
1400,camo,camo_saiga,inventory,,,,
1401,image,~~-gmtl_t6_wpn_pistol_judge_s~070228a5,inventory,,,,
1402,image,mtl_t6_wpn_pistol_judge_nml,inventory,,,,
1403,image,~mtl_t6_wpn_pistol_judge_ao-l~2b635aa0,inventory,,,,
1404,image,~-gmtl_t6_wpn_pistol_judge_col,inventory,,,,
1405,image,~mtl_t6_wpn_pistol_judge_ir-r~1fa841dd,inventory,,,,
1406,material,mc/mtl_t6_wpn_pistol_judge_thermal,inventory,,,,
1407,material,mc/mtl_t6_wpn_pistol_judge,inventory,,,,
1408,material,mc/mtl_t6_wpn_pistol_judge_camo3,inventory,,,,
1409,material,mc/mtl_t6_wpn_pistol_judge_camo1,inventory,,,,
1410,material,mc/mtl_t6_wpn_pistol_judge_camo2,inventory,,,,
1411,camo,camo_judge,inventory,,,,
1412,image,~~-gmtl_t6_wpn_launch_usrpg_s~b1f8612a,inventory,,,,
1413,image,mtl_t6_wpn_launch_usrpg_nml,inventory,,,,
1414,image,~mtl_t6_wpn_launch_usrpg_ao-l~e2c44b09,inventory,,,,
1415,image,~-gmtl_t6_wpn_launch_usrpg_col,inventory,,,,
1416,image,~mtl_t6_wpn_launch_usrpg_ir-r~193e1d60,inventory,,,,
1417,material,mc/mtl_t6_wpn_launch_usrpg_thermal,inventory,,,,
1418,material,mc/mtl_t6_wpn_launch_usrpg,inventory,,,,
1419,material,mc/mtl_t6_wpn_launch_usrpg_camo4,inventory,,,,
1420,material,mc/mtl_t6_wpn_launch_usrpg_camo2,inventory,,,,
1421,image,~~-gmtl_t6_wpn_launch_usrpg_a~fde34792,inventory,,,,
1422,image,mtl_t6_wpn_launch_usrpg_alpha_nml,inventory,,,,
1423,image,~-gmtl_t6_wpn_launch_usrpg_alpha_col,inventory,,,,
1424,material,mc/mtl_t6_wpn_launch_usrpg_alpha,inventory,,,,
1425,material,mc/mtl_t6_wpn_launch_usrpg_camo3,inventory,,,,
1426,camo,camo_usrpg,inventory,,,,
1427,image,~~-gmtl_t6_wpn_smg_peacekeepe~89c87a47,inventory,,,,
1428,image,mtl_t6_wpn_smg_peacekeeper_nml,inventory,,,,
1429,image,~mtl_t6_wpn_smg_peacekeeper_a~44e893c3,inventory,,,,
1430,image,~-gmtl_t6_wpn_smg_peacekeeper_col,inventory,,,,
1431,image,~mtl_t6_wpn_smg_peacekeeper_i~186faa3b,inventory,,,,
1432,material,mc/mtl_t6_wpn_smg_peacekeeper_thermal,inventory,,,,
1433,material,mc/mtl_t6_wpn_smg_peacekeeper,inventory,,,,
1434,material,mc/mtl_t6_wpn_smg_peacekeeper_camo2,inventory,,,,
1435,material,mc/mtl_t6_wpn_smg_peacekeeper_camo3,inventory,,,,
1436,material,mc/mtl_t6_wpn_smg_peacekeeper_camo4,inventory,,,,
1437,techniqueset,mc_sw4_3d_viewmodel_unlit_j299w86e,inventory,,,,
1438,image,mtl_t6_attach_tritium_blu_glo,inventory,,,,
1439,material,mc/mtl_t6_attach_tritium_blu_glo,inventory,,,,
1440,camo,camo_peacekeeper,inventory,,,,
1441,fx,system_elements/fx_null,inventory,,,,
1442,fx,",system_elements/fx_blood_drops_decal_emit",inventory,,,,
1443,material,",gfx_fxt_smk_puff",inventory,,,,
1444,techniqueset,",effect_5e098749",inventory,,,,
1445,image,fxt_fire_flame_vert_c,inventory,,,,
1446,material,gfx_fxt_fire_flame_vert_c,inventory,,,,
1447,techniqueset,",effect_50567j38",inventory,,,,
1448,image,fxt_fire_flame_vert_e,inventory,,,,
1449,material,gfx_fxt_fire_flame_vert_e,inventory,,,,
1450,image,fxt_fire_flame_vert_d,inventory,,,,
1451,material,gfx_fxt_fire_flame_vert_d,inventory,,,,
1452,techniqueset,",distortion_81587199",inventory,,,,
1453,image,",fxt_fx_distortion_heat",inventory,,,,
1454,material,gfx_fxt_fx_distortion_heat_scale5,inventory,,,,
1455,fx,weapon/muzzleflashes/fx_smg_flash_base,inventory,,,,
1456,techniqueset,effect_23712j0e,inventory,,,,
1457,image,",fxt_fire_gas_flash",inventory,,,,
1458,material,gfx_fxt_gas_flash_blnd,inventory,,,,
1459,material,",gfx_fxt_gas_flash_z0",inventory,,,,
1460,fx,weapon/muzzleflashes/fx_muz_break_md_5_star,inventory,,,,
1461,image,",fxt_light_incandescent",inventory,,,,
1462,material,gfx_fxt_light_incandescent,inventory,,,,
1463,material,",gfx_fxt_gas_flash",inventory,,,,
1464,material,gfx_fxt_fire_flame_vert_e_blnd,inventory,,,,
1465,fx,weapon/muzzleflashes/fx_muz_md_gas_flash_1p,inventory,,,,
1466,fx,weapon/muzzleflashes/fx_muz_md_smk,inventory,,,,
1467,fx,weapon/muzzleflashes/fx_muz_ar_flash_1p_5_star_mb,inventory,,,,
1468,fx,weapon/muzzleflashes/fx_muz_sm_gas_flash_1p,inventory,,,,
1469,fx,weapon/muzzleflashes/fx_muz_sm_smk_1p,inventory,,,,
1470,fx,weapon/muzzleflashes/fx_muz_break_sm_4_arc,inventory,,,,
1471,fx,weapon/muzzleflashes/fx_muz_smg_flash_1p_4_arc_mb,inventory,,,,
1472,fx,weapon/muzzleflashes/fx_muz_lg_gas_flash_slug_1p,inventory,,,,
1473,fx,weapon/muzzleflashes/fx_muz_lg_smk_1p,inventory,,,,
1474,fx,weapon/muzzleflashes/fx_muz_sg_slug_flash_1p,inventory,,,,
1475,fx,weapon/muzzleflashes/fx_muz_lg_gas_flash_slug_3p,inventory,,,,
1476,material,",gfx_fxt_smk_light_z10",inventory,,,,
1477,fx,weapon/muzzleflashes/fx_muz_lg_smk_3p,inventory,,,,
1478,fx,weapon/muzzleflashes/fx_muz_break_lg_4_sqr,inventory,,,,
1479,fx,weapon/muzzleflashes/fx_muz_sg_slug_flash_3p,inventory,,,,
1480,fx,weapon/muzzleflashes_zmb_ug/fx_zmb_muz_md_gas_flash_1p,inventory,,,,
1481,fx,weapon/muzzleflashes_zmb_ug/fx_zmb_muz_break_md_4_sqr,inventory,,,,
1482,fx,weapon/muzzleflashes_zmb_ug/fx_zmb_ar_flash_1p_4_sqr,inventory,,,,
1483,fx,weapon/muzzleflashes_zmb_ug/fx_zmb_muz_md_gas_flash_3p,inventory,,,,
1484,fx,weapon/muzzleflashes/fx_muz_ar_flash_1p,inventory,,,,
1485,material,",gfx_fxt_spark_grind",inventory,,,,
1486,material,",gfx_fxt_spark_single",inventory,,,,
1487,image,fxt_fx_shimmer,inventory,,,,
1488,material,gfx_fxt_fx_shimmer,inventory,,,,
1489,fx,weapon/muzzleflashes/fx_shotgun_flash_base,inventory,,,,
1490,material,",gfx_fxt_spark_pcloud_02",inventory,,,,
1491,fx,weapon/muzzleflashes_zmb_ug/fx_zmb_muz_buck_1p,inventory,,,,
1492,fx,weapon/muzzleflashes_zmb_ug/fx_zmb_muz_buck_3p,inventory,,,,
1493,fx,weapon/muzzleflashes/fx_muz_lg_gas_flash_buck_1p,inventory,,,,
1494,fx,weapon/muzzleflashes/fx_muz_sg_buck_flash_1p,inventory,,,,
1495,fx,weapon/muzzleflashes/fx_muz_lg_gas_flash_buck_3p,inventory,,,,
1496,fx,weapon/muzzleflashes/fx_muz_sg_buck_flash_3p,inventory,,,,
1497,fx,weapon/muzzleflashes/fx_muz_break_md_4_sqr,inventory,,,,
1498,fx,weapon/muzzleflashes/fx_muz_ar_flash_1p_4_sqr_mb,inventory,,,,
1499,fx,weapon/muzzleflashes/fx_muz_lg_gas_flash_1p,inventory,,,,
1500,fx,weapon/muzzleflashes/fx_muz_mg_flash_1p,inventory,,,,
1501,fx,weapon/muzzleflashes/fx_muz_lg_gas_flash_3p,inventory,,,,
1502,fx,weapon/muzzleflashes/fx_muz_md_smk_3p,inventory,,,,
1503,fx,weapon/muzzleflashes/fx_muz_mg_flash_3p,inventory,,,,
1504,fx,weapon/muzzleflashes/fx_heavy_flash_base,inventory,,,,
1505,fx,weapon/muzzleflashes/fx_muz_break_md_2_side,inventory,,,,
1506,fx,weapon/muzzleflashes/fx_muz_ar_flash_1p_2_side_mb,inventory,,,,
1507,fx,weapon/muzzleflashes_zmb_ug/fx_zmb_muz_break_sm_2_side,inventory,,,,
1508,fx,weapon/muzzleflashes_zmb_ug/fx_zmb_muz_sm_gas_flash_1p,inventory,,,,
1509,techniqueset,",effect_z0z25860",inventory,,,,
1510,image,",fxt_smk_puff",inventory,,,,
1511,material,gfx_fxt_smk_puff_z40_sadd,inventory,,,,
1512,fx,weapon/muzzleflashes_zmb_ug/fx_zmb_muz_smg_flash_1p_2sd,inventory,,,,
1513,fx,weapon/muzzleflashes/fx_muz_mg_flash_1p_4_sqr_mb,inventory,,,,
1514,fx,weapon/muzzleflashes_zmb_ug/fx_zmb_muz_lg_gas_flash_1p,inventory,,,,
1515,fx,weapon/muzzleflashes_zmb_ug/fx_zmb_muz_break_lg_4_sqr,inventory,,,,
1516,fx,weapon/muzzleflashes_zmb_ug/fx_zmb_muz_mg_flash_1p_4sqr,inventory,,,,
1517,fx,weapon/muzzleflashes_zmb_ug/fx_zmb_muz_lg_gas_flash_3p,inventory,,,,
1518,fx,weapon/muzzleflashes/fx_muz_xlg_gas_flash_1p,inventory,,,,
1519,fx,weapon/muzzleflashes/fx_muz_xlg_smk_1p,inventory,,,,
1520,fx,weapon/muzzleflashes/fx_muz_snpr_flash_1p,inventory,,,,
1521,fx,weapon/muzzleflashes/fx_muz_xlg_gas_flash_3p,inventory,,,,
1522,fx,weapon/muzzleflashes/fx_muz_snpr_flash_3p,inventory,,,,
1523,fx,weapon/muzzleflashes_zmb_ug/fx_zmb_muz_xlg_gas_flash_1p,inventory,,,,
1524,fx,weapon/muzzleflashes_zmb_ug/fx_zmb_muz_xlg_gas_flash_3p,inventory,,,,
1525,fx,weapon/muzzleflashes/fx_muz_silencer_md,inventory,,,,
1526,fx,weapon/muzzleflashes/fx_muz_silencer_md_3p,inventory,,,,
1527,techniqueset,effect_w77q49e8,inventory,,,,
1528,image,fxt_smk_light_old,inventory,,,,
1529,material,gfx_fxt_smk_light_old,inventory,,,,
1530,image,fxt_fire_flame_base_01,inventory,,,,
1531,material,gfx_fxt_fire_flame_base_01,inventory,,,,
1532,techniqueset,effect_ze9wj511,inventory,,,,
1533,image,",fxt_fire_anim_fuel",inventory,,,,
1534,material,gfx_fxt_fire_anim_fuel_gr,inventory,,,,
1535,fx,weapon/muzzleflashes/fx_at4_flash_world,inventory,,,,
1536,fx,weapon/muzzleflashes_zmb_ug/fx_zmb_muz_m32_3p,inventory,,,,
1537,fx,weapon/muzzleflashes/fx_muz_break_sm_2_side,inventory,,,,
1538,fx,weapon/muzzleflashes/fx_muz_smg_flash_1p_2_side_mb,inventory,,,,
1539,techniqueset,",effect_8f63534j",inventory,,,,
1540,material,gfx_fxt_fire_flame_vert_e_z0,inventory,,,,
1541,fx,weapon/muzzleflashes/fx_muz_xsm_gas_flash_1p,inventory,,,,
1542,fx,weapon/muzzleflashes/fx_muz_lg_gas_flash_buck_sm_1p,inventory,,,,
1543,fx,weapon/muzzleflashes/fx_muz_judge_flash_1p,inventory,,,,
1544,fx,weapon/muzzleflashes/fx_zombie_smg_flash_base_ug,inventory,,,,
1545,image,~~-gfx_bullet_chain_spc-rgb&~~cf27f2d4,inventory,,,,
1546,image,~-gfx_bullet_chain_col,inventory,,,,
1547,material,mc/mtl_fx_bullet_chain,inventory,,,,
1548,xmodel,fx_bullet_chain,inventory,,,,
1549,fx,weapon/shellejects/fx_saw_link_resting,inventory,,,,
1550,techniqueset,mc_lit_sm_b0c0s0_805w75j2,inventory,,,,
1551,material,mc/mtl_fx_bullet_chain_alpha,inventory,,,,
1552,xmodel,fx_bullet_chain_blur,inventory,,,,
1553,fx,weapon/shellejects/fx_lsat_link,inventory,,,,
1554,techniqueset,",effect_775wj8ww",inventory,,,,
1555,image,fxt_light_hot,inventory,,,,
1556,material,gfx_fxt_light_hot_add_eo5,inventory,,,,
1557,fx,weapon/raygun2/fx_zm_raygun2_ug_view,inventory,,,,
1558,techniqueset,effect_50q42feu,inventory,,,,
1559,material,gfx_fxt_fire_flame_vert_d_z0,inventory,,,,
1560,fx,weapon/raygun2/fx_zm_raygun2_ug_world,inventory,,,,
1561,image,fxt_smk_cigar,inventory,,,,
1562,material,gfx_fxt_smk_cigar,inventory,,,,
1563,image,fxt_fire_anim_flicker_1,inventory,,,,
1564,material,gfx_fxt_fire_anim_flicker_1_z10,inventory,,,,
1565,material,",gfx_fxt_spark_anim_blink",inventory,,,,
1566,image,fxt_fire_anim_lick,inventory,,,,
1567,material,gfx_fxt_fire_anim_lick,inventory,,,,
1568,material,gfx_fxt_light_hot_add_eo20_z20,inventory,,,,
1569,techniqueset,mc_lit_sm_b0c0_fw0jf955,inventory,,,,
1570,image,~-gimpact_metal05_blend,inventory,,,,
1571,material,mc/gfx_impact_metal05_blend,inventory,,,,
1572,techniqueset,wc_lit_sm_b0c0_jj25624z,inventory,,,,
1573,material,wc/gfx_impact_metal05_blend,inventory,,,,
1574,material,gfx_fxt_gas_flash_z80,inventory,,,,
1575,material,gfx_fxt_light_hot_add_eo5_z10,inventory,,,,
1576,material,",gfx_fxt_exp_fire",inventory,,,,
1577,material,",gfx_fxt_exp_fire_z200",inventory,,,,
1578,fx,weapon/raygun2/fx_zm_raygun2_ug_impact,inventory,,,,
1579,fx,weapon/raygun2/fx_zm_raygun2_ug_impact_flesh,inventory,,,,
1580,techniqueset,",effect_8wjj7fj0",inventory,,,,
1581,image,fxt_tracer_trail,inventory,,,,
1582,material,gfx_fxt_tracer_trail,inventory,,,,
1583,fx,weapon/raygun2/fx_zm_raygun2_ug_bolt_emit,inventory,,,,
1584,image,~~-gfx_shell_spc-rgb&~-rfx_sh~7097a0cb,inventory,,,,
1585,image,fx_shell_nml,inventory,,,,
1586,image,~-gfx_shell_col,inventory,,,,
1587,image,fx_shell_ir,inventory,,,,
1588,material,mc/mtl_fx_shell_thermal,inventory,,,,
1589,material,mc/mtl_fx_shell,inventory,,,,
1590,xmodel,fx_pistol_shell,inventory,,,,
1591,fx,weapon/shellejects/fx_pistol_resting,inventory,,,,
1592,image,~~-gfx_shell_spc-rgb&~-rfx_sh~d0e9df3d,inventory,,,,
1593,material,mc/mtl_fx_shell_alpha,inventory,,,,
1594,xmodel,fx_pistol_shell_blur,inventory,,,,
1595,fx,weapon/shellejects/fx_pistol,inventory,,,,
1596,fx,weapon/muzzleflashes_zmb_ug/fx_zmb_muz_sm_gas_flash_3p,inventory,,,,
1597,fx,weapon/muzzleflashes_zmb_ug/fx_zmb_muz_smg_flash_3p,inventory,,,,
1598,xmodel,fx_rifle_shell,inventory,,,,
1599,xmodel,fx_rifle_shell_blur,inventory,,,,
1600,fx,weapon/shellejects/fx_rifle_resting,inventory,,,,
1601,fx,weapon/shellejects/fx_saw,inventory,,,,
1602,fx,weapon/shellejects/fx_rifle,inventory,,,,
1603,fx,weapon/muzzleflashes/fx_muz_break_md_4_arc,inventory,,,,
1604,fx,weapon/muzzleflashes/fx_muz_ar_flash_1p_4_arc_mb,inventory,,,,
1605,fx,weapon/muzzleflashes/fx_muz_md_gas_flash_3p,inventory,,,,
1606,fx,weapon/muzzleflashes/fx_muz_ar_flash_3p,inventory,,,,
1607,material,",gfx_fxt_smk_light",inventory,,,,
1608,fx,weapon/muzzleflashes/fx_zombie_heavy_flash_base_ug,inventory,,,,
1609,fx,weapon/muzzleflashes/fx_muz_break_sm_4_sqr,inventory,,,,
1610,fx,weapon/muzzleflashes/fx_muz_smg_flash_1p,inventory,,,,
1611,fx,weapon/muzzleflashes/fx_muz_sm_gas_flash_3p,inventory,,,,
1612,fx,weapon/muzzleflashes/fx_muz_smg_flash_3p,inventory,,,,
1613,techniqueset,",effect_3z0w0424",inventory,,,,
1614,image,fxt_smk_trail,inventory,,,,
1615,material,gfx_fxt_smk_trail,inventory,,,,
1616,material,",gfx_fxt_light_flare_phosphorous_eo20",inventory,,,,
1617,fx,weapon/grenade/fx_trail_rpg,inventory,,,,
1618,fx,weapon/muzzleflashes_zmb_ug/fx_zmb_muz_usrpg_3p,inventory,,,,
1619,attachment,",defaultattachment",inventory,,,,
1620,attachment,dualclip_segmented,inventory,,,,
1621,attachmentunique,au_spas_dualclip,inventory,,,,
1622,attachmentunique,au_spas_extclip,inventory,,,,
1623,attachmentunique,au_spas_none,inventory,,,,
1624,image,~~-gfx_shotgun_shell_spc-rgb&~3eb26b78,inventory,,,,
1625,image,fx_shotgun_shell_nml,inventory,,,,
1626,image,~-gfx_shotgun_shell_col,inventory,,,,
1627,image,fx_shotgun_shell_ir,inventory,,,,
1628,material,mc/mtl_fx_shotgun_shell_thermal,inventory,,,,
1629,material,mc/mtl_fx_shotgun_shell,inventory,,,,
1630,xmodel,fx_shotgun_shell,inventory,,,,
1631,fx,weapon/shellejects/fx_shotgun_resting,inventory,,,,
1632,image,~~-gfx_shotgun_shell_spc-rgb&~459f19be,inventory,,,,
1633,material,mc/mtl_fx_shotgun_shell_alpha,inventory,,,,
1634,xmodel,fx_shotgun_shell_blur,inventory,,,,
1635,fx,weapon/shellejects/fx_shotgun,inventory,,,,
1636,image,tracer_friendly,inventory,,,,
1637,material,gfx_tracer,inventory,,,,
1638,image,menu_mp_weapons_spas,inventory,,,,
1639,material,menu_mp_weapons_spas,inventory,,,,
1640,image,menu_mp_weapons_spas_big,inventory,,,,
1641,material,menu_mp_weapons_spas_big,inventory,,,,
1642,image,side_small,inventory,,,,
1643,material,reticle_side_small,inventory,,,,
1644,rawfile,rumble/shotgun_fire,dumped_embedded,fastfiles/mod/assets/rumble/shotgun_fire,151,d2bff8d6da5d03483b1ad3b18ca0ec5a15961b469069cecec48bf080a1f60e15,
1645,rawfile,rumble/shotgun_fire_h.rmb,dumped_embedded,fastfiles/mod/assets/rumble/shotgun_fire_h.rmb,82,2a47f7f4b272f066728a4587c71491a84ddfe5f47298240ce8da212b1b12134e,
1646,rawfile,rumble/shotgun_fire_l.rmb,dumped_embedded,fastfiles/mod/assets/rumble/shotgun_fire_l.rmb,82,697156271e2fce6a6b586f1e93169f78dab231f0604778f44dd8e4bbb88c5ab0,
1647,rawfile,weapons/spas_zm,dumped_embedded,fastfiles/mod/assets/weapons/spas_zm,21707,36e6b4f6a7c8cce1f4ed0fdf29a5e77075d37a11b1e5c2c0942a97aa5aaf0849,
1648,soundbank,wpn_spas.all,inventory,,,,
1649,techniqueset,particlecloud_w7046j83,inventory,,,,
1650,tracer,shotgun,inventory,,,,
1651,xmodel,t6_wpn_shotty_spas_view,inventory,,,,
1652,xanim,viewmodel_spas12_t6_idle,inventory,,,,
1653,xanim,viewmodel_spas12_t6_fire,inventory,,,,
1654,xanim,viewmodel_spas12_t6_reload_loop,inventory,,,,
1655,xanim,viewmodel_spas12_t6_reload_in,inventory,,,,
1656,xanim,viewmodel_spas12_t6_reload_out,inventory,,,,
1657,xanim,viewmodel_spas12_t6_pullout,inventory,,,,
1658,xanim,viewmodel_spas12_t6_putaway,inventory,,,,
1659,xanim,viewmodel_spas12_t6_first_raise,inventory,,,,
1660,xanim,viewmodel_spas12_t6_pullout_quick,inventory,,,,
1661,xanim,viewmodel_spas12_t6_putaway_quick,inventory,,,,
1662,xanim,viewmodel_spas12_t6_sprint_in,inventory,,,,
1663,xanim,viewmodel_spas12_t6_sprint_loop,inventory,,,,
1664,xanim,viewmodel_spas12_t6_sprint_out,inventory,,,,
1665,xanim,viewmodel_spas12_t6_crawl_in,inventory,,,,
1666,xanim,viewmodel_spas12_t6_crawl_forward,inventory,,,,
1667,xanim,viewmodel_spas12_t6_crawl_back,inventory,,,,
1668,xanim,viewmodel_spas12_t6_crawl_right,inventory,,,,
1669,xanim,viewmodel_spas12_t6_crawl_left,inventory,,,,
1670,xanim,viewmodel_spas12_t6_crawl_out,inventory,,,,
1671,xanim,viewmodel_spas12_t6_ads_fire,inventory,,,,
1672,xanim,viewmodel_spas12_t6_ads_up,inventory,,,,
1673,xanim,viewmodel_spas12_t6_ads_down,inventory,,,,
1674,xanim,viewmodel_spas12_t6_d2p_in,inventory,,,,
1675,xanim,viewmodel_spas12_t6_d2p_loop,inventory,,,,
1676,xanim,viewmodel_spas12_t6_d2p_out,inventory,,,,
1677,xmodel,t6_wpn_shotty_spas_world,inventory,,,,
1678,weapon,spas_zm,inventory,,,,
1679,weapon,spas_upgraded_zm,inventory,,,,
1680,script,maps/mp/zombies/_zm_weap_slipgun.gsc,dumped_embedded,fastfiles/mod/assets/maps/mp/zombies/_zm_weap_slipgun.gsc,25900,6f68a1d6a9baed313ce7b068bbc78846ff6d995aa6b91c0cc5663950c1b4dfb5,
1681,script,clientscripts/mp/zombies/_zm_weap_slipgun.csc,dumped_embedded,fastfiles/mod/assets/clientscripts/mp/zombies/_zm_weap_slipgun.csc,1340,8c492277f2e55b3108709988941ada40323efd646fa02a1731456cddb46c4282,
1682,xanim,ai_zombie_slipslide_collapse,inventory,,,,
1683,xanim,ai_zombie_walk_slipslide,inventory,,,,
1684,xanim,ai_zombie_walk_slipslide_a,inventory,,,,
1685,xanim,ai_zombie_run_slipslide,inventory,,,,
1686,xanim,ai_zombie_run_slipslide_a,inventory,,,,
1687,xanim,ai_zombie_sprint_slipslide,inventory,,,,
1688,xanim,ai_zombie_sprint_slipslide_a,inventory,,,,
1689,xanim,ai_zombie_stand_slipslide_recover,inventory,,,,
1690,xanim,ai_zombie_crawl_slipslide_slow,inventory,,,,
1691,xanim,ai_zombie_crawl_slipslide_fast,inventory,,,,
1692,xanim,ai_zombie_crawl_slipslide_recover,inventory,,,,
1693,image,fxt_env_water_bubble_big,inventory,,,,
1694,material,gfx_fxt_env_water_bubble_big,inventory,,,,
1695,image,fxt_env_water_droplets,inventory,,,,
1696,material,gfx_fxt_env_water_droplets_add,inventory,,,,
1697,techniqueset,effect_8e1qf0qq,inventory,,,,
1698,image,fxt_env_water_ripple,inventory,,,,
1699,material,gfx_fxt_env_water_ripple_add,inventory,,,,
1700,image,fxt_env_water_splash2,inventory,,,,
1701,material,gfx_fxt_env_water_splash2_add_z10,inventory,,,,
1702,fx,weapon/liquifier/fx_liquifier_goo_splat_fumes,inventory,,,,
1703,techniqueset,mc_sw4_3d_goo_e5z39378,inventory,,,,
1704,image,~~-ggoo_splat01_spc-rgb&~-rgo~42ce6943,inventory,,,,
1705,image,goo_splat01_nml,inventory,,,,
1706,image,~-ggoo_splat01_col,inventory,,,,
1707,material,mc/gfx_impact_goo_spatter01,inventory,,,,
1708,techniqueset,wc_sw4_3d_goo_jjezzf6u,inventory,,,,
1709,material,wc/gfx_impact_goo_spatter01,inventory,,,,
1710,fx,weapon/liquifier/fx_liquifier_goo_splat,inventory,,,,
1711,fx,maps/zombie/fx_zmb_goo_splat,inventory,,,,
1712,image,fxt_smk_gen,inventory,,,,
1713,material,gfx_fxt_smk_gen_z20,inventory,,,,
1714,material,gfx_fxt_smk_gen_z40,inventory,,,,
1715,material,",gfx_fxt_debris_clump",inventory,,,,
1716,techniqueset,mc_lit_sm_t0c0d0n0s0_68eww765,inventory,,,,
1717,image,~~-glimbs_s-rgb&~-rlimbs_g&limbs_n-l,inventory,,,,
1718,image,limbs_n,inventory,,,,
1719,image,~-glimbs_c,inventory,,,,
1720,image,skin_pore_detail,inventory,,,,
1721,material,mc/mtl_fx_char_gib_chunks,inventory,,,,
1722,xmodel,fx_char_gib_chunk_fat,inventory,,,,
1723,xmodel,fx_char_gib_chunk_flesh01,inventory,,,,
1724,xmodel,fx_char_gib_chunk_meat02,inventory,,,,
1725,material,",gfx_fxt_smk_gen",inventory,,,,
1726,material,",gfx_fxt_bio_bloodburst_b_ds64",inventory,,,,
1727,techniqueset,effect_361qjf64,inventory,,,,
1728,material,gfx_fxt_env_water_splash2_ds64_add,inventory,,,,
1729,techniqueset,effect_j68f8w3z,inventory,,,,
1730,material,gfx_fxt_env_water_splash2_ds64_sadd,inventory,,,,
1731,techniqueset,",effect_wj9j7075",inventory,,,,
1732,image,",fxt_debris_fine_clump",inventory,,,,
1733,material,gfx_fxt_debris_fine_clump_ds64,inventory,,,,
1734,techniqueset,particlecloud_9337w7f6,inventory,,,,
1735,image,fxt_debris_gib_dirt_pcloud_1,inventory,,,,
1736,material,gfx_fxt_debris_gib_dirt_pcloud_1,inventory,,,,
1737,image,fxt_debris_gib_dirt_pcloud_2,inventory,,,,
1738,material,gfx_fxt_debris_gib_dirt_pcloud_2,inventory,,,,
1739,image,fxt_debris_gib_dirt_pcloud_3,inventory,,,,
1740,material,gfx_fxt_debris_gib_dirt_pcloud_3,inventory,,,,
1741,image,fxt_debris_gib_dirt_pcloud_4,inventory,,,,
1742,material,gfx_fxt_debris_gib_dirt_pcloud_4,inventory,,,,
1743,fx,weapon/liquifier/fx_liquifier_goo_explo_bounce,inventory,,,,
1744,fx,weapon/liquifier/fx_liquifier_goo_explo,inventory,,,,
1745,material,gfx_fxt_smk_cigar_ds128,inventory,,,,
1746,fx,weapon/liquifier/fx_liquifier_goo_sizzle,inventory,,,,
1747,techniqueset,",effect_842ee834",inventory,,,,
1748,material,gfx_fxt_smk_gen_vm,inventory,,,,
1749,fx,weapon/liquifier/fx_liquifier_clip_eject,inventory,,,,
1750,fx,weapon/liquifier/fx_liquifier_reload_steam,inventory,,,,
1751,techniqueset,mc_sw4_3d_optic_lens_4w47028j,inventory,,,,
1752,image,mtl_t6_wpn_zmb_slipgun_glass_n,inventory,,,,
1753,image,~-gmtl_t6_wpn_zmb_slipgun_glass_g,inventory,,,,
1754,image,~-gmtl_t6_wpn_zmb_slipgun_glass_c,inventory,,,,
1755,image,~-rmtl_t6_wpn_zmb_slipgun_gla~616be9e7,inventory,,,,
1756,material,mc/mtl_t6_wpn_zmb_slipgun_glass,inventory,,,,
1757,xmodel,t6_wpn_zmb_slipgun_view,inventory,,,,
1758,image,~~-gdefault_s-rgb&$black-l,inventory,,,,
1759,image,~-gdefault_c,inventory,,,,
1760,material,mc/mtl_default,inventory,,,,
1761,xmodel,viewmodel_hands_no_model,inventory,,,,
1762,xanim,viewmodel_zombie_slickgun_idle,inventory,,,,
1763,xanim,viewmodel_zombie_slickgun_fire,inventory,,,,
1764,xanim,viewmodel_zombie_slickgun_reload_empty,inventory,,,,
1765,xanim,viewmodel_zombie_slickgun_pullout,inventory,,,,
1766,xanim,viewmodel_zombie_slickgun_putaway,inventory,,,,
1767,xanim,viewmodel_zombie_slickgun_first_raise,inventory,,,,
1768,xanim,viewmodel_zombie_slickgun_pullout_quick,inventory,,,,
1769,xanim,viewmodel_zombie_slickgun_putaway_quick,inventory,,,,
1770,xanim,viewmodel_zombie_slickgun_sprint_in,inventory,,,,
1771,xanim,viewmodel_zombie_slickgun_sprint_loop,inventory,,,,
1772,xanim,viewmodel_zombie_slickgun_sprint_out,inventory,,,,
1773,xanim,viewmodel_zombie_slickgun_crawl_in,inventory,,,,
1774,xanim,viewmodel_zombie_slickgun_crawl_forward,inventory,,,,
1775,xanim,viewmodel_zombie_slickgun_crawl_back,inventory,,,,
1776,xanim,viewmodel_zombie_slickgun_crawl_right,inventory,,,,
1777,xanim,viewmodel_zombie_slickgun_crawl_left,inventory,,,,
1778,xanim,viewmodel_zombie_slickgun_crawl_out,inventory,,,,
1779,xanim,viewmodel_zombie_slickgun_ads_fire,inventory,,,,
1780,xanim,viewmodel_zombie_slickgun_ads_up,inventory,,,,
1781,xanim,viewmodel_zombie_slickgun_ads_down,inventory,,,,
1782,xanim,viewmodel_zombie_slickgun_d2p_in,inventory,,,,
1783,xanim,viewmodel_zombie_slickgun_d2p_loop,inventory,,,,
1784,xanim,viewmodel_zombie_slickgun_d2p_out,inventory,,,,
1785,image,fxt_debris_clump,inventory,,,,
1786,material,gfx_fxt_debris_clump_add,inventory,,,,
1787,image,fxt_smk_scattered,inventory,,,,
1788,material,gfx_fxt_smk_scattered,inventory,,,,
1789,image,fxt_light_phosphorous,inventory,,,,
1790,material,gfx_fxt_light_flare_phosphorous,inventory,,,,
1791,fx,weapon/liquifier/fx_liquifier_muzzle_view,inventory,,,,
1792,fx,weapon/liquifier/fx_liquifier_muzzle_world,inventory,,,,
1793,image,hud_flamethrower_reticle,inventory,,,,
1794,material,hud_flamethrower_reticle,inventory,,,,
1795,techniqueset,mc_lit_sm_b0c0n0s0_91j5z9q9,inventory,,,,
1796,image,~~-gmtl_t6_attach_optic_refle~db28b580,inventory,,,,
1797,image,mtl_t6_attach_optic_reflex_lens_nml,inventory,,,,
1798,image,~-gmtl_t6_attach_optic_reflex_lens_col,inventory,,,,
1799,material,mc/mtl_t6_wpn_zmb_slipgun_glass_sort,inventory,,,,
1800,physpreset,weapon,inventory,,,,
1801,xmodel,t6_wpn_zmb_slipgun_world,inventory,,,,
1802,image,zm_jetgun_icon,inventory,,,,
1803,material,jetgun_zm_icon,inventory,,,,
1804,image,~~-gcrossbow_corr-rgb&~-rcros~cfc0eca8,inventory,,,,
1805,image,crossbow_n,inventory,,,,
1806,image,~crossbow_occ-l&crossbow_env-~020f6743,inventory,,,,
1807,image,~-gcrossbow_c,inventory,,,,
1808,image,cammo_gunmetal,inventory,,,,
1809,material,mc/mtl_t5_weapon_crossbow,inventory,,,,
1810,xmodel,t5_weapon_crossbow_bolt,inventory,,,,
1811,weapon,slipgun_zm,inventory,,,,
1812,image,~~-gsticky_grenade_s-rgb&~-rs~b4aacd26,inventory,,,,
1813,image,~-gsticky_grenade_c,inventory,,,,
1814,material,mc/mtl_weapon_sticky_grenade,inventory,,,,
1815,xmodel,viewmodel_mp_sticky_grenade,inventory,,,,
1816,image,center_cross,inventory,,,,
1817,material,reticle_center_cross,inventory,,,,
1818,xmodel,weapon_mp_sticky_grenade,inventory,,,,
1819,image,~~-ggoo_splat02_spc-rgb&~-rgo~d1dc4adc,inventory,,,,
1820,image,goo_splat02_nml,inventory,,,,
1821,image,~-ggoo_splat02_col,inventory,,,,
1822,material,mc/gfx_impact_goo_spatter02,inventory,,,,
1823,material,wc/gfx_impact_goo_spatter02,inventory,,,,
1824,image,~~-ggoo_splat01_spc-rgb&~-rgo~c26dc89b,inventory,,,,
1825,material,mc/gfx_impact_goo_spatter03,inventory,,,,
1826,material,wc/gfx_impact_goo_spatter03,inventory,,,,
1827,fx,impacts/fx_liquifier_explo_gen,inventory,,,,
1828,xanim,viewmodel_germangrenade_idle,inventory,,,,
1829,xanim,viewmodel_germangrenade_throw,inventory,,,,
1830,xanim,viewmodel_germangrenade_pullpin,inventory,,,,
1831,xanim,viewmodel_germangrenade_tossback_stick,inventory,,,,
1832,weapon,slip_bolt_zm,inventory,,,,
1833,weapon,slipgun_upgraded_zm,inventory,,,,
1834,weapon,slip_bolt_upgraded_zm,inventory,,,,
1835,xmodel,vm_t4_kar98k,inventory,,,,
1836,xmodel,wm_t4_kar98k,inventory,,,,
1837,image,hud_t4_kar98k,inventory,,,,
1838,material,hud_t4_kar98k,inventory,,,,
1839,image,menu_t4_kar98k_big,inventory,,,,
1840,material,menu_t4_kar98k_big,inventory,,,,
1841,xanim,vm_t4_kar98k_idle,inventory,,,,
1842,xanim,vm_t4_kar98k_fire,inventory,,,,
1843,xanim,vm_t4_kar98k_rechamber,inventory,,,,
1844,xanim,vm_t4_kar98k_reload_loop,inventory,,,,
1845,xanim,vm_t4_kar98k_reload_in,inventory,,,,
1846,xanim,vm_t4_kar98k_reload_out,inventory,,,,
1847,xanim,vm_t4_kar98k_raise,inventory,,,,
1848,xanim,vm_t4_kar98k_drop,inventory,,,,
1849,xanim,vm_t4_kar98k_first_raise,inventory,,,,
1850,xanim,vm_t4_kar98k_crawl_in,inventory,,,,
1851,xanim,vm_t4_kar98k_crawl_f,inventory,,,,
1852,xanim,vm_t4_kar98k_crawl_b,inventory,,,,
1853,xanim,vm_t4_kar98k_crawl_r,inventory,,,,
1854,xanim,vm_t4_kar98k_crawl_l,inventory,,,,
1855,xanim,vm_t4_kar98k_crawl_out,inventory,,,,
1856,xanim,vm_t4_kar98k_ads_up,inventory,,,,
1857,xanim,vm_t4_kar98k_ads_down,inventory,,,,
1858,xanim,vm_t4_kar98k_d2p_in,inventory,,,,
1859,xanim,vm_t4_kar98k_d2p_loop,inventory,,,,
1860,xanim,vm_t4_kar98k_d2p_out,inventory,,,,
1861,image,hud_mp_firerate_bolt,inventory,,,,
1862,material,hud_mp_firerate_bolt,inventory,,,,
1863,material,gfx_fxt_smk_trail_tracer,inventory,,,,
1864,tracer,ballista_tracer,inventory,,,,
1865,weapon,kar98k_zm,inventory,,,,
1866,weapon,kar98k_upgraded_zm,inventory,,,,
1867,script,maps/mp/zombies/_zm_weap_thundergun.gsc,dumped_embedded,fastfiles/mod/assets/maps/mp/zombies/_zm_weap_thundergun.gsc,14493,f24ef91814eb9212c7ff21b817dd5a5ec0dfe8c5b4a69a3f37c441ad78b25c7e,
1868,script,clientscripts/mp/zombies/_zm_weap_thundergun.csc,dumped_embedded,fastfiles/mod/assets/clientscripts/mp/zombies/_zm_weap_thundergun.csc,6029,6012883ec1d218573a26e2900545b313d6500904190c936756874aa7034e9319,
1869,techniqueset,mc_sw4_3d_unlit_3layer_nofog_falloff_5z943qe4,inventory,,,,
1870,image,~-gthunder_chamber_main_c,inventory,,,,
1871,image,thunder_chamber_scroll_base,inventory,,,,
1872,material,mc/mtl_t5_wpn_zmb_thundergun_chamber_main,inventory,,,,
1873,image,~~-gmtl_t5_wpn_zmb_thundergun_chamber_glass_spc~cdf07f01,inventory,,,,
1874,image,~-gmtl_t5_wpn_zmb_thundergun_chamber_glass_col,inventory,,,,
1875,material,mc/mtl_t5_wpn_zmb_thundergun_chamber_glass,inventory,,,,
1876,image,mtl_t5_wpn_zmb_thundergun_mesh_nml,inventory,,,,
1877,image,~-gmtl_t5_wpn_zmb_thundergun_mesh_col,inventory,,,,
1878,material,mc/mtl_t5_wpn_zmb_thundergun_mesh,inventory,,,,
1879,image,mtl_t5_attach_optic_acog_lens_nml,inventory,,,,
1880,image,~~-gmtl_t5_attach_optic_acog_lens_spc-rg~bcbe31aa,inventory,,,,
1881,material,mc/mtl_t5_attach_optic_acog_lens,inventory,,,,
1882,xmodel,t5_wpn_zmb_thundergun_view,inventory,,,,
1883,xmodel,t5_wpn_zmb_thundergun_world,inventory,,,,
1884,rawfile,",rumble/damage_heavy",reference_only,,,,
1885,rawfile,",rumble/damage_heavy_h.rmb",reference_only,,,,
1886,rawfile,",rumble/damage_heavy_l.rmb",reference_only,,,,
1887,rawfile,rumble/subwoofer_heavy,dumped_embedded,fastfiles/mod/assets/rumble/subwoofer_heavy,163,ed6d706ed41f2a36f2ef99a7d6f7ccc84966f4822ce517bd8185993f4d778ac9,
1888,rawfile,rumble/tank_damage_heavy_h.rmb,dumped_embedded,fastfiles/mod/assets/rumble/tank_damage_heavy_h.rmb,67,7d21c1ddb1b8ae14429a5a34d7d6cb0d541e5a9e780c4d77f240f820a15200dc,
1889,rawfile,rumble/tank_damage_heavy_l.rmb,dumped_embedded,fastfiles/mod/assets/rumble/tank_damage_heavy_l.rmb,82,26dc8945a2767fcc825c928110fa4af4ee1b1537661c113f387c2d5c2a6d0088,
1890,script,maps/mp/zombies/_zm_weap_freezegun.gsc,dumped_embedded,fastfiles/mod/assets/maps/mp/zombies/_zm_weap_freezegun.gsc,24144,3d8352dc00e4bf46fffb38a3cfaa4352ca92b17e25bb8f01b9bf6435d975843c,
1891,script,clientscripts/mp/zombies/_zm_weap_freezegun.csc,dumped_embedded,fastfiles/mod/assets/clientscripts/mp/zombies/_zm_weap_freezegun.csc,13273,c993a680c98d14cf72082415b13e29f7ed25e30c3a6b24e493d090668258e57c,
1892,techniqueset,effect_910219f6,inventory,,,,
1893,image,fxt_debris_plume_water,inventory,,,,
1894,material,gfx_fxt_debris_plume_water_z5,inventory,,,,
1895,image,fxt_env_dust_mote_pcloud_2,inventory,,,,
1896,material,gfx_fxt_env_dust_mote_pcloud_2_add,inventory,,,,
1897,image,~-gbullethit_snow,inventory,,,,
1898,material,wc/gfx_bullethit_snow,inventory,,,,
1899,image,~-gcrater_snow_grenade,inventory,,,,
1900,material,wc/gfx_crater_snow_grenade,inventory,,,,
1901,techniqueset,wc_lit_sm_b0c0n0_73wq744q,inventory,,,,
1902,image,impact_wood01_nml,inventory,,,,
1903,image,~-gimpact_wood01_col,inventory,,,,
1904,material,wc/gfx_impact_wood01,inventory,,,,
1905,image,impact_wood02_nml,inventory,,,,
1906,image,~-gimpact_wood02_col,inventory,,,,
1907,material,wc/gfx_impact_wood02,inventory,,,,
1908,image,impact_wood03_nml,inventory,,,,
1909,image,~-gimpact_wood03_col,inventory,,,,
1910,material,wc/gfx_impact_wood03,inventory,,,,
1911,image,camo_packapunch_env,inventory,,,,
1912,image,camo_packapunch_spec,inventory,,,,
1913,image,camo_packapunch_c,inventory,,,,
1914,material,mc/mtl_weapon_camo_packapunch,inventory,,,,
1915,image,~~-gzombie_teleporter_glow_s-~8caca090,inventory,,,,
1916,image,zombie_teleporter_glow_n,inventory,,,,
1917,image,~-gzombie_teleporter_glow_c,inventory,,,,
1918,material,mc/mtl_zombie_teleporter_glow,inventory,,,,
1919,techniqueset,mc_lit_sm_r0c0n0_2z223015,inventory,,,,
1920,material,mc/gfx_bullethit_snow,inventory,,,,
1921,material,mc/gfx_crater_snow_grenade,inventory,,,,
1922,techniqueset,mc_lit_sm_b0c0n0_67fqj7jf,inventory,,,,
1923,material,mc/gfx_impact_wood01,inventory,,,,
1924,material,mc/gfx_impact_wood02,inventory,,,,
1925,material,mc/gfx_impact_wood03,inventory,,,,
1926,image,~~-grus_ter_ice_clear_c-rgb&~~1ebc1933,inventory,,,,
1927,image,rus_ter_ice_clear_n,inventory,,,,
1928,image,~-grus_ter_ice_clear_c,inventory,,,,
1929,material,mc/mtl_p_rus_icicles_out,inventory,,,,
1930,image,~~-grus_ter_ice_slush_s-rgb&~~b3589a45,inventory,,,,
1931,image,rus_ter_ice_slush_n,inventory,,,,
1932,image,~-grus_ter_ice_slush_c,inventory,,,,
1933,material,mc/rus_ter_ice_slush,inventory,,,,
1934,image,~-gmtl_t5_wpn_zmb_freezegun_ammo_unlit_col,inventory,,,,
1935,material,mc/mtl_t5_wpn_zmb_freezegun_ammo_unlit,inventory,,,,
1936,rawfile,rumble/assault_fire,dumped_embedded,fastfiles/mod/assets/rumble/assault_fire,151,2535cc2acd6d20c8e1a3761ab71dc5c9d8519ed3734ca0e7ef34874e1a4daf93,
1937,rawfile,rumble/assault_fire_h.rmb,dumped_embedded,fastfiles/mod/assets/rumble/assault_fire_h.rmb,111,1d4283220cd885052c5008ba4be3f7a514da66769f85ed3df6ab699757e65c58,
1938,rawfile,rumble/assault_fire_l.rmb,dumped_embedded,fastfiles/mod/assets/rumble/assault_fire_l.rmb,82,ec0deabca3de1425ea01b25c17571e6ff1dbd8de424a0a79178cfdfbac4b18af,
1939,xmodel,t5_wpn_zmb_freezegun_v2_view,inventory,,,,
1940,xmodel,t5_wpn_zmb_freezegun_v2_world,inventory,,,,
1941,xmodel,fx_char_gib_chunk_bone01,inventory,,,,
1942,xmodel,fx_char_gib_chunk_bone02,inventory,,,,
1943,xmodel,fx_char_gib_chunk_bone03,inventory,,,,
1944,xmodel,fx_char_gib_chunk_flesh02,inventory,,,,
1945,xmodel,fx_char_gib_chunk_flesh03,inventory,,,,
1946,xmodel,fx_char_gib_chunk_meat01,inventory,,,,
1947,xmodel,p_zombie_ice_chunk_01,inventory,,,,
1948,xmodel,p_zombie_ice_chunk_02,inventory,,,,
1949,image,mtl_t6_wpn_zmb_blundergat_armor_ember,inventory,,,,
1950,techniqueset,mc_sw4_3d_char_skin_emberglow_7q60f126,inventory,,,,
1951,image,~-gmtl_t6_wpn_zmb_blundergat_~82d280ec,inventory,,,,
1952,image,~~-gmtl_t6_wpn_zmb_blundergat~9ca08353,inventory,,,,
1953,image,mtl_t6_wpn_zmb_blundergat_acid_nml,inventory,,,,
1954,image,glowcycle_random_01_c,inventory,,,,
1955,image,~-gmtl_t6_wpn_zmb_blundergat_acid_col,inventory,,,,
1956,material,mc/mtl_t6_wpn_zmb_blundergat_armor_ember,inventory,,,,
1957,image,mtl_t6_wpn_zmb_blundergat_acid_ember,inventory,,,,
1958,material,mc/mtl_t6_wpn_zmb_blundergat_acid,inventory,,,,
1959,xmodel,t6_wpn_zmb_blundergat_armor_view,inventory,,,,
1960,xmodel,t6_wpn_zmb_blundergat_armor_world,inventory,,,,
1961,xmodel,t6_wpn_zmb_projectile_blundergat,inventory,,,,
1962,xmodel,t6_wpn_zmb_blundergat_view,inventory,,,,
1963,xmodel,t6_wpn_zmb_blundergat_world,inventory,,,,
1964,xanim,viewmodel_blundergat_idle,inventory,,,,
1965,xanim,viewmodel_blundergat_idle_empty,inventory,,,,
1966,xanim,viewmodel_blundergat_lastshot,inventory,,,,
1967,xanim,viewmodel_blundergat_reload,inventory,,,,
1968,xanim,viewmodel_blundergat_reload_empty,inventory,,,,
1969,xanim,viewmodel_blundergat_pullout,inventory,,,,
1970,xanim,viewmodel_blundergat_putaway,inventory,,,,
1971,xanim,viewmodel_blundergat_first_raise,inventory,,,,
1972,xanim,viewmodel_blundergat_pullout_quick,inventory,,,,
1973,xanim,viewmodel_blundergat_putaway_quick,inventory,,,,
1974,xanim,viewmodel_blundergat_pullout_empty,inventory,,,,
1975,xanim,viewmodel_blundergat_putaway_empty,inventory,,,,
1976,xanim,viewmodel_blundergat_sprint_in,inventory,,,,
1977,xanim,viewmodel_blundergat_sprint_loop,inventory,,,,
1978,xanim,viewmodel_blundergat_sprint_out,inventory,,,,
1979,xanim,viewmodel_blundergat_sprint_in_empty,inventory,,,,
1980,xanim,viewmodel_blundergat_sprint_loop_empty,inventory,,,,
1981,xanim,viewmodel_blundergat_sprint_out_empty,inventory,,,,
1982,xanim,viewmodel_blundergat_crawl_in,inventory,,,,
1983,xanim,viewmodel_blundergat_crawl_forward,inventory,,,,
1984,xanim,viewmodel_blundergat_crawl_back,inventory,,,,
1985,xanim,viewmodel_blundergat_crawl_right,inventory,,,,
1986,xanim,viewmodel_blundergat_crawl_left,inventory,,,,
1987,xanim,viewmodel_blundergat_crawl_out,inventory,,,,
1988,xanim,viewmodel_blundergat_crawl_in_empty,inventory,,,,
1989,xanim,viewmodel_blundergat_crawl_forward_empty,inventory,,,,
1990,xanim,viewmodel_blundergat_crawl_back_empty,inventory,,,,
1991,xanim,viewmodel_blundergat_crawl_right_empty,inventory,,,,
1992,xanim,viewmodel_blundergat_crawl_left_empty,inventory,,,,
1993,xanim,viewmodel_blundergat_crawl_out_empty,inventory,,,,
1994,xanim,viewmodel_blundergat_ads_lastshot,inventory,,,,
1995,xanim,viewmodel_blundergat_ads_up,inventory,,,,
1996,xanim,viewmodel_blundergat_ads_down,inventory,,,,
1997,xanim,viewmodel_blundergat_d2p_in,inventory,,,,
1998,xanim,viewmodel_blundergat_d2p_loop,inventory,,,,
1999,xanim,viewmodel_blundergat_d2p_out,inventory,,,,
2000,xanim,viewmodel_blundergat_d2p_in_empty,inventory,,,,
2001,xanim,viewmodel_blundergat_d2p_loop_empty,inventory,,,,
2002,xanim,viewmodel_blundergat_d2p_out_empty,inventory,,,,
2003,image,fxt_sparks_rndhit,inventory,,,,
2004,material,gfx_fxt_sparks_rndhit_eo15,inventory,,,,
2005,fx,weapon/blundersplat/fx_blundersplat_muzzleflash,inventory,,,,
2006,fx,weapon/blundersplat/fx_blundersplat_muzzleflash_3p,inventory,,,,
2007,image,menu_mp_weapons_titus,inventory,,,,
2008,material,menu_mp_weapons_titus,inventory,,,,
2009,weapon,blundergat_zm,inventory,,,,
2010,xanim,viewmodel_blundergat_fire,inventory,,,,
2011,xanim,viewmodel_blundergat_ads_fire,inventory,,,,
2012,fx,weapon/blundersplat/fx_blundersplat_muzzleflash_ug,inventory,,,,
2013,fx,weapon/blundersplat/fx_blundersplat_muzzleflash_ug_3p,inventory,,,,
2014,image,menu_mp_weapons_870mcs,inventory,,,,
2015,material,menu_mp_weapons_870mcs,inventory,,,,
2016,weapon,blundergat_upgraded_zm,inventory,,,,
2017,image,menu_iw4_intervention_big,inventory,,,,
2018,material,menu_iw4_intervention_big,inventory,,,,
2019,image,hud_iw4_intervention,inventory,,,,
2020,material,hud_iw4_intervention,inventory,,,,
2021,image,iw4_intervention_lens_s,inventory,,,,
2022,image,iw4_intervention_lens_c,inventory,,,,
2023,material,mtl_iw4_intervention_lens,inventory,,,,
2024,image,$black,inventory,,,,
2025,material,mtl_iw4_intervention_lens_inner,inventory,,,,
2026,image,iw4_intervention_scope_overlay,inventory,,,,
2027,material,mtl_iw4_intervention_scope_overlay,inventory,,,,
2028,xmodel,vm_iw4_intervention,inventory,,,,
2029,xmodel,wm_iw4_intervention,inventory,,,,
2030,xmodel,wm_iw4_intervention_mag,inventory,,,,
2031,xanim,vm_iw4_intervention_idle,inventory,,,,
2032,xanim,vm_iw4_intervention_fire,inventory,,,,
2033,xanim,vm_iw4_intervention_rechamber,inventory,,,,
2034,xanim,vm_iw4_intervention_reload,inventory,,,,
2035,xanim,vm_iw4_intervention_reload_empty,inventory,,,,
2036,xanim,vm_iw4_intervention_raise,inventory,,,,
2037,xanim,vm_iw4_intervention_drop,inventory,,,,
2038,xanim,vm_iw4_intervention_raise_quick,inventory,,,,
2039,xanim,vm_iw4_intervention_drop_quick,inventory,,,,
2040,xanim,vm_iw4_intervention_sprint_in,inventory,,,,
2041,xanim,vm_iw4_intervention_sprint_loop,inventory,,,,
2042,xanim,vm_iw4_intervention_sprint_out,inventory,,,,
2043,xanim,vm_iw4_intervention_prone_crawl_in,inventory,,,,
2044,xanim,vm_iw4_intervention_prone_crawl_f,inventory,,,,
2045,xanim,vm_iw4_intervention_prone_crawl_b,inventory,,,,
2046,xanim,vm_iw4_intervention_prone_crawl_r,inventory,,,,
2047,xanim,vm_iw4_intervention_prone_crawl_l,inventory,,,,
2048,xanim,vm_iw4_intervention_prone_crawl_out,inventory,,,,
2049,xanim,vm_iw4_intervention_fire_ads,inventory,,,,
2050,xanim,vm_iw4_intervention_rechamber_ads,inventory,,,,
2051,xanim,vm_iw4_intervention_ads_up,inventory,,,,
2052,xanim,vm_iw4_intervention_ads_down,inventory,,,,
2053,xanim,vm_iw4_intervention_d2p_in,inventory,,,,
2054,xanim,vm_iw4_intervention_d2p_loop,inventory,,,,
2055,xanim,vm_iw4_intervention_d2p_out,inventory,,,,
2056,weapon,intervention_zm,inventory,,,,
2057,weapon,intervention_upgraded_zm,inventory,,,,
2058,techniqueset,mc_sw4_3d_sonar_attachment_lens2_78904485,inventory,,,,
2059,techniqueset,mc_sw4_3d_reticle_static_35866wj0,inventory,,,,
2060,techniqueset,mc_sw4_3d_reticle_ui3d_q49ew30e,inventory,,,,
2061,techniqueset,mc_sw4_3d_reticle_dynamic_2colors_5f888f0w,inventory,,,,
2062,image,menu_mp_weapons_insas,inventory,,,,
2063,image,menu_mp_weapons_insas_big,inventory,,,,
2064,image,camo_zombies_nml,inventory,,,,
2065,image,~~-gcamo_zombies_spc-rgb&~-rc~9a2e3000,inventory,,,,
2066,image,~-gcamo_zombies_col,inventory,,,,
2067,image,~~-gmtl_t6_attach_fastmag_spc~208df3fb,inventory,,,,
2068,image,mtl_t6_attach_fastmag_nml,inventory,,,,
2069,image,~-gmtl_t6_attach_fastmag_col,inventory,,,,
2070,image,mtl_t6_attach_optic_holo_lens_nml,inventory,,,,
2071,image,~-gmtl_t6_attach_optic_holo_lens_spc,inventory,,,,
2072,image,~-gmtl_t6_attach_optic_holo_lens_col,inventory,,,,
2073,image,~-rmtl_t6_attach_optic_holo_l~3b107a16,inventory,,,,
2074,image,",noise2",inventory,,,,
2075,image,~sonar_attachment_lookup_puls~4187f661,inventory,,,,
2076,image,mtl_t6_attach_optic_mms_reticle,inventory,,,,
2077,image,mtl_t6_attach_optic_mms_lens_nml,inventory,,,,
2078,image,~-gmtl_t6_attach_optic_mms_lens_spc,inventory,,,,
2079,image,~-gmtl_t6_attach_optic_mms_lens_col,inventory,,,,
2080,image,~-rmtl_t6_attach_optic_mms_le~4a743b08,inventory,,,,
2081,image,mtl_t6_attach_rangefinder_lens_nml,inventory,,,,
2082,image,~-gmtl_t6_attach_rangefinder_lens_spc,inventory,,,,
2083,image,~-gmtl_t6_attach_rangefinder_lens_col,inventory,,,,
2084,image,~-rmtl_t6_attach_rangefinder_~b670518b,inventory,,,,
2085,image,mtl_t6_attach_rfo_reticle2,inventory,,,,
2086,image,~~-gmtl_t6_attach_smg_silence~29045dd5,inventory,,,,
2087,image,mtl_t6_attach_smg_silencer1_nml,inventory,,,,
2088,image,~-gmtl_t6_attach_smg_silencer1_col,inventory,,,,
2089,image,mtl_t6_attach_silencer_ir_nml,inventory,,,,
2090,image,~mtl_t6_attach_silencer_ir-r&~36ac4c7e,inventory,,,,
2091,image,hud_select_fire_bullet_stack01,inventory,,,,
2092,image,tracer_enemy,inventory,,,,
2093,material,gfx_tracer_enemy,inventory,,,,
2094,material,mc/mtl_weapon_camo_gold_1,inventory,,,,
2095,material,mc/mtl_weapon_camo_zombies,inventory,,,,
2096,material,mc/mtl_weapon_camo_zombies_1,inventory,,,,
2097,material,mc/mtl_t6_attach_fastmag,inventory,,,,
2098,material,mc/mtl_t6_attach_optic_holo_lens,inventory,,,,
2099,material,mc/mtl_weapon_camo_gold_attach,inventory,,,,
2100,material,mc/mtl_weapon_camo_gold_attach_1,inventory,,,,
2101,material,mc/mtl_weapon_camo_gold_alt_attach,inventory,,,,
2102,material,mc/mtl_weapon_camo_gold_alt_attach_1,inventory,,,,
2103,material,mc/mtl_weapon_camo_carbon_fiber_attach,inventory,,,,
2104,material,mc/mtl_weapon_camo_carbon_fiber_attach_1,inventory,,,,
2105,material,mc/mtl_weapon_camo_carbon_fiber_alt_attach,inventory,,,,
2106,material,mc/mtl_weapon_camo_carbon_fiber_alt_attach_1,inventory,,,,
2107,material,mc/mtl_weapon_camo_diamond_attach,inventory,,,,
2108,material,mc/mtl_weapon_camo_diamond_attach_1,inventory,,,,
2109,material,mc/mtl_weapon_camo_diamond_alt_attach,inventory,,,,
2110,material,mc/mtl_weapon_camo_diamond_alt_attach_1,inventory,,,,
2111,material,mc/mtl_weapon_camo_zombies_attach,inventory,,,,
2112,material,mc/mtl_weapon_camo_zombies_attach_1,inventory,,,,
2113,material,mc/mtl_t6_attach_optic_mms_display,inventory,,,,
2114,material,mc/mtl_t6_attach_optic_mms_reticle,inventory,,,,
2115,material,mc/mtl_t6_attach_optic_mms_lens,inventory,,,,
2116,material,mc/mtl_t6_attach_optic_rangefinder_reticle,inventory,,,,
2117,material,mc/mtl_t6_attach_optic_rangefinder_lens,inventory,,,,
2118,material,mc/mtl_t6_attach_optic_rangefinder,inventory,,,,
2119,material,mc/mtl_t6_attach_optic_rangefinder_reticle2,inventory,,,,
2120,material,mc/mtl_t6_attach_silencer_thermal,inventory,,,,
2121,material,mc/mtl_t6_attach_smg_silencer1,inventory,,,,
2122,techniqueset,mc_sw4_3d_player_icon_jef08712,inventory,,,,
2123,image,player_emblem_nor,inventory,,,,
2124,image,emblem_clear,inventory,,,,
2125,image,~-gplayer_emblem_spec_rough,inventory,,,,
2126,material,mc/mtl_player_icon,inventory,,,,
2127,techniqueset,mc_sw4_3d_clan_tag_fq631zzu,inventory,,,,
2128,image,clan_font_n,inventory,,,,
2129,image,detail_noise_tight,inventory,,,,
2130,image,~-gclan_font_c,inventory,,,,
2131,material,mc/mtl_clan_tag,inventory,,,,
2132,xmodel,t6_wpn_smg_msmc_view,inventory,,,,
2133,material,mc/mtl_clan_tag_world,inventory,,,,
2134,material,mc/mtl_player_icon_world,inventory,,,,
2135,xmodel,t6_wpn_smg_msmc_world,inventory,,,,
2136,xmodel,t6_attach_mag_msmc_view,inventory,,,,
2137,physpreset,default,inventory,,,,
2138,xmodel,t6_attach_mag_msmc_world,inventory,,,,
2139,xmodel,t6_attach_fastmag_msmc_view,inventory,,,,
2140,xmodel,t6_attach_fastmag_msmc_world,inventory,,,,
2141,xmodel,t6_attach_grip_view,inventory,,,,
2142,xmodel,t6_attach_grip_world,inventory,,,,
2143,xmodel,t6_attach_optic_holo_view,inventory,,,,
2144,xmodel,t6_attach_optic_holo_ads,inventory,,,,
2145,xmodel,t6_attach_optic_holo_world,inventory,,,,
2146,xmodel,t6_attach_optic_mms_view,inventory,,,,
2147,xmodel,t6_attach_optic_mms_world,inventory,,,,
2148,xmodel,t6_attach_optic_rangefinder_view,inventory,,,,
2149,xmodel,t6_attach_optic_rangefinder_ads,inventory,,,,
2150,xmodel,t6_attach_optic_rangefinder_world,inventory,,,,
2151,image,mtl_t6_attach_optic_reflex_reticle,inventory,,,,
2152,material,mc/mtl_t6_attach_optic_reflex_reticle,inventory,,,,
2153,image,~-gmtl_t6_attach_optic_reflex_lens_spc,inventory,,,,
2154,image,~-rmtl_t6_attach_optic_reflex~4b36dbe7,inventory,,,,
2155,material,mc/mtl_t6_attach_optic_reflex_lens,inventory,,,,
2156,xmodel,t6_attach_optic_reflex_view,inventory,,,,
2157,xmodel,t6_attach_optic_reflex_world,inventory,,,,
2158,xmodel,t6_attach_smg_silencer1_view,inventory,,,,
2159,xmodel,t6_attach_smg_silencer1_world,inventory,,,,
2160,xmodel,t6_attach_dbal_view,inventory,,,,
2161,xmodel,t6_attach_dbal_world,inventory,,,,
2162,tracer,smg,inventory,,,,
2163,tracer,smg_enemy,inventory,,,,
2164,xanim,viewmodel_msmc_idle,inventory,,,,
2165,xanim,viewmodel_msmc_fire,inventory,,,,
2166,xanim,viewmodel_msmc_reload,inventory,,,,
2167,xanim,viewmodel_msmc_reload_empty,inventory,,,,
2168,xanim,viewmodel_msmc_pullout,inventory,,,,
2169,xanim,viewmodel_msmc_first_raise,inventory,,,,
2170,xanim,viewmodel_msmc_putaway,inventory,,,,
2171,xanim,viewmodel_msmc_pullout_quick,inventory,,,,
2172,xanim,viewmodel_msmc_putaway_quick,inventory,,,,
2173,xanim,viewmodel_msmc_sprint_in,inventory,,,,
2174,xanim,viewmodel_msmc_sprint_loop,inventory,,,,
2175,xanim,viewmodel_msmc_sprint_out,inventory,,,,
2176,xanim,viewmodel_msmc_crawl_in,inventory,,,,
2177,xanim,viewmodel_msmc_crawl_forward,inventory,,,,
2178,xanim,viewmodel_msmc_crawl_back,inventory,,,,
2179,xanim,viewmodel_msmc_crawl_right,inventory,,,,
2180,xanim,viewmodel_msmc_crawl_left,inventory,,,,
2181,xanim,viewmodel_msmc_crawl_out,inventory,,,,
2182,xanim,viewmodel_msmc_ads_fire,inventory,,,,
2183,xanim,viewmodel_msmc_d2p_in,inventory,,,,
2184,xanim,viewmodel_msmc_d2p_loop,inventory,,,,
2185,xanim,viewmodel_msmc_d2p_out,inventory,,,,
2186,xanim,viewmodel_msmc_ads_up,inventory,,,,
2187,xanim,viewmodel_msmc_ads_down,inventory,,,,
2188,xanim,viewmodel_msmc_reflex_ads_up,inventory,,,,
2189,xanim,viewmodel_msmc_reflex_ads_down,inventory,,,,
2190,xanim,viewmodel_msmc_rangefinder_ads_fire,inventory,,,,
2191,xanim,viewmodel_msmc_eotech_ads_up,inventory,,,,
2192,xanim,viewmodel_msmc_eotech_ads_down,inventory,,,,
2193,xanim,viewmodel_msmc_rangefinder_ads_up,inventory,,,,
2194,xanim,viewmodel_msmc_rangefinder_ads_down,inventory,,,,
2195,xanim,viewmodel_msmc_mms_first_raise,inventory,,,,
2196,xanim,viewmodel_msmc_mms_ads_up,inventory,,,,
2197,xanim,viewmodel_msmc_mms_ads_down,inventory,,,,
2198,xanim,viewmodel_msmc_dbal_first_raise,inventory,,,,
2199,xanim,viewmodel_msmc_fastmag,inventory,,,,
2200,xanim,viewmodel_msmc_fastmag_empty,inventory,,,,
2201,xanim,viewmodel_msmc_grip_idle,inventory,,,,
2202,xanim,viewmodel_msmc_grip_fire,inventory,,,,
2203,xanim,viewmodel_msmc_grip_reload,inventory,,,,
2204,xanim,viewmodel_msmc_grip_reload_empty,inventory,,,,
2205,xanim,viewmodel_msmc_grip_pullout,inventory,,,,
2206,xanim,viewmodel_msmc_grip_first_raise,inventory,,,,
2207,xanim,viewmodel_msmc_grip_putaway,inventory,,,,
2208,xanim,viewmodel_msmc_grip_select_fire_in,inventory,,,,
2209,xanim,viewmodel_msmc_grip_select_fire_out,inventory,,,,
2210,xanim,viewmodel_msmc_grip_pullout_quick,inventory,,,,
2211,xanim,viewmodel_msmc_grip_sprint_in,inventory,,,,
2212,xanim,viewmodel_msmc_grip_sprint_loop,inventory,,,,
2213,xanim,viewmodel_msmc_grip_sprint_out,inventory,,,,
2214,xanim,viewmodel_msmc_grip_crawl_in,inventory,,,,
2215,xanim,viewmodel_msmc_grip_crawl_forward,inventory,,,,
2216,xanim,viewmodel_msmc_grip_crawl_back,inventory,,,,
2217,xanim,viewmodel_msmc_grip_crawl_right,inventory,,,,
2218,xanim,viewmodel_msmc_grip_crawl_left,inventory,,,,
2219,xanim,viewmodel_msmc_grip_crawl_out,inventory,,,,
2220,xanim,viewmodel_msmc_grip_ads_fire,inventory,,,,
2221,xanim,viewmodel_msmc_grip_d2p_in,inventory,,,,
2222,xanim,viewmodel_msmc_grip_d2p_loop,inventory,,,,
2223,xanim,viewmodel_msmc_grip_d2p_out,inventory,,,,
2224,xanim,viewmodel_msmc_grip_ads_up,inventory,,,,
2225,xanim,viewmodel_msmc_grip_ads_down,inventory,,,,
2226,xanim,viewmodel_msmc_select_fire_in,inventory,,,,
2227,xanim,viewmodel_msmc_select_fire_out,inventory,,,,
2228,xanim,viewmodel_msmc_grip_fastmag,inventory,,,,
2229,xanim,viewmodel_msmc_grip_fastmag_empty,inventory,,,,
2230,xanim,viewmodel_msmc_grip_rangefinder_ads_fire,inventory,,,,
2231,physpreset,weapon_clip_empty,inventory,,,,
2232,rawfile,rumble/smg_fire,dumped_embedded,fastfiles/mod/assets/rumble/smg_fire,117,38d729534225722dcd7587a6617c2ec60d50569bdffc600ff24861b09adedc6b,
2233,rawfile,rumble/smg_fire_h.rmb,dumped_embedded,fastfiles/mod/assets/rumble/smg_fire_h.rmb,97,29f07c204b2ebb42ada2fd0a95b68fd8d1f28150d0b6161f76f9adf17827ef8f,
2234,rawfile,rumble/smg_fire_l.rmb,dumped_embedded,fastfiles/mod/assets/rumble/smg_fire_l.rmb,82,faa6a6089438adc4135d37f62c8ed48eae3c622d52a3c8b9d8dea3e5a7e4e418,
2235,attachment,holo,inventory,,,,
2236,attachment,steadyaim,inventory,,,,
2237,attachmentunique,au_insas_none,inventory,,,,
2238,attachmentunique,au_insas_dualclip,inventory,,,,
2239,attachmentunique,au_insas_extclip,inventory,,,,
2240,attachmentunique,au_insas_grip,inventory,,,,
2241,attachmentunique,au_insas_holo,inventory,,,,
2242,attachmentunique,au_insas_mms,inventory,,,,
2243,attachmentunique,au_insas_rangefinder,inventory,,,,
2244,attachmentunique,au_insas_reflex,inventory,,,,
2245,attachmentunique,au_insas_sf,inventory,,,,
2246,attachmentunique,au_insas_silencer,inventory,,,,
2247,attachmentunique,au_insas_steadyaim,inventory,,,,
2248,attachmentunique,au_insas_dualclip+grip,inventory,,,,
2249,attachmentunique,au_insas_holo+grip,inventory,,,,
2250,attachmentunique,au_insas_rangefinder+grip,inventory,,,,
2251,attachmentunique,au_insas_grip+sf,inventory,,,,
2252,material,menu_mp_weapons_insas,inventory,,,,
2253,attachment,rf_fast,inventory,,,,
2254,weapon,insas_zm,inventory,,,,
2255,weapon,insas_upgraded_zm,inventory,,,,
2256,image,hud_ak47,inventory,,,,
2257,material,hud_icon_ak47,inventory,,,,
2258,xmodel,t6_wpn_ar_ak47_view,inventory,,,,
2259,xmodel,t6_wpn_ar_ak47_world,inventory,,,,
2260,xmodel,t6_attach_mag_ak_view,inventory,,,,
2261,xmodel,t6_attach_mag_ak_world,inventory,,,,
2262,xanim,viewmodel_ak47_t6_idle,inventory,,,,
2263,xanim,viewmodel_ak47_t6_fire,inventory,,,,
2264,xanim,viewmodel_ak47_t6_reload,inventory,,,,
2265,xanim,viewmodel_ak47_t6_reload_empty,inventory,,,,
2266,xanim,viewmodel_ak47_t6_pullout,inventory,,,,
2267,xanim,viewmodel_ak47_t6_first_raise,inventory,,,,
2268,xanim,viewmodel_ak47_t6_putaway,inventory,,,,
2269,xanim,viewmodel_ak47_t6_pullout_quick,inventory,,,,
2270,xanim,viewmodel_ak47_t6_putaway_quick,inventory,,,,
2271,xanim,viewmodel_ak47_t6_sprint_in,inventory,,,,
2272,xanim,viewmodel_ak47_t6_sprint_loop,inventory,,,,
2273,xanim,viewmodel_ak47_t6_sprint_out,inventory,,,,
2274,xanim,viewmodel_ak47_t6_crawl_in,inventory,,,,
2275,xanim,viewmodel_ak47_t6_crawl_forward,inventory,,,,
2276,xanim,viewmodel_ak47_t6_crawl_back,inventory,,,,
2277,xanim,viewmodel_ak47_t6_crawl_right,inventory,,,,
2278,xanim,viewmodel_ak47_t6_crawl_left,inventory,,,,
2279,xanim,viewmodel_ak47_t6_crawl_out,inventory,,,,
2280,xanim,viewmodel_ak47_t6_ads_fire,inventory,,,,
2281,xanim,viewmodel_ak47_t6_d2p_in,inventory,,,,
2282,xanim,viewmodel_ak47_t6_d2p_loop,inventory,,,,
2283,xanim,viewmodel_ak47_t6_d2p_out,inventory,,,,
2284,xanim,viewmodel_ak47_t6_ads_up,inventory,,,,
2285,xanim,viewmodel_ak47_t6_ads_down,inventory,,,,
2286,fx,weapon/muzzleflashes/fx_rifle1_flash_base,inventory,,,,
2287,tracer,assaultrifle,inventory,,,,
2288,weapon,ak47_zm,inventory,,,,
2289,image,fxt_mov_smk_puff,inventory,,,,
2290,material,gfx_fxt_mov_smk_puff,inventory,,,,
2291,fx,weapon/muzzleflashes_zmb_ug/fx_zmb_rifle1_flash_base,inventory,,,,
2292,fx,weapon/muzzleflashes_zmb_ug/fx_zmb_rifle_md_flash_3p,inventory,,,,
2293,weapon,ak47_upgraded_zm,inventory,,,,
2294,xmodel,t6_wpn_smg_ak74u_view,inventory,,,,
2295,xmodel,t6_wpn_smg_ak74u_world,inventory,,,,
2296,xanim,viewmodel_ak74u_t6_idle,inventory,,,,
2297,xanim,viewmodel_ak74u_t6_fire,inventory,,,,
2298,xanim,viewmodel_ak74u_t6_reload,inventory,,,,
2299,xanim,viewmodel_ak74u_t6_reload_empty,inventory,,,,
2300,xanim,viewmodel_ak74u_t6_pullout,inventory,,,,
2301,xanim,viewmodel_ak74u_t6_first_raise,inventory,,,,
2302,xanim,viewmodel_ak74u_t6_putaway,inventory,,,,
2303,xanim,viewmodel_ak74u_t6_pullout_quick,inventory,,,,
2304,xanim,viewmodel_ak74u_t6_putaway_quick,inventory,,,,
2305,xanim,viewmodel_ak74u_t6_sprint_in,inventory,,,,
2306,xanim,viewmodel_ak74u_t6_sprint_loop,inventory,,,,
2307,xanim,viewmodel_ak74u_t6_sprint_out,inventory,,,,
2308,xanim,viewmodel_ak74u_t6_crawl_in,inventory,,,,
2309,xanim,viewmodel_ak74u_t6_crawl_forward,inventory,,,,
2310,xanim,viewmodel_ak74u_t6_crawl_back,inventory,,,,
2311,xanim,viewmodel_ak74u_t6_crawl_right,inventory,,,,
2312,xanim,viewmodel_ak74u_t6_crawl_left,inventory,,,,
2313,xanim,viewmodel_ak74u_t6_crawl_out,inventory,,,,
2314,xanim,viewmodel_ak74u_t6_ads_fire,inventory,,,,
2315,xanim,viewmodel_ak74u_t6_d2p_in,inventory,,,,
2316,xanim,viewmodel_ak74u_t6_d2p_loop,inventory,,,,
2317,xanim,viewmodel_ak74u_t6_d2p_out,inventory,,,,
2318,xanim,viewmodel_ak74u_t6_ads_up,inventory,,,,
2319,xanim,viewmodel_ak74u_t6_ads_down,inventory,,,,
2320,image,menu_mp_weapons_ak74u,inventory,,,,
2321,material,menu_mp_weapons_ak74u,inventory,,,,
2322,weapon,ak74u_zm,inventory,,,,
2323,xanim,viewmodel_ak74u_elbit_ads_up,inventory,,,,
2324,xanim,viewmodel_ak74u_elbit_ads_down,inventory,,,,
2325,attachmentunique,au_ak74u_none,inventory,,,,
2326,xmodel,t6_attach_optic_kobra_view,inventory,,,,
2327,xmodel,t6_attach_optic_kobra_world,inventory,,,,
2328,xanim,viewmodel_ak74u_t6_reflex_ads_up,inventory,,,,
2329,xanim,viewmodel_ak74u_t6_reflex_ads_down,inventory,,,,
2330,attachmentunique,au_ak74u_reflex,inventory,,,,
2331,weapon,ak74u_upgraded_zm,inventory,,,,
2332,weapon,ak74u_extclip_zm,inventory,,,,
2333,weapon,ak74u_extclip_upgraded_zm,inventory,,,,
2334,image,mtl_t6_attach_tritium_red_glo,inventory,,,,
2335,material,mc/mtl_t6_attach_tritium_red_glo,inventory,,,,
2336,xmodel,t6_wpn_ar_an94_view,inventory,,,,
2337,xmodel,t6_wpn_ar_an94_world,inventory,,,,
2338,xmodel,t6_attach_mag_an94_view,inventory,,,,
2339,xmodel,t6_attach_mag_an94_world,inventory,,,,
2340,tracer,assaultrifle_enemy,inventory,,,,
2341,xanim,viewmodel_an94_idle,inventory,,,,
2342,xanim,viewmodel_an94_intro_fire,inventory,,,,
2343,xanim,viewmodel_an94_fire,inventory,,,,
2344,xanim,viewmodel_an94_reload,inventory,,,,
2345,xanim,viewmodel_an94_reload_empty,inventory,,,,
2346,xanim,viewmodel_an94_pullout,inventory,,,,
2347,xanim,viewmodel_an94_first_raise,inventory,,,,
2348,xanim,viewmodel_an94_putaway_quick,inventory,,,,
2349,xanim,viewmodel_an94_putaway,inventory,,,,
2350,xanim,viewmodel_an94_pullout_quick,inventory,,,,
2351,xanim,viewmodel_an94_sprint_in,inventory,,,,
2352,xanim,viewmodel_an94_sprint_loop,inventory,,,,
2353,xanim,viewmodel_an94_sprint_out,inventory,,,,
2354,xanim,viewmodel_an94_crawl_in,inventory,,,,
2355,xanim,viewmodel_an94_crawl_forward,inventory,,,,
2356,xanim,viewmodel_an94_crawl_back,inventory,,,,
2357,xanim,viewmodel_an94_crawl_right,inventory,,,,
2358,xanim,viewmodel_an94_crawl_left,inventory,,,,
2359,xanim,viewmodel_an94_crawl_out,inventory,,,,
2360,xanim,viewmodel_an94_ads_fire,inventory,,,,
2361,xanim,viewmodel_an94_intro_ads_fire,inventory,,,,
2362,xanim,viewmodel_an94_d2p_in,inventory,,,,
2363,xanim,viewmodel_an94_d2p_loop,inventory,,,,
2364,xanim,viewmodel_an94_d2p_out,inventory,,,,
2365,xanim,viewmodel_an94_ads_up,inventory,,,,
2366,xanim,viewmodel_an94_ads_down,inventory,,,,
2367,image,hud_mp_firerate_auto,inventory,,,,
2368,material,hud_mp_firerate_auto,inventory,,,,
2369,image,menu_mp_weapons_an94,inventory,,,,
2370,material,menu_mp_weapons_an94,inventory,,,,
2371,weapon,an94_zm,inventory,,,,
2372,attachmentunique,au_an94_none,inventory,,,,
2373,xanim,viewmodel_an94_grip_idle,inventory,,,,
2374,xanim,viewmodel_an94_grip_intro_fire,inventory,,,,
2375,xanim,viewmodel_an94_grip_fire,inventory,,,,
2376,xanim,viewmodel_an94_grip_reload,inventory,,,,
2377,xanim,viewmodel_an94_grip_reload_empty,inventory,,,,
2378,xanim,viewmodel_an94_grip_pullout,inventory,,,,
2379,xanim,viewmodel_an94_grip_putaway,inventory,,,,
2380,xanim,viewmodel_an94_grip_first_raise,inventory,,,,
2381,xanim,viewmodel_an94_grip_pullout_quick,inventory,,,,
2382,xanim,viewmodel_an94_grip_putaway_quick,inventory,,,,
2383,xanim,viewmodel_an94_grip_sprint_in,inventory,,,,
2384,xanim,viewmodel_an94_grip_sprint_loop,inventory,,,,
2385,xanim,viewmodel_an94_grip_sprint_out,inventory,,,,
2386,xanim,viewmodel_an94_grip_crawl_in,inventory,,,,
2387,xanim,viewmodel_an94_grip_crawl_forward,inventory,,,,
2388,xanim,viewmodel_an94_grip_crawl_back,inventory,,,,
2389,xanim,viewmodel_an94_grip_crawl_right,inventory,,,,
2390,xanim,viewmodel_an94_grip_crawl_left,inventory,,,,
2391,xanim,viewmodel_an94_grip_crawl_out,inventory,,,,
2392,xanim,viewmodel_an94_grip_ads_fire,inventory,,,,
2393,xanim,viewmodel_an94_grip_ads_up,inventory,,,,
2394,xanim,viewmodel_an94_grip_ads_down,inventory,,,,
2395,xanim,viewmodel_an94_grip_intro_ads_fire,inventory,,,,
2396,xanim,viewmodel_an94_grip_d2p_in,inventory,,,,
2397,xanim,viewmodel_an94_grip_d2p_loop,inventory,,,,
2398,xanim,viewmodel_an94_grip_d2p_out,inventory,,,,
2399,attachmentunique,au_an94_grip,inventory,,,,
2400,xanim,viewmodel_an94_mms_first_raise,inventory,,,,
2401,xanim,viewmodel_an94_mms_ads_up,inventory,,,,
2402,xanim,viewmodel_an94_mms_ads_down,inventory,,,,
2403,attachmentunique,au_an94_mms,inventory,,,,
2404,xanim,viewmodel_an94_rangefinder_ads_fire,inventory,,,,
2405,xanim,viewmodel_an94_rangefinder_ads_up,inventory,,,,
2406,xanim,viewmodel_an94_rangefinder_ads_down,inventory,,,,
2407,attachmentunique,au_an94_rangefinder,inventory,,,,
2408,xanim,viewmodel_an94_reflex_ads_up,inventory,,,,
2409,xanim,viewmodel_an94_reflex_ads_down,inventory,,,,
2410,attachmentunique,au_an94_reflex,inventory,,,,
2411,xanim,viewmodel_an94_grip_rangefinder_ads_fire,inventory,,,,
2412,attachmentunique,au_an94_rangefinder+grip,inventory,,,,
2413,weapon,an94_upgraded_zm,inventory,,,,
2414,xmodel,t6_wpn_sniper_ballista_view,inventory,,,,
2415,xmodel,t6_wpn_sniper_ballista_world,inventory,,,,
2416,xmodel,t6_attach_mag_ballista_view,inventory,,,,
2417,xmodel,t6_attach_mag_ballista_world,inventory,,,,
2418,material,mc/mtl_weapon_camo_zmb_dlc2_alt_2,inventory,,,,
2419,xanim,viewmodel_ballista_idle,inventory,,,,
2420,xanim,viewmodel_ballista_fire,inventory,,,,
2421,xanim,viewmodel_ballista_rechamber,inventory,,,,
2422,xanim,viewmodel_ballista_reload,inventory,,,,
2423,xanim,viewmodel_ballista_reload_empty,inventory,,,,
2424,xanim,viewmodel_ballista_pullout,inventory,,,,
2425,xanim,viewmodel_ballista_first_raise,inventory,,,,
2426,xanim,viewmodel_ballista_putaway,inventory,,,,
2427,xanim,viewmodel_ballista_pullout_quick,inventory,,,,
2428,xanim,viewmodel_ballista_putaway_quick,inventory,,,,
2429,xanim,viewmodel_ballista_sprint_in,inventory,,,,
2430,xanim,viewmodel_ballista_sprint_loop,inventory,,,,
2431,xanim,viewmodel_ballista_sprint_out,inventory,,,,
2432,xanim,viewmodel_ballista_crawl_in,inventory,,,,
2433,xanim,viewmodel_ballista_crawl_forward,inventory,,,,
2434,xanim,viewmodel_ballista_crawl_back,inventory,,,,
2435,xanim,viewmodel_ballista_crawl_right,inventory,,,,
2436,xanim,viewmodel_ballista_crawl_left,inventory,,,,
2437,xanim,viewmodel_ballista_crawl_out,inventory,,,,
2438,xanim,viewmodel_ballista_ads_fire,inventory,,,,
2439,xanim,viewmodel_ballista_alt_ads_rechamber,inventory,,,,
2440,xanim,viewmodel_ballista_d2p_in,inventory,,,,
2441,xanim,viewmodel_ballista_d2p_loop,inventory,,,,
2442,xanim,viewmodel_ballista_d2p_out,inventory,,,,
2443,xanim,viewmodel_ballista_iron_sights_ads_up,inventory,,,,
2444,xanim,viewmodel_ballista_iron_sights_ads_down,inventory,,,,
2445,rawfile,rumble/sniper_fire,dumped_embedded,fastfiles/mod/assets/rumble/sniper_fire,151,d2bff8d6da5d03483b1ad3b18ca0ec5a15961b469069cecec48bf080a1f60e15,
2446,image,menu_zm_weapons_ballista,inventory,,,,
2447,material,menu_zm_weapons_ballista,inventory,,,,
2448,image,menu_mp_weapons_ballista,inventory,,,,
2449,material,menu_mp_weapons_ballista,inventory,,,,
2450,weapon,ballista_zm,inventory,,,,
2451,image,scope_overlay_ballista_1024,inventory,,,,
2452,material,scope_overlay_ballista,inventory,,,,
2453,xanim,viewmodel_ballista_ads_rechamber,inventory,,,,
2454,xanim,viewmodel_ballista_ads_up,inventory,,,,
2455,xanim,viewmodel_ballista_ads_down,inventory,,,,
2456,attachmentunique,au_ballista_none,inventory,,,,
2457,image,mtl_t6_attach_optic_acog_reticle,inventory,,,,
2458,material,mc/mtl_t6_attach_optic_acog_reticle,inventory,,,,
2459,image,mtl_t6_attach_optic_acog_lens_nml,inventory,,,,
2460,image,~-gmtl_t6_attach_optic_acog_lens_spc,inventory,,,,
2461,image,~-gmtl_t6_attach_optic_acog_lens_col,inventory,,,,
2462,image,~-rmtl_t6_attach_optic_acog_l~3b107a16,inventory,,,,
2463,material,mc/mtl_t6_attach_optic_acog_lens,inventory,,,,
2464,techniqueset,mc_sw4_3d_viewmodel_unlit_8216051u,inventory,,,,
2465,image,mtl_t6_attach_optic_acog_crosshair,inventory,,,,
2466,material,mc/mtl_t6_attach_optic_acog_crosshair,inventory,,,,
2467,image,mtl_t6_attach_optic_scope_inside_nml,inventory,,,,
2468,image,~-gmtl_t6_attach_optic_scope_~c06422f6,inventory,,,,
2469,material,mc/mtl_t6_attach_optic_scope_inside,inventory,,,,
2470,techniqueset,mc_sw4_3d_viewmodel_unlit_alpha_85z6j5w5,inventory,,,,
2471,image,mtl_t6_attach_optic_acog_shade,inventory,,,,
2472,material,mc/mtl_t6_attach_optic_acog_shade,inventory,,,,
2473,xmodel,t6_attach_optic_acog_view,inventory,,,,
2474,xmodel,t6_attach_optic_acog_world,inventory,,,,
2475,xanim,viewmodel_ballista_rangefinder_ads_fire,inventory,,,,
2476,xanim,viewmodel_ballista_acog_ads_up,inventory,,,,
2477,xanim,viewmodel_ballista_acog_ads_down,inventory,,,,
2478,attachmentunique,au_ballista_acog,inventory,,,,
2479,attachmentunique,au_ballista_is,inventory,,,,
2480,weapon,ballista_upgraded_zm,inventory,,,,
2481,xmodel,t6_wpn_sniper_m82_view,inventory,,,,
2482,xmodel,t6_wpn_sniper_m82_world,inventory,,,,
2483,image,~~-gmtl_t6_wpn_sniper_ballist~4dcd17d2,inventory,,,,
2484,image,mtl_t6_wpn_sniper_ballista_lens_nml,inventory,,,,
2485,image,~-gmtl_t6_wpn_sniper_ballista_lens_col,inventory,,,,
2486,material,mc/mtl_t6_wpn_sniper_ballista_lens,inventory,,,,
2487,xmodel,t6_wpn_sniper_m82_scope_view,inventory,,,,
2488,xmodel,t6_attach_mag_m82_view,inventory,,,,
2489,xmodel,t6_wpn_sniper_m82_scope_world,inventory,,,,
2490,xmodel,t6_attach_mag_m82_world,inventory,,,,
2491,tracer,sniper,inventory,,,,
2492,xanim,viewmodel_m82_idle,inventory,,,,
2493,xanim,viewmodel_m82_fire,inventory,,,,
2494,xanim,viewmodel_m82_reload,inventory,,,,
2495,xanim,viewmodel_m82_reload_empty,inventory,,,,
2496,xanim,viewmodel_m82_pullout,inventory,,,,
2497,xanim,viewmodel_m82_first_raise,inventory,,,,
2498,xanim,viewmodel_m82_putaway,inventory,,,,
2499,xanim,viewmodel_m82_pullout_quick,inventory,,,,
2500,xanim,viewmodel_m82_putaway_quick,inventory,,,,
2501,xanim,viewmodel_m82_sprint_in,inventory,,,,
2502,xanim,viewmodel_m82_sprint_loop,inventory,,,,
2503,xanim,viewmodel_m82_sprint_out,inventory,,,,
2504,xanim,viewmodel_m82_crawl_in,inventory,,,,
2505,xanim,viewmodel_m82_crawl_forward,inventory,,,,
2506,xanim,viewmodel_m82_crawl_back,inventory,,,,
2507,xanim,viewmodel_m82_crawl_right,inventory,,,,
2508,xanim,viewmodel_m82_crawl_left,inventory,,,,
2509,xanim,viewmodel_m82_crawl_out,inventory,,,,
2510,xanim,viewmodel_m82_ads_fire,inventory,,,,
2511,xanim,viewmodel_m82_d2p_in,inventory,,,,
2512,xanim,viewmodel_m82_d2p_loop,inventory,,,,
2513,xanim,viewmodel_m82_d2p_out,inventory,,,,
2514,xanim,viewmodel_m82_ads_up,inventory,,,,
2515,xanim,viewmodel_m82_ads_down,inventory,,,,
2516,image,menu_mp_weapons_m82a,inventory,,,,
2517,material,menu_mp_weapons_m82a,inventory,,,,
2518,image,scope_overlay_dsr50_1024,inventory,,,,
2519,material,scope_overlay_dsr50,inventory,,,,
2520,weapon,barretm82_zm,inventory,,,,
2521,attachmentunique,au_barretm82_none,inventory,,,,
2522,xmodel,t6_attach_optic_vzoom_80s_view,inventory,,,,
2523,xmodel,t6_attach_optic_vzoom_80s_world,inventory,,,,
2524,image,scope_overlay_m40a3_1024#0,inventory,,,,
2525,material,scope_overlay_m40a3,inventory,,,,
2526,material,scope_overlay_m40a3_low_res,inventory,,,,
2527,attachmentunique,au_barretm82_vzoom,inventory,,,,
2528,image,scope_overlay_vzoom_1024,inventory,,,,
2529,material,scope_overlay_vzoom,inventory,,,,
2530,weapon,barretm82_upgraded_zm,inventory,,,,
2531,image,mtl_t6_attach_tritium_grn_glo,inventory,,,,
2532,material,mc/mtl_t6_attach_tritium_grn_glo,inventory,,,,
2533,image,~~-gmtl_t6_attach_tritium_wht~74df00e5,inventory,,,,
2534,image,mtl_t6_attach_tritium_wht_nml,inventory,,,,
2535,image,~-gmtl_t6_attach_tritium_wht_col,inventory,,,,
2536,material,mc/mtl_t6_attach_tritium_wht,inventory,,,,
2537,xmodel,t6_wpn_pistol_b2023r_view,inventory,,,,
2538,xmodel,t6_wpn_pistol_b2023r_world,inventory,,,,
2539,tracer,pistol,inventory,,,,
2540,tracer,pistol_enemy,inventory,,,,
2541,xanim,viewmodel_beretta2023r_idle,inventory,,,,
2542,xanim,viewmodel_beretta2023r_idle_empty,inventory,,,,
2543,xanim,viewmodel_beretta2023r_fire,inventory,,,,
2544,xanim,viewmodel_beretta2023r_lastshot,inventory,,,,
2545,xanim,viewmodel_beretta2023r_tactical_melee,inventory,,,,
2546,xanim,viewmodel_beretta2023r_tactical_melee_empty,inventory,,,,
2547,xanim,viewmodel_beretta2023r_reload,inventory,,,,
2548,xanim,viewmodel_beretta2023r_reload_empty,inventory,,,,
2549,xanim,viewmodel_beretta2023r_pullout,inventory,,,,
2550,xanim,viewmodel_beretta2023r_first_raise,inventory,,,,
2551,xanim,viewmodel_beretta2023r_putaway,inventory,,,,
2552,xanim,viewmodel_beretta2023r_pullout_empty,inventory,,,,
2553,xanim,viewmodel_beretta2023r_putaway_empty,inventory,,,,
2554,xanim,viewmodel_beretta2023r_sprint_in,inventory,,,,
2555,xanim,viewmodel_beretta2023r_sprint_loop,inventory,,,,
2556,xanim,viewmodel_beretta2023r_sprint_out,inventory,,,,
2557,xanim,viewmodel_beretta2023r_sprint_in_empty,inventory,,,,
2558,xanim,viewmodel_beretta2023r_sprint_loop_empty,inventory,,,,
2559,xanim,viewmodel_beretta2023r_sprint_out_empty,inventory,,,,
2560,xanim,viewmodel_beretta2023r_crawl_in,inventory,,,,
2561,xanim,viewmodel_beretta2023r_crawl_forward,inventory,,,,
2562,xanim,viewmodel_beretta2023r_crawl_back,inventory,,,,
2563,xanim,viewmodel_beretta2023r_crawl_right,inventory,,,,
2564,xanim,viewmodel_beretta2023r_crawl_left,inventory,,,,
2565,xanim,viewmodel_beretta2023r_crawl_out,inventory,,,,
2566,xanim,viewmodel_beretta2023r_crawl_in_empty,inventory,,,,
2567,xanim,viewmodel_beretta2023r_crawl_forward_empty,inventory,,,,
2568,xanim,viewmodel_beretta2023r_crawl_back_empty,inventory,,,,
2569,xanim,viewmodel_beretta2023r_crawl_right_empty,inventory,,,,
2570,xanim,viewmodel_beretta2023r_crawl_left_empty,inventory,,,,
2571,xanim,viewmodel_beretta2023r_crawl_out_empty,inventory,,,,
2572,xanim,viewmodel_beretta2023r_ads_fire,inventory,,,,
2573,xanim,viewmodel_beretta2023r_d2p_in,inventory,,,,
2574,xanim,viewmodel_beretta2023r_d2p_loop,inventory,,,,
2575,xanim,viewmodel_beretta2023r_d2p_out,inventory,,,,
2576,xanim,viewmodel_beretta2023r_d2p_in_empty,inventory,,,,
2577,xanim,viewmodel_beretta2023r_d2p_loop_empty,inventory,,,,
2578,xanim,viewmodel_beretta2023r_d2p_out_empty,inventory,,,,
2579,xanim,viewmodel_beretta2023r_ads_up,inventory,,,,
2580,xanim,viewmodel_beretta2023r_ads_down,inventory,,,,
2581,rawfile,rumble/pistol_fire,dumped_embedded,fastfiles/mod/assets/rumble/pistol_fire,149,8813b0618a76132308bc840ec57900edc656e945aeffaa23f02ae94f55f6b874,
2582,rawfile,rumble/pistol_fire_h.rmb,dumped_embedded,fastfiles/mod/assets/rumble/pistol_fire_h.rmb,82,efc47771f9ed943e8835e2106231520686e62a967af426de52deebf534d05775,
2583,rawfile,rumble/pistol_fire_l.rmb,dumped_embedded,fastfiles/mod/assets/rumble/pistol_fire_l.rmb,82,a9c163e7e9bd046e934c6183052a5201aafb8c6f81ecbf2a2be7a42e9a8c7302,
2584,image,menu_mp_weapons_baretta93r,inventory,,,,
2585,material,menu_mp_weapons_baretta,inventory,,,,
2586,xmodel,t6_attach_pistol_fastmag_view,inventory,,,,
2587,xmodel,t6_attach_pistol_fastmag_world,inventory,,,,
2588,xanim,viewmodel_beretta2023r_fastmag,inventory,,,,
2589,xanim,viewmodel_beretta2023r_fastmag_empty,inventory,,,,
2590,weapon,beretta93r_extclip_zm,inventory,,,,
2591,attachmentunique,au_beretta93r_none,inventory,,,,
2592,attachmentunique,au_beretta93r_dualclip,inventory,,,,
2593,weapon,beretta93r_extclip_upgraded_zm,inventory,,,,
2594,xmodel,t6_wpn_zmb_mc96_view,inventory,,,,
2595,xmodel,t6_wpn_zmb_mc96_world,inventory,,,,
2596,xanim,viewmodel_zomb_mauser_idle,inventory,,,,
2597,xanim,viewmodel_zomb_mauser_idle_empty,inventory,,,,
2598,xanim,viewmodel_zomb_mauser_fire,inventory,,,,
2599,xanim,viewmodel_zomb_mauser_lastshot,inventory,,,,
2600,xanim,viewmodel_zomb_mauser_reload,inventory,,,,
2601,xanim,viewmodel_zomb_mauser_reload_empty,inventory,,,,
2602,xanim,viewmodel_zomb_mauser_pullout,inventory,,,,
2603,xanim,viewmodel_zomb_mauser_upgrade_first_raise,inventory,,,,
2604,xanim,viewmodel_zomb_mauser_putaway,inventory,,,,
2605,xanim,viewmodel_zomb_mauser_pullout_empty,inventory,,,,
2606,xanim,viewmodel_zomb_mauser_putaway_empty,inventory,,,,
2607,xanim,viewmodel_zomb_mauser_sprint_in,inventory,,,,
2608,xanim,viewmodel_zomb_mauser_sprint_loop,inventory,,,,
2609,xanim,viewmodel_zomb_mauser_sprint_out,inventory,,,,
2610,xanim,viewmodel_zomb_mauser_sprint_in_empty,inventory,,,,
2611,xanim,viewmodel_zomb_mauser_sprint_loop_empty,inventory,,,,
2612,xanim,viewmodel_zomb_mauser_sprint_out_empty,inventory,,,,
2613,xanim,viewmodel_zomb_mauser_crawl_in,inventory,,,,
2614,xanim,viewmodel_zomb_mauser_crawl_forward,inventory,,,,
2615,xanim,viewmodel_zomb_mauser_crawl_back,inventory,,,,
2616,xanim,viewmodel_zomb_mauser_crawl_right,inventory,,,,
2617,xanim,viewmodel_zomb_mauser_crawl_left,inventory,,,,
2618,xanim,viewmodel_zomb_mauser_crawl_out,inventory,,,,
2619,xanim,viewmodel_zomb_mauser_crawl_in_empty,inventory,,,,
2620,xanim,viewmodel_zomb_mauser_crawl_forward_empty,inventory,,,,
2621,xanim,viewmodel_zomb_mauser_crawl_back_empty,inventory,,,,
2622,xanim,viewmodel_zomb_mauser_crawl_right_empty,inventory,,,,
2623,xanim,viewmodel_zomb_mauser_crawl_left_empty,inventory,,,,
2624,xanim,viewmodel_zomb_mauser_crawl_out_empty,inventory,,,,
2625,xanim,viewmodel_zomb_mauser_ads_fire,inventory,,,,
2626,xanim,viewmodel_zomb_mauser_d2p_in,inventory,,,,
2627,xanim,viewmodel_zomb_mauser_d2p_loop,inventory,,,,
2628,xanim,viewmodel_zomb_mauser_d2p_out,inventory,,,,
2629,xanim,viewmodel_zomb_mauser_d2p_in_empty,inventory,,,,
2630,xanim,viewmodel_zomb_mauser_d2p_loop_empty,inventory,,,,
2631,xanim,viewmodel_zomb_mauser_d2p_out_empty,inventory,,,,
2632,xanim,viewmodel_zomb_mauser_ads_up,inventory,,,,
2633,xanim,viewmodel_zomb_mauser_ads_down,inventory,,,,
2634,image,menu_zm_weapons_mc96,inventory,,,,
2635,material,menu_zm_weapons_mc96,inventory,,,,
2636,weapon,c96_zm,inventory,,,,
2637,image,mtl_t6_attach_optic_mc96_reticle,inventory,,,,
2638,material,mc/mtl_t6_attach_zmb_mc96_reticle,inventory,,,,
2639,xmodel,t6_attach_zmb_mc96_scope_view,inventory,,,,
2640,xmodel,t6_attach_zmb_mc96_scope_ads,inventory,,,,
2641,xmodel,t6_attach_zmb_mc96_scope_world,inventory,,,,
2642,techniqueset,mc_lit_sm_r0c0_77e21qq8,inventory,,,,
2643,image,~-ggrey,inventory,,,,
2644,material,mc/lambert1,inventory,,,,
2645,xmodel,tag_flash,inventory,,,,
2646,xanim,viewmodel_zomb_mauser_upg_reload_empty,inventory,,,,
2647,xanim,viewmodel_zomb_mauser_upgraded_fire,inventory,,,,
2648,xanim,viewmodel_zomb_mauser_upgrade_ads_up,inventory,,,,
2649,xanim,viewmodel_zomb_mauser_upgrade_ads_down,inventory,,,,
2650,weapon,c96_upgraded_zm,inventory,,,,
2651,image,~~-gmtl_t6_attach_tritium_red~74df00e5,inventory,,,,
2652,image,~-gmtl_t6_attach_tritium_red_col,inventory,,,,
2653,material,mc/mtl_t6_attach_tritium_red,inventory,,,,
2654,xmodel,t6_wpn_smg_scorpion_view,inventory,,,,
2655,xmodel,t6_wpn_smg_scorpion_world,inventory,,,,
2656,xmodel,t6_attach_mag_scorpion_view,inventory,,,,
2657,xmodel,t6_attach_mag_scorpion_world,inventory,,,,
2658,material,mc/mtl_weapon_camo_3layer_2,inventory,,,,
2659,material,mc/mtl_weapon_camo_3layer_3,inventory,,,,
2660,material,mc/mtl_weapon_camo_zmb_dlc4_alt_2,inventory,,,,
2661,xanim,viewmodel_skorpion_evo_idle,inventory,,,,
2662,xanim,viewmodel_skorpion_evo_fire,inventory,,,,
2663,xanim,viewmodel_skorpion_evo_reload,inventory,,,,
2664,xanim,viewmodel_skorpion_evo_reload_empty,inventory,,,,
2665,xanim,viewmodel_skorpion_evo_pullout,inventory,,,,
2666,xanim,viewmodel_skorpion_evo_first_raise,inventory,,,,
2667,xanim,viewmodel_skorpion_evo_putaway,inventory,,,,
2668,xanim,viewmodel_skorpion_evo_pullout_quick,inventory,,,,
2669,xanim,viewmodel_skorpion_evo_putaway_quick,inventory,,,,
2670,xanim,viewmodel_skorpion_evo_sprint_in,inventory,,,,
2671,xanim,viewmodel_skorpion_evo_sprint_loop,inventory,,,,
2672,xanim,viewmodel_skorpion_evo_sprint_out,inventory,,,,
2673,xanim,viewmodel_skorpion_evo_crawl_in,inventory,,,,
2674,xanim,viewmodel_skorpion_evo_crawl_forward,inventory,,,,
2675,xanim,viewmodel_skorpion_evo_crawl_back,inventory,,,,
2676,xanim,viewmodel_skorpion_evo_crawl_right,inventory,,,,
2677,xanim,viewmodel_skorpion_evo_crawl_left,inventory,,,,
2678,xanim,viewmodel_skorpion_evo_crawl_out,inventory,,,,
2679,xanim,viewmodel_skorpion_evo_ads_fire,inventory,,,,
2680,xanim,viewmodel_skorpion_evo_d2p_in,inventory,,,,
2681,xanim,viewmodel_skorpion_evo_d2p_loop,inventory,,,,
2682,xanim,viewmodel_skorpion_evo_d2p_out,inventory,,,,
2683,xanim,viewmodel_skorpion_evo_ads_up,inventory,,,,
2684,xanim,viewmodel_skorpion_evo_ads_down,inventory,,,,
2685,image,menu_mp_weapons_evoskorpion,inventory,,,,
2686,material,menu_mp_weapons_evoskorpion,inventory,,,,
2687,weapon,evoskorpion_zm,inventory,,,,
2688,attachmentunique,au_evoskorpion_none,inventory,,,,
2689,xmodel,t6_attach_fastmag_scorpion_view,inventory,,,,
2690,xmodel,t6_attach_fastmag_scorpion_world,inventory,,,,
2691,xanim,viewmodel_skorpion_evo_fastmag,inventory,,,,
2692,xanim,viewmodel_skorpion_evo_fastmag_empty,inventory,,,,
2693,xanim,viewmodel_skorpion_evo_fastmag_quick,inventory,,,,
2694,xanim,viewmodel_skorpion_evo_fastmag_empty_quick,inventory,,,,
2695,attachmentunique,au_evoskorpion_dualclip,inventory,,,,
2696,xanim,viewmodel_skorpion_evo_rangefinder_ads_fire,inventory,,,,
2697,xanim,viewmodel_skorpion_evo_rangefinder_ads_up,inventory,,,,
2698,xanim,viewmodel_skorpion_evo_rangefinder_ads_down,inventory,,,,
2699,attachmentunique,au_evoskorpion_rangefinder,inventory,,,,
2700,xanim,viewmodel_skorpion_evo_reflex_ads_up,inventory,,,,
2701,xanim,viewmodel_skorpion_evo_reflex_ads_down,inventory,,,,
2702,attachmentunique,au_evoskorpion_reflex,inventory,,,,
2703,weapon,evoskorpion_upgraded_zm,inventory,,,,
2704,xmodel,t6_wpn_lmg_hamr_view,inventory,,,,
2705,xmodel,t6_wpn_lmg_hamr_world,inventory,,,,
2706,xmodel,t6_attach_mag_hamr_view,inventory,,,,
2707,xmodel,t6_attach_mag_hamr_world,inventory,,,,
2708,xanim,viewmodel_hamr_idle,inventory,,,,
2709,xanim,viewmodel_hamr_fire,inventory,,,,
2710,xanim,viewmodel_hamr_secondary_fire,inventory,,,,
2711,xanim,viewmodel_hamr_reload,inventory,,,,
2712,xanim,viewmodel_hamr_reload_empty,inventory,,,,
2713,xanim,viewmodel_hamr_pullout,inventory,,,,
2714,xanim,viewmodel_hamr_first_raise,inventory,,,,
2715,xanim,viewmodel_hamr_putaway,inventory,,,,
2716,xanim,viewmodel_hamr_pullout_quick,inventory,,,,
2717,xanim,viewmodel_hamr_putaway_quick,inventory,,,,
2718,xanim,viewmodel_hamr_sprint_in,inventory,,,,
2719,xanim,viewmodel_hamr_sprint_loop,inventory,,,,
2720,xanim,viewmodel_hamr_sprint_out,inventory,,,,
2721,xanim,viewmodel_hamr_crawl_in,inventory,,,,
2722,xanim,viewmodel_hamr_crawl_forward,inventory,,,,
2723,xanim,viewmodel_hamr_crawl_back,inventory,,,,
2724,xanim,viewmodel_hamr_crawl_right,inventory,,,,
2725,xanim,viewmodel_hamr_crawl_left,inventory,,,,
2726,xanim,viewmodel_hamr_crawl_out,inventory,,,,
2727,xanim,viewmodel_hamr_ads_secondary_fire,inventory,,,,
2728,xanim,viewmodel_hamr_ads_fire,inventory,,,,
2729,xanim,viewmodel_hamr_d2p_in,inventory,,,,
2730,xanim,viewmodel_hamr_d2p_loop,inventory,,,,
2731,xanim,viewmodel_hamr_d2p_out,inventory,,,,
2732,xanim,viewmodel_hamr_ads_up,inventory,,,,
2733,xanim,viewmodel_hamr_ads_down,inventory,,,,
2734,image,menu_mp_weapons_hamr,inventory,,,,
2735,material,menu_mp_weapons_hamr,inventory,,,,
2736,tracer,lmg,inventory,,,,
2737,weapon,hamr_zm,inventory,,,,
2738,attachmentunique,au_hamr_none,inventory,,,,
2739,xanim,viewmodel_hamr_rangefinder_ads_secondary_fire,inventory,,,,
2740,xanim,viewmodel_hamr_rangefinder_ads_fire,inventory,,,,
2741,xanim,viewmodel_hamr_acog_ads_up,inventory,,,,
2742,xanim,viewmodel_hamr_acog_ads_down,inventory,,,,
2743,attachmentunique,au_hamr_acog,inventory,,,,
2744,xanim,viewmodel_hamr_grip_idle,inventory,,,,
2745,xanim,viewmodel_hamr_grip_fire,inventory,,,,
2746,xanim,viewmodel_hamr_grip_secondary_fire,inventory,,,,
2747,xanim,viewmodel_hamr_grip_reload,inventory,,,,
2748,xanim,viewmodel_hamr_grip_reload_empty,inventory,,,,
2749,xanim,viewmodel_hamr_grip_pullout,inventory,,,,
2750,xanim,viewmodel_hamr_grip_putaway,inventory,,,,
2751,xanim,viewmodel_hamr_grip_first_raise,inventory,,,,
2752,xanim,viewmodel_hamr_grip_pullout_quick,inventory,,,,
2753,xanim,viewmodel_hamr_grip_putaway_quick,inventory,,,,
2754,xanim,viewmodel_hamr_grip_sprint_in,inventory,,,,
2755,xanim,viewmodel_hamr_grip_sprint_loop,inventory,,,,
2756,xanim,viewmodel_hamr_grip_sprint_out,inventory,,,,
2757,xanim,viewmodel_hamr_grip_crawl_in,inventory,,,,
2758,xanim,viewmodel_hamr_grip_crawl_forward,inventory,,,,
2759,xanim,viewmodel_hamr_grip_crawl_back,inventory,,,,
2760,xanim,viewmodel_hamr_grip_crawl_right,inventory,,,,
2761,xanim,viewmodel_hamr_grip_crawl_left,inventory,,,,
2762,xanim,viewmodel_hamr_grip_crawl_out,inventory,,,,
2763,xanim,viewmodel_hamr_grip_ads_secondary_fire,inventory,,,,
2764,xanim,viewmodel_hamr_grip_ads_up,inventory,,,,
2765,xanim,viewmodel_hamr_grip_ads_down,inventory,,,,
2766,xanim,viewmodel_hamr_grip_ads_fire,inventory,,,,
2767,xanim,viewmodel_hamr_grip_d2p_in,inventory,,,,
2768,xanim,viewmodel_hamr_grip_d2p_loop,inventory,,,,
2769,xanim,viewmodel_hamr_grip_d2p_out,inventory,,,,
2770,attachmentunique,au_hamr_grip,inventory,,,,
2771,xanim,viewmodel_hamr_reflex_ads_up,inventory,,,,
2772,xanim,viewmodel_hamr_reflex_ads_down,inventory,,,,
2773,attachmentunique,au_hamr_reflex,inventory,,,,
2774,xanim,viewmodel_hamr_grip_rangefinder_ads_secondary_fire,inventory,,,,
2775,xanim,viewmodel_hamr_grip_rangefinder_ads_fire,inventory,,,,
2776,attachmentunique,au_hamr_acog+grip,inventory,,,,
2777,weapon,hamr_upgraded_zm,inventory,,,,
2778,image,menu_mp_weapons_hk416,inventory,,,,
2779,material,menu_mp_weapons_hk416,inventory,,,,
2780,xmodel,t6_wpn_ar_hk416_view,inventory,,,,
2781,xmodel,t6_wpn_ar_hk416_world,inventory,,,,
2782,xmodel,t6_attach_mag_hk416_view,inventory,,,,
2783,xmodel,t6_attach_mag_hk416_world,inventory,,,,
2784,material,mc/mtl_weapon_camo_zombies_2,inventory,,,,
2785,xanim,viewmodel_hk416_idle,inventory,,,,
2786,xanim,viewmodel_hk416_fire,inventory,,,,
2787,xanim,viewmodel_hk416_first_raise,inventory,,,,
2788,xanim,viewmodel_hk416_reload,inventory,,,,
2789,xanim,viewmodel_hk416_reload_empty,inventory,,,,
2790,xanim,viewmodel_hk416_pullout,inventory,,,,
2791,xanim,viewmodel_hk416_putaway,inventory,,,,
2792,xanim,viewmodel_hk416_pullout_quick,inventory,,,,
2793,xanim,viewmodel_hk416_putaway_quick,inventory,,,,
2794,xanim,viewmodel_hk416_sprint_in,inventory,,,,
2795,xanim,viewmodel_hk416_sprint_loop,inventory,,,,
2796,xanim,viewmodel_hk416_sprint_out,inventory,,,,
2797,xanim,viewmodel_hk416_crawl_in,inventory,,,,
2798,xanim,viewmodel_hk416_crawl_forward,inventory,,,,
2799,xanim,viewmodel_hk416_crawl_back,inventory,,,,
2800,xanim,viewmodel_hk416_crawl_right,inventory,,,,
2801,xanim,viewmodel_hk416_crawl_left,inventory,,,,
2802,xanim,viewmodel_hk416_crawl_out,inventory,,,,
2803,xanim,viewmodel_hk416_ads_fire,inventory,,,,
2804,xanim,viewmodel_hk416_d2p_in,inventory,,,,
2805,xanim,viewmodel_hk416_d2p_loop,inventory,,,,
2806,xanim,viewmodel_hk416_d2p_out,inventory,,,,
2807,xanim,viewmodel_hk416_ads_up,inventory,,,,
2808,xanim,viewmodel_hk416_ads_down,inventory,,,,
2809,attachmentunique,au_hk416_none,inventory,,,,
2810,xanim,viewmodel_hk416_mms_first_raise,inventory,,,,
2811,xanim,viewmodel_hk416_mms_ads_up,inventory,,,,
2812,xanim,viewmodel_hk416_mms_ads_down,inventory,,,,
2813,attachmentunique,au_hk416_mms,inventory,,,,
2814,xanim,viewmodel_hk416_rangefinder_ads_fire,inventory,,,,
2815,xanim,viewmodel_hk416_rangefinder_ads_up,inventory,,,,
2816,xanim,viewmodel_hk416_rangefinder_ads_down,inventory,,,,
2817,attachmentunique,au_hk416_rangefinder,inventory,,,,
2818,xanim,viewmodel_hk416_reflex_ads_up,inventory,,,,
2819,xanim,viewmodel_hk416_reflex_ads_down,inventory,,,,
2820,attachmentunique,au_hk416_reflex,inventory,,,,
2821,weapon,hk416_zm,inventory,,,,
2822,weapon,hk416_upgraded_zm,inventory,,,,
2823,image,~~-gmtl_t6_wpn_pistol_judge_s~8fa00774,inventory,,,,
2824,image,mtl_t6_wpn_pistol_judge_shell_n,inventory,,,,
2825,image,~mtl_t6_wpn_pistol_judge_shel~d8cb9ed2,inventory,,,,
2826,image,~-gmtl_t6_wpn_pistol_judge_shell_c,inventory,,,,
2827,material,mc/mtl_t6_wpn_pistol_judge_shell,inventory,,,,
2828,techniqueset,mc_unlit_add_ww82zw88,inventory,,,,
2829,image,~-gmtl_t6_attach_tritium_grn_col,inventory,,,,
2830,material,mc/mtl_t6_attach_tritium_grn,inventory,,,,
2831,xmodel,t6_wpn_pistol_judge_view,inventory,,,,
2832,material,mc/mtl_t6_wpn_pistol_judge_camo4,inventory,,,,
2833,xmodel,t6_wpn_pistol_judge_world,inventory,,,,
2834,xanim,viewmodel_judge_idle,inventory,,,,
2835,xanim,viewmodel_judge_fire,inventory,,,,
2836,xanim,viewmodel_judge_tactical_melee,inventory,,,,
2837,xanim,viewmodel_judge_manual_reload_loop,inventory,,,,
2838,xanim,viewmodel_judge_manual_reload_in,inventory,,,,
2839,xanim,viewmodel_judge_manual_reload_out,inventory,,,,
2840,xanim,viewmodel_judge_pullout,inventory,,,,
2841,xanim,viewmodel_judge_first_raise,inventory,,,,
2842,xanim,viewmodel_judge_putaway,inventory,,,,
2843,xanim,viewmodel_judge_sprint_in,inventory,,,,
2844,xanim,viewmodel_judge_sprint_loop,inventory,,,,
2845,xanim,viewmodel_judge_sprint_out,inventory,,,,
2846,xanim,viewmodel_judge_crawl_in,inventory,,,,
2847,xanim,viewmodel_judge_crawl_forward,inventory,,,,
2848,xanim,viewmodel_judge_crawl_back,inventory,,,,
2849,xanim,viewmodel_judge_crawl_right,inventory,,,,
2850,xanim,viewmodel_judge_crawl_left,inventory,,,,
2851,xanim,viewmodel_judge_crawl_out,inventory,,,,
2852,xanim,viewmodel_judge_ads_fire,inventory,,,,
2853,xanim,viewmodel_judge_d2p_in,inventory,,,,
2854,xanim,viewmodel_judge_d2p_loop,inventory,,,,
2855,xanim,viewmodel_judge_d2p_out,inventory,,,,
2856,xanim,viewmodel_judge_ads_up,inventory,,,,
2857,xanim,viewmodel_judge_ads_down,inventory,,,,
2858,image,menu_mp_weapons_judge,inventory,,,,
2859,material,menu_mp_weapons_judge,inventory,,,,
2860,weapon,judge_zm,inventory,,,,
2861,attachmentunique,au_judge_none,inventory,,,,
2862,image,~~-gmtl_t6_attach_speedloader~58ca2081,inventory,,,,
2863,image,mtl_t6_attach_speedloader_nml,inventory,,,,
2864,image,~-gmtl_t6_attach_speedloader_col,inventory,,,,
2865,material,mc/mtl_t6_attach_speedloader,inventory,,,,
2866,xmodel,t6_attach_speedloader_view,inventory,,,,
2867,xanim,viewmodel_judge_fastmag_reload_loop,inventory,,,,
2868,xanim,viewmodel_judge_fastmag_reload_in,inventory,,,,
2869,xanim,viewmodel_judge_fastmag_reload_out,inventory,,,,
2870,attachmentunique,au_judge_dualclip,inventory,,,,
2871,attachmentunique,au_judge_extbarrel,inventory,,,,
2872,weapon,judge_upgraded_zm,inventory,,,,
2873,xmodel,t6_wpn_pistol_kard_view,inventory,,,,
2874,xmodel,t6_wpn_pistol_kard_world,inventory,,,,
2875,xanim,viewmodel_kard_idle,inventory,,,,
2876,xanim,viewmodel_kard_fire,inventory,,,,
2877,xanim,viewmodel_kard_tactical_melee,inventory,,,,
2878,xanim,viewmodel_kard_reload,inventory,,,,
2879,xanim,viewmodel_kard_reload_empty,inventory,,,,
2880,xanim,viewmodel_kard_pullout,inventory,,,,
2881,xanim,viewmodel_kard_first_raise,inventory,,,,
2882,xanim,viewmodel_kard_putaway,inventory,,,,
2883,xanim,viewmodel_kard_sprint_in,inventory,,,,
2884,xanim,viewmodel_kard_sprint_loop,inventory,,,,
2885,xanim,viewmodel_kard_sprint_out,inventory,,,,
2886,xanim,viewmodel_kard_crawl_in,inventory,,,,
2887,xanim,viewmodel_kard_crawl_forward,inventory,,,,
2888,xanim,viewmodel_kard_crawl_back,inventory,,,,
2889,xanim,viewmodel_kard_crawl_right,inventory,,,,
2890,xanim,viewmodel_kard_crawl_left,inventory,,,,
2891,xanim,viewmodel_kard_crawl_out,inventory,,,,
2892,xanim,viewmodel_kard_ads_fire,inventory,,,,
2893,xanim,viewmodel_kard_d2p_in,inventory,,,,
2894,xanim,viewmodel_kard_d2p_loop,inventory,,,,
2895,xanim,viewmodel_kard_d2p_out,inventory,,,,
2896,xanim,viewmodel_kard_ads_up,inventory,,,,
2897,xanim,viewmodel_kard_ads_down,inventory,,,,
2898,image,menu_mp_weapons_kard,inventory,,,,
2899,material,menu_mp_weapons_kard,inventory,,,,
2900,weapon,kard_zm,inventory,,,,
2901,attachmentunique,au_kard_none,inventory,,,,
2902,xanim,viewmodel_kard_fastmag,inventory,,,,
2903,xanim,viewmodel_kard_fastmag_empty,inventory,,,,
2904,attachmentunique,au_kard_dualclip,inventory,,,,
2905,weapon,kard_upgraded_zm,inventory,,,,
2906,xmodel,t6_wpn_shotty_ksg_view,inventory,,,,
2907,xmodel,t6_wpn_shotty_ksg_world,inventory,,,,
2908,xanim,viewmodel_ksg_idle,inventory,,,,
2909,xanim,viewmodel_ksg_fire,inventory,,,,
2910,xanim,viewmodel_ksg_last_shot,inventory,,,,
2911,xanim,viewmodel_ksg_rechamber,inventory,,,,
2912,xanim,viewmodel_ksg_reload_loop,inventory,,,,
2913,xanim,viewmodel_ksg_reload_in,inventory,,,,
2914,xanim,viewmodel_ksg_reload_out,inventory,,,,
2915,xanim,viewmodel_ksg_pullout,inventory,,,,
2916,xanim,viewmodel_ksg_first_raise,inventory,,,,
2917,xanim,viewmodel_ksg_putaway,inventory,,,,
2918,xanim,viewmodel_ksg_pullout_quick,inventory,,,,
2919,xanim,viewmodel_ksg_putaway_quick,inventory,,,,
2920,xanim,viewmodel_ksg_sprint_in,inventory,,,,
2921,xanim,viewmodel_ksg_sprint_loop,inventory,,,,
2922,xanim,viewmodel_ksg_sprint_out,inventory,,,,
2923,xanim,viewmodel_ksg_crawl_in,inventory,,,,
2924,xanim,viewmodel_ksg_crawl_forward,inventory,,,,
2925,xanim,viewmodel_ksg_crawl_back,inventory,,,,
2926,xanim,viewmodel_ksg_crawl_right,inventory,,,,
2927,xanim,viewmodel_ksg_crawl_left,inventory,,,,
2928,xanim,viewmodel_ksg_crawl_out,inventory,,,,
2929,xanim,viewmodel_ksg_ads_fire,inventory,,,,
2930,xanim,viewmodel_ksg_ads_last_shot,inventory,,,,
2931,xanim,viewmodel_ksg_ads_rechamber,inventory,,,,
2932,xanim,viewmodel_ksg_d2p_in,inventory,,,,
2933,xanim,viewmodel_ksg_d2p_loop,inventory,,,,
2934,xanim,viewmodel_ksg_d2p_out,inventory,,,,
2935,xanim,viewmodel_ksg_ads_up,inventory,,,,
2936,xanim,viewmodel_ksg_ads_down,inventory,,,,
2937,image,hud_mp_firerate_pump,inventory,,,,
2938,material,hud_mp_firerate_pump,inventory,,,,
2939,image,menu_mp_weapons_ksg,inventory,,,,
2940,material,menu_mp_weapons_ksg,inventory,,,,
2941,weapon,ksg_zm,inventory,,,,
2942,attachmentunique,au_ksg_none,inventory,,,,
2943,xanim,viewmodel_ksg_reflex_ads_up,inventory,,,,
2944,xanim,viewmodel_ksg_reflex_ads_down,inventory,,,,
2945,attachmentunique,au_ksg_reflex,inventory,,,,
2946,weapon,ksg_upgraded_zm,inventory,,,,
2947,image,~-gmtl_t6_wpn_lmg_lsat_ammo_counter,inventory,,,,
2948,techniqueset,mc_sw4_3d_digits_ammo_f482z4j6,inventory,,,,
2949,material,mc/mtl_t6_wpn_lmg_lsat_ammo_counter,inventory,,,,
2950,xmodel,t6_wpn_lmg_lsat_view,inventory,,,,
2951,xmodel,t6_wpn_lmg_lsat_world,inventory,,,,
2952,material,mc/mtl_weapon_camo_carbon_fiber_alt_2,inventory,,,,
2953,material,mc/mtl_weapon_camo_bacon_alt_2,inventory,,,,
2954,material,mc/mtl_weapon_camo_bacon_alt_3,inventory,,,,
2955,material,mc/mtl_weapon_camo_dragon_alt_2,inventory,,,,
2956,xanim,viewmodel_lsat_idle,inventory,,,,
2957,xanim,viewmodel_lsat_fire,inventory,,,,
2958,xanim,viewmodel_lsat_reload_empty,inventory,,,,
2959,xanim,viewmodel_lsat_pullout,inventory,,,,
2960,xanim,viewmodel_lsat_first_raise,inventory,,,,
2961,xanim,viewmodel_lsat_putaway,inventory,,,,
2962,xanim,viewmodel_lsat_pullout_quick,inventory,,,,
2963,xanim,viewmodel_lsat_putaway_quick,inventory,,,,
2964,xanim,viewmodel_lsat_sprint_in,inventory,,,,
2965,xanim,viewmodel_lsat_sprint_loop,inventory,,,,
2966,xanim,viewmodel_lsat_sprint_out,inventory,,,,
2967,xanim,viewmodel_lsat_crawl_in,inventory,,,,
2968,xanim,viewmodel_lsat_crawl_forward,inventory,,,,
2969,xanim,viewmodel_lsat_crawl_back,inventory,,,,
2970,xanim,viewmodel_lsat_crawl_right,inventory,,,,
2971,xanim,viewmodel_lsat_crawl_left,inventory,,,,
2972,xanim,viewmodel_lsat_crawl_out,inventory,,,,
2973,xanim,viewmodel_lsat_ads_fire,inventory,,,,
2974,xanim,viewmodel_lsat_d2p_in,inventory,,,,
2975,xanim,viewmodel_lsat_d2p_loop,inventory,,,,
2976,xanim,viewmodel_lsat_d2p_out,inventory,,,,
2977,xanim,viewmodel_lsat_ads_up,inventory,,,,
2978,xanim,viewmodel_lsat_ads_down,inventory,,,,
2979,rawfile,rumble/lmg_fire,dumped_embedded,fastfiles/mod/assets/rumble/lmg_fire,143,08a094a2ce2c8f0807bf6299be50487a088ce731e4c387b7989ae78b2abef031,
2980,rawfile,rumble/lmg_fire_h.rmb,dumped_embedded,fastfiles/mod/assets/rumble/lmg_fire_h.rmb,110,dc57b28f397c9a9815cdcd2b6aeffc6db5ad84d194de7d062848a3c5827b48df,
2981,rawfile,rumble/lmg_fire_l.rmb,dumped_embedded,fastfiles/mod/assets/rumble/lmg_fire_l.rmb,82,3bb14ed45ded245f28a3669dd14d1cc6d7c4312a75eb1a6d6e68d8055db42f47,
2982,image,menu_mp_weapons_lsat,inventory,,,,
2983,material,menu_mp_weapons_lsat,inventory,,,,
2984,tracer,lmg_enemy,inventory,,,,
2985,weapon,lsat_zm,inventory,,,,
2986,attachmentunique,au_lsat_none,inventory,,,,
2987,xanim,viewmodel_lsat_rangefinder_ads_fire,inventory,,,,
2988,xanim,viewmodel_lsat_acog_ads_up,inventory,,,,
2989,xanim,viewmodel_lsat_acog_ads_down,inventory,,,,
2990,attachmentunique,au_lsat_acog,inventory,,,,
2991,xanim,viewmodel_lsat_grip_idle,inventory,,,,
2992,xanim,viewmodel_lsat_grip_fire,inventory,,,,
2993,xanim,viewmodel_lsat_grip_reload_empty,inventory,,,,
2994,xanim,viewmodel_lsat_grip_pullout,inventory,,,,
2995,xanim,viewmodel_lsat_grip_putaway,inventory,,,,
2996,xanim,viewmodel_lsat_grip_first_raise,inventory,,,,
2997,xanim,viewmodel_lsat_grip_pullout_quick,inventory,,,,
2998,xanim,viewmodel_lsat_grip_putaway_quick,inventory,,,,
2999,xanim,viewmodel_lsat_grip_sprint_in,inventory,,,,
3000,xanim,viewmodel_lsat_grip_sprint_loop,inventory,,,,
3001,xanim,viewmodel_lsat_grip_sprint_out,inventory,,,,
3002,xanim,viewmodel_lsat_grip_crawl_in,inventory,,,,
3003,xanim,viewmodel_lsat_grip_crawl_forward,inventory,,,,
3004,xanim,viewmodel_lsat_grip_crawl_back,inventory,,,,
3005,xanim,viewmodel_lsat_grip_crawl_right,inventory,,,,
3006,xanim,viewmodel_lsat_grip_crawl_left,inventory,,,,
3007,xanim,viewmodel_lsat_grip_crawl_out,inventory,,,,
3008,xanim,viewmodel_lsat_grip_ads_fire,inventory,,,,
3009,xanim,viewmodel_lsat_grip_ads_up,inventory,,,,
3010,xanim,viewmodel_lsat_grip_ads_down,inventory,,,,
3011,xanim,viewmodel_lsat_grip_d2p_in,inventory,,,,
3012,xanim,viewmodel_lsat_grip_d2p_loop,inventory,,,,
3013,xanim,viewmodel_lsat_grip_d2p_out,inventory,,,,
3014,attachmentunique,au_lsat_grip,inventory,,,,
3015,xanim,viewmodel_lsat_rangefinder_ads_up,inventory,,,,
3016,xanim,viewmodel_lsat_rangefinder_ads_down,inventory,,,,
3017,attachmentunique,au_lsat_rangefinder,inventory,,,,
3018,xanim,viewmodel_lsat_reflex_ads_up,inventory,,,,
3019,xanim,viewmodel_lsat_reflex_ads_down,inventory,,,,
3020,attachmentunique,au_lsat_reflex,inventory,,,,
3021,xanim,viewmodel_lsat_grip_rangefinder_ads_fire,inventory,,,,
3022,attachmentunique,au_lsat_acog+grip,inventory,,,,
3023,attachmentunique,au_lsat_rangefinder+grip,inventory,,,,
3024,weapon,lsat_upgraded_zm,inventory,,,,
3025,xmodel,t6_wpn_ar_m16a2_view,inventory,,,,
3026,xmodel,t6_wpn_ar_m16a2_world,inventory,,,,
3027,xmodel,t6_attach_mag_m16_view,inventory,,,,
3028,xmodel,t6_attach_mag_m16_world,inventory,,,,
3029,xanim,viewmodel_m16a2_idle,inventory,,,,
3030,xanim,viewmodel_m16a2_fire,inventory,,,,
3031,xanim,viewmodel_m16a2_reload,inventory,,,,
3032,xanim,viewmodel_m16a2_reload_empty,inventory,,,,
3033,xanim,viewmodel_m16a2_pullout,inventory,,,,
3034,xanim,viewmodel_m16a2_first_raise,inventory,,,,
3035,xanim,viewmodel_m16a2_putaway,inventory,,,,
3036,xanim,viewmodel_m16a2_pullout_quick,inventory,,,,
3037,xanim,viewmodel_m16a2_putaway_quick,inventory,,,,
3038,xanim,viewmodel_m16a2_sprint_in,inventory,,,,
3039,xanim,viewmodel_m16a2_sprint_loop,inventory,,,,
3040,xanim,viewmodel_m16a2_sprint_out,inventory,,,,
3041,xanim,viewmodel_m16a2_crawl_in,inventory,,,,
3042,xanim,viewmodel_m16a2_crawl_forward,inventory,,,,
3043,xanim,viewmodel_m16a2_crawl_back,inventory,,,,
3044,xanim,viewmodel_m16a2_crawl_right,inventory,,,,
3045,xanim,viewmodel_m16a2_crawl_left,inventory,,,,
3046,xanim,viewmodel_m16a2_crawl_out,inventory,,,,
3047,xanim,viewmodel_m16a2_ads_fire,inventory,,,,
3048,xanim,viewmodel_m16a2_d2p_in,inventory,,,,
3049,xanim,viewmodel_m16a2_d2p_loop,inventory,,,,
3050,xanim,viewmodel_m16a2_d2p_out,inventory,,,,
3051,xanim,viewmodel_m16a2_ads_up,inventory,,,,
3052,xanim,viewmodel_m16a2_ads_down,inventory,,,,
3053,image,menu_mp_weapons_m16,inventory,,,,
3054,material,menu_mp_weapons_m16,inventory,,,,
3055,weapon,m16_zm,inventory,,,,
3056,image,~~-gmtl_t6_attach_gl_m203_spc~c5aff580,inventory,,,,
3057,image,mtl_t6_attach_gl_m203_nml,inventory,,,,
3058,image,~mtl_t6_attach_gl_m203_ao-l&m~a886e23c,inventory,,,,
3059,image,~-gmtl_t6_attach_gl_m203_col,inventory,,,,
3060,image,~mtl_t6_attach_gl_m203_ir-r&m~38922051,inventory,,,,
3061,material,mc/mtl_t6_attach_gl_m203_thermal,inventory,,,,
3062,material,mc/mtl_t6_attach_gl_m203,inventory,,,,
3063,image,~~-gmtl_t6_attach_gl_ammo_spc~9215c2db,inventory,,,,
3064,image,mtl_t6_attach_gl_ammo_nml,inventory,,,,
3065,image,~mtl_t6_attach_gl_ammo_ao-l&m~f3a03b3d,inventory,,,,
3066,image,~-gmtl_t6_attach_gl_ammo_col,inventory,,,,
3067,material,mc/mtl_t6_attach_gl_ammo,inventory,,,,
3068,xmodel,t6_attach_gl_m203_m16_view,inventory,,,,
3069,xmodel,t6_attach_gl_m203_m16_world,inventory,,,,
3070,xanim,viewmodel_m16a1_grenadier_idle,inventory,,,,
3071,xanim,viewmodel_m16a1_grenadier_fire,inventory,,,,
3072,xanim,viewmodel_m16a1_grenadier_reload,inventory,,,,
3073,xanim,viewmodel_m16a1_grenadier_reload_empty,inventory,,,,
3074,xanim,viewmodel_m16a1_grenadier_pullout,inventory,,,,
3075,xanim,viewmodel_m16a1_grenadier_first_raise,inventory,,,,
3076,xanim,viewmodel_m16a1_grenadier_putaway,inventory,,,,
3077,xanim,viewmodel_m16a1_grenadier_fromgrenade,inventory,,,,
3078,xanim,viewmodel_m16a1_grenadier_pullout_quick,inventory,,,,
3079,xanim,viewmodel_m16a1_grenadier_putaway_quick,inventory,,,,
3080,xanim,viewmodel_m16a1_grenadier_sprint_in,inventory,,,,
3081,xanim,viewmodel_m16a1_grenadier_sprint_loop,inventory,,,,
3082,xanim,viewmodel_m16a1_grenadier_sprint_out,inventory,,,,
3083,xanim,viewmodel_m16a1_grenadier_ads_fire,inventory,,,,
3084,xanim,viewmodel_m16a1_grenadier_d2p_in,inventory,,,,
3085,xanim,viewmodel_m16a1_grenadier_d2p_loop,inventory,,,,
3086,xanim,viewmodel_m16a1_grenadier_d2p_out,inventory,,,,
3087,xanim,viewmodel_m16a1_grenadier_ads_up,inventory,,,,
3088,xanim,viewmodel_m16a1_grenadier_ads_down,inventory,,,,
3089,image,hud_40mmgrenade_32x32,inventory,,,,
3090,material,hud_icon_40mm_grenade_mp,inventory,,,,
3091,weapon,m16_gl_upgraded_zm,inventory,,,,
3092,image,~~-gweapon_m203_grenade_spc-r~208d68a0,inventory,,,,
3093,image,~-gweapon_m203_grenade_col,inventory,,,,
3094,material,mc/mtl_weapon_m203_grenade,inventory,,,,
3095,physpreset,bottle_plastic,inventory,,,,
3096,xmodel,projectile_m203grenade,inventory,,,,
3097,fx,impacts/fx_dud_m203,inventory,,,,
3098,xanim,viewmodel_m16a2_gl_grenade_idle,inventory,,,,
3099,xanim,viewmodel_m16a2_gl_grenade_fire,inventory,,,,
3100,xanim,viewmodel_m16a2_gl_grenade_reload_empty,inventory,,,,
3101,xanim,viewmodel_m16a2_gl_grenade_pullout,inventory,,,,
3102,xanim,viewmodel_m16a2_gl_grenade_putaway,inventory,,,,
3103,xanim,viewmodel_m16a2_gl_to_grenade,inventory,,,,
3104,xanim,viewmodel_m16a2_gl_grenade_sprint_in,inventory,,,,
3105,xanim,viewmodel_m16a2_gl_grenade_sprint_loop,inventory,,,,
3106,xanim,viewmodel_m16a2_gl_grenade_sprint_out,inventory,,,,
3107,xanim,viewmodel_m16a2_gl_grenade_crawl_in,inventory,,,,
3108,xanim,viewmodel_m16a2_gl_grenade_crawl_forward,inventory,,,,
3109,xanim,viewmodel_m16a2_gl_grenade_crawl_back,inventory,,,,
3110,xanim,viewmodel_m16a2_gl_grenade_crawl_right,inventory,,,,
3111,xanim,viewmodel_m16a2_gl_grenade_crawl_left,inventory,,,,
3112,xanim,viewmodel_m16a2_gl_grenade_crawl_out,inventory,,,,
3113,xanim,viewmodel_m16a2_gl_grenade_d2p_in,inventory,,,,
3114,xanim,viewmodel_m16a2_gl_grenade_d2p_loop,inventory,,,,
3115,xanim,viewmodel_m16a2_gl_grenade_d2p_out,inventory,,,,
3116,xanim,viewmodel_m16a2_gl_grenade_ads_up,inventory,,,,
3117,xanim,viewmodel_m16a2_gl_grenade_ads_down,inventory,,,,
3118,image,m203_reticle,inventory,,,,
3119,material,reticle_m203,inventory,,,,
3120,image,hud_40mmgrenade,inventory,,,,
3121,material,hud_icon_40mm_grenade,inventory,,,,
3122,material,",gfx_fxt_fx_distortion_ring_light",inventory,,,,
3123,material,",gfx_fxt_light_glow",inventory,,,,
3124,material,",gfx_fxt_debris_fine_clump_ds128",inventory,,,,
3125,techniqueset,effect_276zq33q,inventory,,,,
3126,material,gfx_fxt_debris_fine_clump_ds128_add,inventory,,,,
3127,fx,temp_effects/fx_tmp_m203_flash,inventory,,,,
3128,material,",gfx_fxt_smk_trail_thick",inventory,,,,
3129,fx,weapon/grenade/fx_trail_grenade,inventory,,,,
3130,weapon,gl_m16_upgraded_zm,inventory,,,,
3131,xmodel,t6_wpn_launch_m32_view,inventory,,,,
3132,xmodel,t6_wpn_launch_m32_world,inventory,,,,
3133,image,~-gmtl_t6_attach_optic_m32_lens_spc,inventory,,,,
3134,image,~-rmtl_t6_attach_optic_m32_le~4a743b08,inventory,,,,
3135,material,mc/mtl_t6_attach_optic_m32_lens,inventory,,,,
3136,image,mtl_t6_attach_optic_m32_reticle,inventory,,,,
3137,material,mc/mtl_t6_attach_optic_m32_reticle,inventory,,,,
3138,xmodel,t6_attach_optic_m32_view,inventory,,,,
3139,xmodel,t6_attach_optic_m32_ads,inventory,,,,
3140,fx,"""weapon//grenade/fx_trail_grenade""",inventory,,,,
3141,xanim,viewmodel_m32_idle,inventory,,,,
3142,xanim,viewmodel_m32_fire,inventory,,,,
3143,xanim,viewmodel_m32_reload_loop,inventory,,,,
3144,xanim,viewmodel_m32_reload_in,inventory,,,,
3145,xanim,viewmodel_m32_reload_out,inventory,,,,
3146,xanim,viewmodel_m32_pullout,inventory,,,,
3147,xanim,viewmodel_m32_first_raise,inventory,,,,
3148,xanim,viewmodel_m32_putaway,inventory,,,,
3149,xanim,viewmodel_m32_pullout_quick,inventory,,,,
3150,xanim,viewmodel_m32_putaway_quick,inventory,,,,
3151,xanim,viewmodel_m32_sprint_in,inventory,,,,
3152,xanim,viewmodel_m32_sprint_loop,inventory,,,,
3153,xanim,viewmodel_m32_sprint_out,inventory,,,,
3154,xanim,viewmodel_m32_crawl_in,inventory,,,,
3155,xanim,viewmodel_m32_crawl_forward,inventory,,,,
3156,xanim,viewmodel_m32_crawl_back,inventory,,,,
3157,xanim,viewmodel_m32_crawl_right,inventory,,,,
3158,xanim,viewmodel_m32_crawl_left,inventory,,,,
3159,xanim,viewmodel_m32_crawl_out,inventory,,,,
3160,xanim,viewmodel_m32_ads_fire,inventory,,,,
3161,xanim,viewmodel_m32_d2p_in,inventory,,,,
3162,xanim,viewmodel_m32_d2p_loop,inventory,,,,
3163,xanim,viewmodel_m32_d2p_out,inventory,,,,
3164,xanim,viewmodel_m32_ads_up,inventory,,,,
3165,xanim,viewmodel_m32_ads_down,inventory,,,,
3166,image,ks_menu_m32_64,inventory,,,,
3167,material,hud_ks_m32,inventory,,,,
3168,xanim,t5_viewmodel_camera_mantle,inventory,,,,
3169,weapon,m32_zm,inventory,,,,
3170,weapon,m32_upgraded_zm,inventory,,,,
3171,xmodel,t6_wpn_pistol_m1911_view,inventory,,,,
3172,xmodel,t6_wpn_pistol_m1911_world,inventory,,,,
3173,xanim,viewmodel_m1911_idle,inventory,,,,
3174,xanim,viewmodel_m1911_idle_empty,inventory,,,,
3175,xanim,viewmodel_m1911_fire,inventory,,,,
3176,xanim,viewmodel_m1911_lastshot,inventory,,,,
3177,xanim,viewmodel_m1911_reload,inventory,,,,
3178,xanim,viewmodel_m1911_reload_empty,inventory,,,,
3179,xanim,viewmodel_m1911_pullout,inventory,,,,
3180,xanim,viewmodel_m1911_first_raise,inventory,,,,
3181,xanim,viewmodel_m1911_putaway,inventory,,,,
3182,xanim,viewmodel_m1911_pullout_empty,inventory,,,,
3183,xanim,viewmodel_m1911_putaway_empty,inventory,,,,
3184,xanim,viewmodel_m1911_sprint_in,inventory,,,,
3185,xanim,viewmodel_m1911_sprint_loop,inventory,,,,
3186,xanim,viewmodel_m1911_sprint_out,inventory,,,,
3187,xanim,viewmodel_m1911_sprint_in_empty,inventory,,,,
3188,xanim,viewmodel_m1911_sprint_loop_empty,inventory,,,,
3189,xanim,viewmodel_m1911_sprint_out_empty,inventory,,,,
3190,xanim,viewmodel_m1911_crawl_in,inventory,,,,
3191,xanim,viewmodel_m1911_crawl_forward,inventory,,,,
3192,xanim,viewmodel_m1911_crawl_back,inventory,,,,
3193,xanim,viewmodel_m1911_crawl_right,inventory,,,,
3194,xanim,viewmodel_m1911_crawl_left,inventory,,,,
3195,xanim,viewmodel_m1911_crawl_out,inventory,,,,
3196,xanim,viewmodel_m1911_crawl_in_empty,inventory,,,,
3197,xanim,viewmodel_m1911_crawl_forward_empty,inventory,,,,
3198,xanim,viewmodel_m1911_crawl_back_empty,inventory,,,,
3199,xanim,viewmodel_m1911_crawl_right_empty,inventory,,,,
3200,xanim,viewmodel_m1911_crawl_left_empty,inventory,,,,
3201,xanim,viewmodel_m1911_crawl_out_empty,inventory,,,,
3202,xanim,viewmodel_m1911_ads_fire,inventory,,,,
3203,xanim,viewmodel_m1911_d2p_in,inventory,,,,
3204,xanim,viewmodel_m1911_d2p_loop,inventory,,,,
3205,xanim,viewmodel_m1911_d2p_out,inventory,,,,
3206,xanim,viewmodel_m1911_d2p_in_empty,inventory,,,,
3207,xanim,viewmodel_m1911_d2p_loop_empty,inventory,,,,
3208,xanim,viewmodel_m1911_d2p_out_empty,inventory,,,,
3209,xanim,viewmodel_m1911_ads_up,inventory,,,,
3210,xanim,viewmodel_m1911_ads_down,inventory,,,,
3211,image,menu_mp_weapons_1911,inventory,,,,
3212,material,menu_mp_weapons_1911,inventory,,,,
3213,weapon,m1911_zm,inventory,,,,
3214,image,~~-gweapon_parbolic_knife_spc~7a335686,inventory,,,,
3215,image,~-gweapon_parbolic_knife_col,inventory,,,,
3216,material,mc/mtl_weapon_parabolic_knife,inventory,,,,
3217,xmodel,viewmodel_knife,inventory,,,,
3218,xmodel,weapon_parabolic_knife,inventory,,,,
3219,techniqueset,",effect_7104842q",inventory,,,,
3220,techniqueset,",effect_5f6f0490",inventory,,,,
3221,techniqueset,",wc_lit_sm_b0c0n0s0_w16w6e35",inventory,,,,
3222,fx,",impacts/fx_flesh_hit_splat",inventory,,,,
3223,techniqueset,",effect_32z8zqf9",inventory,,,,
3224,xmodel,",fx_axis_createfx",inventory,,,,
3225,fx,",impacts/fx_flesh_hit_knife_mp",inventory,,,,
3226,fx,",impacts/fx_flesh_hit_knife_noblood",inventory,,,,
3227,xanim,viewmodel_m4m203_knife_melee_1,inventory,,,,
3228,xanim,viewmodel_m4m203_knife_melee_2,inventory,,,,
3229,rawfile,rumble/defaultweapon_melee,dumped_embedded,fastfiles/mod/assets/rumble/defaultweapon_melee,165,3dea08b6794532a3f850f209ffc5598e48124db64e3267b635662f4f890f48cd,
3230,rawfile,rumble/defaultweapon_melee_h.rmb,dumped_embedded,fastfiles/mod/assets/rumble/defaultweapon_melee_h.rmb,97,40e637439c2880c37a8a2c5d8cdd4e1288a80ff5b7881b518a87aa1411822f30,
3231,rawfile,rumble/defaultweapon_melee_l.rmb,dumped_embedded,fastfiles/mod/assets/rumble/defaultweapon_melee_l.rmb,82,f39fc90175425403b0a2d74e649884962280141b75cc200212c1ddf3d1df19b6,
3232,xanim,viewmodel_vorkuta_empty_hands,inventory,,,,
3233,weapon,knife_zm,inventory,,,,
3234,image,~~-gmorphine_s-rgb&~-rmorphin~7d2e139d,inventory,,,,
3235,image,~-gmorphine_c,inventory,,,,
3236,material,mc/mtl_usa_morphine_tube,inventory,,,,
3237,image,~~-gmorphine_glass_s-rgb&$black-l,inventory,,,,
3238,image,~-gmorphine_glass_c,inventory,,,,
3239,material,mc/mtl_usa_morphine_cap,inventory,,,,
3240,image,~-gmorphine_pin_c,inventory,,,,
3241,techniqueset,mc_lit_sm_t0c0_90wz6fe2,inventory,,,,
3242,material,mc/mtl_usa_morphine_pin,inventory,,,,
3243,xmodel,viewmodel_usa_morphine,inventory,,,,
3244,xanim,viewmodel_ussmokegrenade_idle,inventory,,,,
3245,xanim,viewmodel_syrette_pullout,inventory,,,,
3246,xmodel,viewmodel_hands_cloth,inventory,,,,
3247,image,hud_us_grenade,inventory,,,,
3248,material,hud_us_grenade,inventory,,,,
3249,weapon,syrette_zm,inventory,,,,
3250,fx,",impacts/fx_flesh_hit_knife",inventory,,,,
3251,techniqueset,",mc_projecteddecal_27zq5445",inventory,,,,
3252,xmodel,",fx_decal_character_blood",inventory,,,,
3253,material,",gfx_fxt_bio_blooddrops_ds64",inventory,,,,
3254,material,",gfx_fxt_bio_bloodgush_ds64",inventory,,,,
3255,material,",gfx_fxt_bio_bloodburst",inventory,,,,
3256,material,gfx_fxt_smk_gen_z10,inventory,,,,
3257,fx,impacts/fx_flesh_hit_neck_fatal,inventory,,,,
3258,xanim,viewmodel_m1911_dw_right_idle,inventory,,,,
3259,xanim,viewmodel_m1911_dw_right_idle_empty,inventory,,,,
3260,xanim,viewmodel_m1911_dw_right_fire,inventory,,,,
3261,xanim,viewmodel_m1911_dw_right_lastshot,inventory,,,,
3262,xanim,viewmodel_m1911_dw_right_reload_empty,inventory,,,,
3263,xanim,viewmodel_m1911_dw_pullout,inventory,,,,
3264,xanim,viewmodel_m1911_dw_first_raise,inventory,,,,
3265,xanim,viewmodel_m1911_dw_putaway,inventory,,,,
3266,xanim,viewmodel_m1911_dw_sprint_in,inventory,,,,
3267,xanim,viewmodel_m1911_dw_sprint_loop,inventory,,,,
3268,xanim,viewmodel_m1911_dw_sprint_out,inventory,,,,
3269,xanim,viewmodel_m1911_dw_sprint_in_empty,inventory,,,,
3270,xanim,viewmodel_m1911_dw_sprint_loop_empty,inventory,,,,
3271,xanim,viewmodel_m1911_dw_sprint_out_empty,inventory,,,,
3272,xanim,viewmodel_m1911_dw_crawl_in,inventory,,,,
3273,xanim,viewmodel_m1911_dw_crawl_forward,inventory,,,,
3274,xanim,viewmodel_m1911_dw_crawl_back,inventory,,,,
3275,xanim,viewmodel_m1911_dw_crawl_right,inventory,,,,
3276,xanim,viewmodel_m1911_dw_crawl_left,inventory,,,,
3277,xanim,viewmodel_m1911_dw_crawl_out,inventory,,,,
3278,xanim,viewmodel_m1911_dw_crawl_in_empty,inventory,,,,
3279,xanim,viewmodel_m1911_dw_crawl_forward_empty,inventory,,,,
3280,xanim,viewmodel_m1911_dw_crawl_back_empty,inventory,,,,
3281,xanim,viewmodel_m1911_dw_crawl_right_empty,inventory,,,,
3282,xanim,viewmodel_m1911_dw_crawl_left_empty,inventory,,,,
3283,xanim,viewmodel_m1911_dw_crawl_out_empty,inventory,,,,
3284,xanim,viewmodel_m1911_dw_d2p_in,inventory,,,,
3285,xanim,viewmodel_m1911_dw_d2p_loop,inventory,,,,
3286,xanim,viewmodel_m1911_dw_d2p_out,inventory,,,,
3287,xanim,viewmodel_m1911_dw_d2p_in_empty,inventory,,,,
3288,xanim,viewmodel_m1911_dw_d2p_loop_empty,inventory,,,,
3289,xanim,viewmodel_m1911_dw_d2p_out_empty,inventory,,,,
3290,xanim,viewmodel_m1911_dw_ads_up,inventory,,,,
3291,xanim,viewmodel_m1911_dw_ads_down,inventory,,,,
3292,image,hud_colt,inventory,,,,
3293,material,hud_icon_colt,inventory,,,,
3294,weapon,m1911_upgraded_zm,inventory,,,,
3295,xmodel,t6_wpn_pistol_m1911_view_lh,inventory,,,,
3296,xmodel,t6_wpn_pistol_m1911_world_lh,inventory,,,,
3297,xanim,viewmodel_m1911_dw_left_fire,inventory,,,,
3298,xanim,viewmodel_m1911_dw_left_lastshot,inventory,,,,
3299,xanim,viewmodel_m1911_dw_left_idle,inventory,,,,
3300,xanim,viewmodel_m1911_dw_left_idle_empty,inventory,,,,
3301,xanim,viewmodel_m1911_dw_left_reload_empty,inventory,,,,
3302,weapon,m1911lh_upgraded_zm,inventory,,,,
3303,xmodel,t6_wpn_zmb_mg08_view,inventory,,,,
3304,xmodel,t6_wpn_zmb_mg08_world,inventory,,,,
3305,xanim,viewmodel_zomb_mg08_idle,inventory,,,,
3306,xanim,viewmodel_zomb_mg08_fire,inventory,,,,
3307,xanim,viewmodel_zomb_mg08_reload,inventory,,,,
3308,xanim,viewmodel_zomb_mg08_reload_empty,inventory,,,,
3309,xanim,viewmodel_zomb_mg08_pullout,inventory,,,,
3310,xanim,viewmodel_zomb_mg08_first_raise,inventory,,,,
3311,xanim,viewmodel_zomb_mg08_putaway,inventory,,,,
3312,xanim,viewmodel_zomb_mg08_pullout_quick,inventory,,,,
3313,xanim,viewmodel_zomb_mg08_putaway_quick,inventory,,,,
3314,xanim,viewmodel_zomb_mg08_sprint_in,inventory,,,,
3315,xanim,viewmodel_zomb_mg08_sprint_loop,inventory,,,,
3316,xanim,viewmodel_zomb_mg08_sprint_out,inventory,,,,
3317,xanim,viewmodel_zomb_mg08_crawl_in,inventory,,,,
3318,xanim,viewmodel_zomb_mg08_crawl_forward,inventory,,,,
3319,xanim,viewmodel_zomb_mg08_crawl_back,inventory,,,,
3320,xanim,viewmodel_zomb_mg08_crawl_right,inventory,,,,
3321,xanim,viewmodel_zomb_mg08_crawl_left,inventory,,,,
3322,xanim,viewmodel_zomb_mg08_crawl_out,inventory,,,,
3323,xanim,viewmodel_zomb_mg08_ads_fire,inventory,,,,
3324,xanim,viewmodel_zomb_mg08_d2p_in,inventory,,,,
3325,xanim,viewmodel_zomb_mg08_d2p_loop,inventory,,,,
3326,xanim,viewmodel_zomb_mg08_d2p_out,inventory,,,,
3327,xanim,viewmodel_zomb_mg08_ads_up,inventory,,,,
3328,xanim,viewmodel_zomb_mg08_ads_down,inventory,,,,
3329,image,menu_zm_weapons_mg08,inventory,,,,
3330,material,menu_zm_weapons_mg08,inventory,,,,
3331,weapon,mg08_zm,inventory,,,,
3332,tracer,lmg_ug,inventory,,,,
3333,weapon,mg08_upgraded_zm,inventory,,,,
3334,image,~~-gmtl_t6_attach_belt_links_~420413a9,inventory,,,,
3335,image,mtl_t6_attach_belt_links_n,inventory,,,,
3336,image,~-gmtl_t6_attach_belt_links_c,inventory,,,,
3337,material,mc/mtl_t6_attach_belt_links,inventory,,,,
3338,xmodel,t6_wpn_minigun_view,inventory,,,,
3339,image,distortion_heat,inventory,,,,
3340,material,gfx_distortion_heat,inventory,,,,
3341,fx,weapon/muzzleflashes/fx_mini_cannon_flash_base1st,inventory,,,,
3342,fx,weapon/shellejects/fx_minigun,inventory,,,,
3343,material,mc/mtl_t6_wpn_minigun_ammo_noalpha,inventory,,,,
3344,xmodel,t6_wpn_minigun_world,inventory,,,,
3345,xanim,viewmodel_minigun_t6_idle,inventory,,,,
3346,xanim,viewmodel_minigun_t6_fire,inventory,,,,
3347,xanim,viewmodel_minigun_t6_reload_empty,inventory,,,,
3348,xanim,viewmodel_minigun_t6_pullout,inventory,,,,
3349,xanim,viewmodel_minigun_t6_putaway,inventory,,,,
3350,xanim,viewmodel_minigun_t6_pullout_quick,inventory,,,,
3351,xanim,viewmodel_minigun_t6_putaway_quick,inventory,,,,
3352,xanim,viewmodel_minigun_t6_sprint_in,inventory,,,,
3353,xanim,viewmodel_minigun_t6_sprint_loop,inventory,,,,
3354,xanim,viewmodel_minigun_t6_sprint_out,inventory,,,,
3355,xanim,viewmodel_minigun_t6_ads_up,inventory,,,,
3356,xanim,viewmodel_minigun_t6_ads_down,inventory,,,,
3357,rawfile,rumble/heavygun_fire,dumped_embedded,fastfiles/mod/assets/rumble/heavygun_fire,153,8f18612c0f72d3935d9ed88c8b1add1ab025ad3d2388b893288b9d7e356999a4,
3358,rawfile,rumble/heavygun_fire_h.rmb,dumped_embedded,fastfiles/mod/assets/rumble/heavygun_fire_h.rmb,127,b5407de2c69c01bc300495bd702b57e0a4b81ff2c0688dd799feed8adee9ae5a,
3359,rawfile,rumble/heavygun_fire_l.rmb,dumped_embedded,fastfiles/mod/assets/rumble/heavygun_fire_l.rmb,82,d2ab7180b8e37138ca5485fefd3714f959ad3e14b7a3a6cc641587b36de06d8a,
3360,image,tank_reticle,inventory,,,,
3361,material,reticle_minigun,inventory,,,,
3362,image,hud_minigun,inventory,,,,
3363,material,hud_icon_minigun,inventory,,,,
3364,image,ks_menu_minigun_64,inventory,,,,
3365,material,hud_ks_minigun,inventory,,,,
3366,weapon,minigun_alcatraz_zm,inventory,,,,
3367,weapon,minigun_alcatraz_upgraded_zm,inventory,,,,
3368,xmodel,t6_wpn_smg_mp5_view,inventory,,,,
3369,xmodel,t6_wpn_smg_mp5_world,inventory,,,,
3370,xmodel,t6_attach_mag_mp5_view,inventory,,,,
3371,xmodel,t6_attach_mag_mp5_world,inventory,,,,
3372,xanim,viewmodel_mp5_t6_idle,inventory,,,,
3373,xanim,viewmodel_mp5_t6_fire,inventory,,,,
3374,xanim,viewmodel_mp5_t6_reload,inventory,,,,
3375,xanim,viewmodel_mp5_t6_reload_empty,inventory,,,,
3376,xanim,viewmodel_mp5_t6_pullout,inventory,,,,
3377,xanim,viewmodel_mp5_t6_first_raise,inventory,,,,
3378,xanim,viewmodel_mp5_t6_putaway,inventory,,,,
3379,xanim,viewmodel_mp5_t6_pullout_quick,inventory,,,,
3380,xanim,viewmodel_mp5_t6_putaway_quick,inventory,,,,
3381,xanim,viewmodel_mp5_t6_sprint_in,inventory,,,,
3382,xanim,viewmodel_mp5_t6_sprint_loop,inventory,,,,
3383,xanim,viewmodel_mp5_t6_sprint_out,inventory,,,,
3384,xanim,viewmodel_mp5_t6_crawl_in,inventory,,,,
3385,xanim,viewmodel_mp5_t6_crawl_forward,inventory,,,,
3386,xanim,viewmodel_mp5_t6_crawl_back,inventory,,,,
3387,xanim,viewmodel_mp5_t6_crawl_right,inventory,,,,
3388,xanim,viewmodel_mp5_t6_crawl_left,inventory,,,,
3389,xanim,viewmodel_mp5_t6_crawl_out,inventory,,,,
3390,xanim,viewmodel_mp5_t6_ads_fire,inventory,,,,
3391,xanim,viewmodel_mp5_t6_d2p_in,inventory,,,,
3392,xanim,viewmodel_mp5_t6_d2p_loop,inventory,,,,
3393,xanim,viewmodel_mp5_t6_d2p_out,inventory,,,,
3394,xanim,viewmodel_mp5_t6_ads_up,inventory,,,,
3395,xanim,viewmodel_mp5_t6_ads_down,inventory,,,,
3396,image,menu_mp_weapons_mp5,inventory,,,,
3397,material,menu_mp_weapons_mp5,inventory,,,,
3398,weapon,mp5k_zm,inventory,,,,
3399,weapon,mp5k_upgraded_zm,inventory,,,,
3400,xmodel,t6_wpn_smg_mp40_view,inventory,,,,
3401,xmodel,t6_wpn_smg_mp40_world,inventory,,,,
3402,xmodel,t6_attach_mag_mp40_view,inventory,,,,
3403,xmodel,t6_attach_mag_mp40_world,inventory,,,,
3404,xanim,viewmodel_mp40_t6_idle,inventory,,,,
3405,xanim,viewmodel_mp40_t6_idle_empty,inventory,,,,
3406,xanim,viewmodel_mp40_t6_fire,inventory,,,,
3407,xanim,viewmodel_mp40_t6_lastshot,inventory,,,,
3408,xanim,viewmodel_mp40_t6_reload,inventory,,,,
3409,xanim,viewmodel_mp40_t6_reload_empty,inventory,,,,
3410,xanim,viewmodel_mp40_t6_pullout,inventory,,,,
3411,xanim,viewmodel_mp40_t6_putaway,inventory,,,,
3412,xanim,viewmodel_mp40_t6_pullout_quick,inventory,,,,
3413,xanim,viewmodel_mp40_t6_putaway_quick,inventory,,,,
3414,xanim,viewmodel_mp40_t6_pullout_empty,inventory,,,,
3415,xanim,viewmodel_mp40_t6_putaway_empty,inventory,,,,
3416,xanim,viewmodel_mp40_t6_sprint_in,inventory,,,,
3417,xanim,viewmodel_mp40_t6_sprint_loop,inventory,,,,
3418,xanim,viewmodel_mp40_t6_sprint_out,inventory,,,,
3419,xanim,viewmodel_mp40_t6_sprint_in_empty,inventory,,,,
3420,xanim,viewmodel_mp40_t6_sprint_loop_empty,inventory,,,,
3421,xanim,viewmodel_mp40_t6_sprint_out_empty,inventory,,,,
3422,xanim,viewmodel_mp40_t6_crawl_in,inventory,,,,
3423,xanim,viewmodel_mp40_t6_crawl_forward,inventory,,,,
3424,xanim,viewmodel_mp40_t6_crawl_back,inventory,,,,
3425,xanim,viewmodel_mp40_t6_crawl_right,inventory,,,,
3426,xanim,viewmodel_mp40_t6_crawl_left,inventory,,,,
3427,xanim,viewmodel_mp40_t6_crawl_out,inventory,,,,
3428,xanim,viewmodel_mp40_t6_crawl_in_empty,inventory,,,,
3429,xanim,viewmodel_mp40_t6_crawl_forward_empty,inventory,,,,
3430,xanim,viewmodel_mp40_t6_crawl_back_empty,inventory,,,,
3431,xanim,viewmodel_mp40_t6_crawl_right_empty,inventory,,,,
3432,xanim,viewmodel_mp40_t6_crawl_left_empty,inventory,,,,
3433,xanim,viewmodel_mp40_t6_crawl_out_empty,inventory,,,,
3434,xanim,viewmodel_mp40_t6_ads_fire,inventory,,,,
3435,xanim,viewmodel_mp40_t6_d2p_in,inventory,,,,
3436,xanim,viewmodel_mp40_t6_d2p_loop,inventory,,,,
3437,xanim,viewmodel_mp40_t6_d2p_out,inventory,,,,
3438,xanim,viewmodel_mp40_t6_d2p_in_empty,inventory,,,,
3439,xanim,viewmodel_mp40_t6_d2p_loop_empty,inventory,,,,
3440,xanim,viewmodel_mp40_t6_d2p_out_empty,inventory,,,,
3441,xanim,viewmodel_mp40_t6_ads_up,inventory,,,,
3442,xanim,viewmodel_mp40_t6_ads_down,inventory,,,,
3443,image,menu_zm_weapons_mp40,inventory,,,,
3444,material,menu_zm_weapons_mp40,inventory,,,,
3445,image,hud_mp40,inventory,,,,
3446,material,hud_mp40,inventory,,,,
3447,image,~~-gviewhands_marine_gloves_s~08ab7e56,inventory,,,,
3448,image,viewhands_marine_gloves_nml,inventory,,,,
3449,image,~-gviewhands_marine_gloves_col,inventory,,,,
3450,material,mc/mtl_marine_glove,inventory,,,,
3451,material,mc/mtl_marine_glovesleeve,inventory,,,,
3452,xmodel,viewhands_usmc,inventory,,,,
3453,weapon,mp40_stalker_zm,inventory,,,,
3454,weapon,mp40_stalker_upgraded_zm,inventory,,,,
3455,xmodel,t6_wpn_ar_stg44_view,inventory,,,,
3456,xmodel,t6_wpn_ar_stg44_world,inventory,,,,
3457,xmodel,t6_attach_mag_stg44_view,inventory,,,,
3458,xmodel,t6_attach_mag_stg44_world,inventory,,,,
3459,xanim,viewmodel_stg44_t6_idle,inventory,,,,
3460,xanim,viewmodel_stg44_t6_fire,inventory,,,,
3461,xanim,viewmodel_stg44_t6_reload,inventory,,,,
3462,xanim,viewmodel_stg44_t6_reload_empty,inventory,,,,
3463,xanim,viewmodel_stg44_t6_pullout,inventory,,,,
3464,xanim,viewmodel_stg44_t6_first_raise,inventory,,,,
3465,xanim,viewmodel_stg44_t6_putaway,inventory,,,,
3466,xanim,viewmodel_stg44_t6_pullout_quick,inventory,,,,
3467,xanim,viewmodel_stg44_t6_putaway_quick,inventory,,,,
3468,xanim,viewmodel_stg44_t6_sprint_in,inventory,,,,
3469,xanim,viewmodel_stg44_t6_sprint_loop,inventory,,,,
3470,xanim,viewmodel_stg44_t6_sprint_out,inventory,,,,
3471,xanim,viewmodel_stg44_t6_crawl_in,inventory,,,,
3472,xanim,viewmodel_stg44_t6_crawl_forward,inventory,,,,
3473,xanim,viewmodel_stg44_t6_crawl_back,inventory,,,,
3474,xanim,viewmodel_stg44_t6_crawl_right,inventory,,,,
3475,xanim,viewmodel_stg44_t6_crawl_left,inventory,,,,
3476,xanim,viewmodel_stg44_t6_crawl_out,inventory,,,,
3477,xanim,viewmodel_stg44_t6_ads_fire,inventory,,,,
3478,xanim,viewmodel_stg44_t6_d2p_in,inventory,,,,
3479,xanim,viewmodel_stg44_t6_d2p_loop,inventory,,,,
3480,xanim,viewmodel_stg44_t6_d2p_out,inventory,,,,
3481,xanim,viewmodel_stg44_t6_ads_up,inventory,,,,
3482,xanim,viewmodel_stg44_t6_ads_down,inventory,,,,
3483,image,menu_zm_weapons_stg44,inventory,,,,
3484,material,menu_zm_weapons_stg44,inventory,,,,
3485,weapon,mp44_zm,inventory,,,,
3486,weapon,mp44_upgraded_zm,inventory,,,,
3487,xmodel,t6_wpn_smg_pdw57_view,inventory,,,,
3488,xmodel,t6_wpn_smg_pdw57_world,inventory,,,,
3489,xmodel,t6_attach_mag_pdw57_view,inventory,,,,
3490,xmodel,t6_attach_mag_pdw57_world,inventory,,,,
3491,xanim,viewmodel_pdw57_idle,inventory,,,,
3492,xanim,viewmodel_pdw57_fire,inventory,,,,
3493,xanim,viewmodel_pdw57_reload,inventory,,,,
3494,xanim,viewmodel_pdw57_reload_empty,inventory,,,,
3495,xanim,viewmodel_pdw57_pullout,inventory,,,,
3496,xanim,viewmodel_pdw57_first_raise,inventory,,,,
3497,xanim,viewmodel_pdw57_putaway,inventory,,,,
3498,xanim,viewmodel_pdw57_pullout_quick,inventory,,,,
3499,xanim,viewmodel_pdw57_putaway_quick,inventory,,,,
3500,xanim,viewmodel_pdw57_sprint_in,inventory,,,,
3501,xanim,viewmodel_pdw57_sprint_loop,inventory,,,,
3502,xanim,viewmodel_pdw57_sprint_out,inventory,,,,
3503,xanim,viewmodel_pdw57_crawl_in,inventory,,,,
3504,xanim,viewmodel_pdw57_crawl_forward,inventory,,,,
3505,xanim,viewmodel_pdw57_crawl_back,inventory,,,,
3506,xanim,viewmodel_pdw57_crawl_right,inventory,,,,
3507,xanim,viewmodel_pdw57_crawl_left,inventory,,,,
3508,xanim,viewmodel_pdw57_crawl_out,inventory,,,,
3509,xanim,viewmodel_pdw57_ads_fire,inventory,,,,
3510,xanim,viewmodel_pdw57_d2p_in,inventory,,,,
3511,xanim,viewmodel_pdw57_d2p_loop,inventory,,,,
3512,xanim,viewmodel_pdw57_d2p_out,inventory,,,,
3513,xanim,viewmodel_pdw57_ads_up,inventory,,,,
3514,xanim,viewmodel_pdw57_ads_down,inventory,,,,
3515,image,menu_mp_weapons_ar57,inventory,,,,
3516,material,menu_mp_weapons_ar57,inventory,,,,
3517,weapon,pdw57_zm,inventory,,,,
3518,attachmentunique,au_pdw57_none,inventory,,,,
3519,xanim,viewmodel_pdw57_mms_first_raise,inventory,,,,
3520,xanim,viewmodel_pdw57_mms_ads_up,inventory,,,,
3521,xanim,viewmodel_pdw57_mms_ads_down,inventory,,,,
3522,attachmentunique,au_pdw57_mms,inventory,,,,
3523,xanim,viewmodel_pdw57_rangefinder_ads_fire,inventory,,,,
3524,xanim,viewmodel_pdw57_rangefinder_ads_up,inventory,,,,
3525,xanim,viewmodel_pdw57_rangefinder_ads_down,inventory,,,,
3526,attachmentunique,au_pdw57_rangefinder,inventory,,,,
3527,xanim,viewmodel_pdw57_reflex_ads_up,inventory,,,,
3528,xanim,viewmodel_pdw57_reflex_ads_down,inventory,,,,
3529,attachmentunique,au_pdw57_reflex,inventory,,,,
3530,weapon,pdw57_upgraded_zm,inventory,,,,
3531,xmodel,t6_wpn_pistol_python_view,inventory,,,,
3532,xmodel,t6_wpn_pistol_python_world,inventory,,,,
3533,xanim,viewmodel_python_sw_idle,inventory,,,,
3534,xanim,viewmodel_python_sw_fire,inventory,,,,
3535,xanim,viewmodel_python_manual_reload_loop,inventory,,,,
3536,xanim,viewmodel_python_manual_reload_in,inventory,,,,
3537,xanim,viewmodel_python_manual_reload_out,inventory,,,,
3538,xanim,viewmodel_python_sw_pullout,inventory,,,,
3539,xanim,viewmodel_python_sw_first_raise,inventory,,,,
3540,xanim,viewmodel_python_sw_putaway,inventory,,,,
3541,xanim,viewmodel_python_sw_sprint_loop,inventory,,,,
3542,xanim,viewmodel_python_crawl_in,inventory,,,,
3543,xanim,viewmodel_python_crawl_forward,inventory,,,,
3544,xanim,viewmodel_python_crawl_back,inventory,,,,
3545,xanim,viewmodel_python_crawl_right,inventory,,,,
3546,xanim,viewmodel_python_crawl_left,inventory,,,,
3547,xanim,viewmodel_python_crawl_out,inventory,,,,
3548,xanim,viewmodel_python_sw_ads_fire,inventory,,,,
3549,xanim,viewmodel_python_sw_d2p_in,inventory,,,,
3550,xanim,viewmodel_python_sw_d2p_loop,inventory,,,,
3551,xanim,viewmodel_python_sw_d2p_out,inventory,,,,
3552,xanim,viewmodel_python_sw_ads_up,inventory,,,,
3553,xanim,viewmodel_python_sw_ads_down,inventory,,,,
3554,image,hud_python,inventory,,,,
3555,material,hud_python,inventory,,,,
3556,fx,weapon/shellejects/fx_revolver,inventory,,,,
3557,weapon,python_zm,inventory,,,,
3558,xanim,viewmodel_python_sw_reload,inventory,,,,
3559,weapon,python_upgraded_zm,inventory,,,,
3560,xmodel,t6_wpn_smg_chicom_view,inventory,,,,
3561,xmodel,t6_wpn_smg_chicom_world,inventory,,,,
3562,xmodel,t6_attach_mag_chicom_view,inventory,,,,
3563,xmodel,t6_attach_mag_chicom_world,inventory,,,,
3564,xanim,viewmodel_qcw05_idle,inventory,,,,
3565,xanim,viewmodel_qcw05_fire,inventory,,,,
3566,xanim,viewmodel_qcw05_reload,inventory,,,,
3567,xanim,viewmodel_qcw05_reload_empty,inventory,,,,
3568,xanim,viewmodel_qcw05_pullout,inventory,,,,
3569,xanim,viewmodel_qcw05_first_raise,inventory,,,,
3570,xanim,viewmodel_qcw05_putaway,inventory,,,,
3571,xanim,viewmodel_qcw05_pullout_quick,inventory,,,,
3572,xanim,viewmodel_qcw05_sprint_in,inventory,,,,
3573,xanim,viewmodel_qcw05_sprint_loop,inventory,,,,
3574,xanim,viewmodel_qcw05_sprint_out,inventory,,,,
3575,xanim,viewmodel_qcw05_crawl_in,inventory,,,,
3576,xanim,viewmodel_qcw05_crawl_forward,inventory,,,,
3577,xanim,viewmodel_qcw05_crawl_back,inventory,,,,
3578,xanim,viewmodel_qcw05_crawl_right,inventory,,,,
3579,xanim,viewmodel_qcw05_crawl_left,inventory,,,,
3580,xanim,viewmodel_qcw05_crawl_out,inventory,,,,
3581,xanim,viewmodel_qcw05_ads_fire,inventory,,,,
3582,xanim,viewmodel_qcw05_d2p_in,inventory,,,,
3583,xanim,viewmodel_qcw05_d2p_loop,inventory,,,,
3584,xanim,viewmodel_qcw05_d2p_out,inventory,,,,
3585,xanim,viewmodel_qcw05_ads_up,inventory,,,,
3586,xanim,viewmodel_qcw05_ads_down,inventory,,,,
3587,image,menu_mp_weapons_qcw,inventory,,,,
3588,material,menu_mp_weapons_qcw,inventory,,,,
3589,weapon,qcw05_zm,inventory,,,,
3590,attachmentunique,au_qcw05_none,inventory,,,,
3591,xmodel,t6_attach_fastmag_chicom_view,inventory,,,,
3592,xmodel,t6_attach_fastmag_chicom_world,inventory,,,,
3593,xanim,viewmodel_qcw05_fastmag,inventory,,,,
3594,xanim,viewmodel_qcw05_fastmag_empty,inventory,,,,
3595,xanim,viewmodel_qcw05_fastmag_quick,inventory,,,,
3596,xanim,viewmodel_qcw05_fastmag_empty_quick,inventory,,,,
3597,attachmentunique,au_qcw05_upgraded_dualclip,inventory,,,,
3598,xanim,viewmodel_qcw05_grip_idle,inventory,,,,
3599,xanim,viewmodel_qcw05_grip_fire,inventory,,,,
3600,xanim,viewmodel_qcw05_grip_reload,inventory,,,,
3601,xanim,viewmodel_qcw05_grip_reload_empty,inventory,,,,
3602,xanim,viewmodel_qcw05_grip_pullout,inventory,,,,
3603,xanim,viewmodel_qcw05_grip_putaway,inventory,,,,
3604,xanim,viewmodel_qcw05_grip_first_raise,inventory,,,,
3605,xanim,viewmodel_qcw05_grip_select_fire_in,inventory,,,,
3606,xanim,viewmodel_qcw05_grip_select_fire_out,inventory,,,,
3607,xanim,viewmodel_qcw05_grip_pullout_quick,inventory,,,,
3608,xanim,viewmodel_qcw05_grip_sprint_in,inventory,,,,
3609,xanim,viewmodel_qcw05_grip_sprint_loop,inventory,,,,
3610,xanim,viewmodel_qcw05_grip_sprint_out,inventory,,,,
3611,xanim,viewmodel_qcw05_grip_crawl_in,inventory,,,,
3612,xanim,viewmodel_qcw05_grip_crawl_forward,inventory,,,,
3613,xanim,viewmodel_qcw05_grip_crawl_back,inventory,,,,
3614,xanim,viewmodel_qcw05_grip_crawl_right,inventory,,,,
3615,xanim,viewmodel_qcw05_grip_crawl_left,inventory,,,,
3616,xanim,viewmodel_qcw05_grip_crawl_out,inventory,,,,
3617,xanim,viewmodel_qcw05_grip_ads_fire,inventory,,,,
3618,xanim,viewmodel_qcw05_grip_ads_up,inventory,,,,
3619,xanim,viewmodel_qcw05_grip_ads_down,inventory,,,,
3620,xanim,viewmodel_qcw05_grip_d2p_in,inventory,,,,
3621,xanim,viewmodel_qcw05_grip_d2p_loop,inventory,,,,
3622,xanim,viewmodel_qcw05_grip_d2p_out,inventory,,,,
3623,attachmentunique,au_qcw05_upgraded_grip,inventory,,,,
3624,xanim,viewmodel_qcw05_reflex_ads_up,inventory,,,,
3625,xanim,viewmodel_qcw05_reflex_ads_down,inventory,,,,
3626,attachmentunique,au_qcw05_upgraded_reflex,inventory,,,,
3627,xanim,viewmodel_qcw05_select_fire_in,inventory,,,,
3628,attachmentunique,au_qcw05_upgraded_sf,inventory,,,,
3629,weapon,qcw05_upgraded_zm,inventory,,,,
3630,material,hud_select_fire_bullet_stack_big,inventory,,,,
3631,image,hud_select_fire_bullet_stack,inventory,,,,
3632,material,hud_select_fire_bullet_stack,inventory,,,,
3633,weapon,sf_qcw05_upgraded_zm,inventory,,,,
3634,xmodel,t6_wpn_pistol_rnma_view,inventory,,,,
3635,xmodel,t6_wpn_pistol_rnma_world,inventory,,,,
3636,xanim,viewmodel_rnma_idle,inventory,,,,
3637,xanim,viewmodel_rnma_fire,inventory,,,,
3638,xanim,viewmodel_rnma_reload,inventory,,,,
3639,xanim,viewmodel_rnma_reload_in,inventory,,,,
3640,xanim,viewmodel_rnma_reload_out,inventory,,,,
3641,xanim,viewmodel_rnma_pullout,inventory,,,,
3642,xanim,viewmodel_rnma_first_raise,inventory,,,,
3643,xanim,viewmodel_rnma_putaway,inventory,,,,
3644,xanim,viewmodel_rnma_sprint_in,inventory,,,,
3645,xanim,viewmodel_rnma_sprint_loop,inventory,,,,
3646,xanim,viewmodel_rnma_sprint_out,inventory,,,,
3647,xanim,viewmodel_rnma_crawl_in,inventory,,,,
3648,xanim,viewmodel_rnma_crawl_forward,inventory,,,,
3649,xanim,viewmodel_rnma_crawl_back,inventory,,,,
3650,xanim,viewmodel_rnma_crawl_right,inventory,,,,
3651,xanim,viewmodel_rnma_crawl_left,inventory,,,,
3652,xanim,viewmodel_rnma_crawl_out,inventory,,,,
3653,xanim,viewmodel_rnma_ads_fire,inventory,,,,
3654,xanim,viewmodel_rnma_d2p_in,inventory,,,,
3655,xanim,viewmodel_rnma_d2p_loop,inventory,,,,
3656,xanim,viewmodel_rnma_d2p_out,inventory,,,,
3657,xanim,viewmodel_rnma_ads_up,inventory,,,,
3658,xanim,viewmodel_rnma_ads_down,inventory,,,,
3659,image,menu_zm_weapons_rnma_big,inventory,,,,
3660,material,menu_zm_weapons_rnma,inventory,,,,
3661,weapon,rnma_zm,inventory,,,,
3662,weapon,rnma_upgraded_zm,inventory,,,,
3663,xmodel,t6_wpn_shotty_olympia_view,inventory,,,,
3664,xmodel,t6_wpn_shotty_olympia_world,inventory,,,,
3665,xanim,viewmodel_olympia_idle,inventory,,,,
3666,xanim,viewmodel_olympia_fire,inventory,,,,
3667,xanim,viewmodel_olympia_reload,inventory,,,,
3668,xanim,viewmodel_olympia_reload_empty,inventory,,,,
3669,xanim,viewmodel_olympia_pullout,inventory,,,,
3670,xanim,viewmodel_olympia_first_raise,inventory,,,,
3671,xanim,viewmodel_olympia_putaway,inventory,,,,
3672,xanim,viewmodel_olympia_pullout_quick,inventory,,,,
3673,xanim,viewmodel_olympia_putaway_quick,inventory,,,,
3674,xanim,viewmodel_olympia_sprint_in,inventory,,,,
3675,xanim,viewmodel_olympia_sprint_loop,inventory,,,,
3676,xanim,viewmodel_olympia_sprint_out,inventory,,,,
3677,xanim,viewmodel_olympia_crawl_in,inventory,,,,
3678,xanim,viewmodel_olympia_crawl_forward,inventory,,,,
3679,xanim,viewmodel_olympia_crawl_back,inventory,,,,
3680,xanim,viewmodel_olympia_crawl_right,inventory,,,,
3681,xanim,viewmodel_olympia_crawl_left,inventory,,,,
3682,xanim,viewmodel_olympia_crawl_out,inventory,,,,
3683,xanim,viewmodel_olympia_ads_fire,inventory,,,,
3684,xanim,viewmodel_olympia_d2p_in,inventory,,,,
3685,xanim,viewmodel_olympia_d2p_loop,inventory,,,,
3686,xanim,viewmodel_olympia_d2p_out,inventory,,,,
3687,xanim,viewmodel_olympia_ads_up,inventory,,,,
3688,xanim,viewmodel_olympia_ads_down,inventory,,,,
3689,image,menu_mp_weapons_olympia,inventory,,,,
3690,material,menu_mp_weapons_olympia,inventory,,,,
3691,weapon,rottweil72_zm,inventory,,,,
3692,weapon,rottweil72_upgraded_zm,inventory,,,,
3693,xmodel,t6_wpn_lmg_rpd_view,inventory,,,,
3694,xmodel,t6_wpn_lmg_rpd_world,inventory,,,,
3695,xanim,viewmodel_rpd_idle,inventory,,,,
3696,xanim,viewmodel_rpd_fire,inventory,,,,
3697,xanim,viewmodel_rpd_reload_empty,inventory,,,,
3698,xanim,viewmodel_rpd_pullout,inventory,,,,
3699,xanim,viewmodel_rpd_first_raise,inventory,,,,
3700,xanim,viewmodel_rpd_putaway,inventory,,,,
3701,xanim,viewmodel_rpd_pullout_quick,inventory,,,,
3702,xanim,viewmodel_rpd_putaway_quick,inventory,,,,
3703,xanim,viewmodel_rpd_sprint_in,inventory,,,,
3704,xanim,viewmodel_rpd_sprint_loop,inventory,,,,
3705,xanim,viewmodel_rpd_sprint_out,inventory,,,,
3706,xanim,viewmodel_rpd_crawl_in,inventory,,,,
3707,xanim,viewmodel_rpd_crawl_forward,inventory,,,,
3708,xanim,viewmodel_rpd_crawl_back,inventory,,,,
3709,xanim,viewmodel_rpd_crawl_right,inventory,,,,
3710,xanim,viewmodel_rpd_crawl_left,inventory,,,,
3711,xanim,viewmodel_rpd_crawl_out,inventory,,,,
3712,xanim,viewmodel_rpd_ads_fire,inventory,,,,
3713,xanim,viewmodel_rpd_d2p_in,inventory,,,,
3714,xanim,viewmodel_rpd_d2p_loop,inventory,,,,
3715,xanim,viewmodel_rpd_d2p_out,inventory,,,,
3716,xanim,viewmodel_rpd_ads_up,inventory,,,,
3717,xanim,viewmodel_rpd_ads_down,inventory,,,,
3718,image,menu_mp_weapons_rpd,inventory,,,,
3719,material,menu_mp_weapons_rpd,inventory,,,,
3720,weapon,rpd_zm,inventory,,,,
3721,weapon,rpd_upgraded_zm,inventory,,,,
3722,xmodel,t6_wpn_shotty_saiga_view,inventory,,,,
3723,image,~~-gmtl_t6_wpn_shotty_saiga_s~3095646e,inventory,,,,
3724,image,mtl_t6_wpn_shotty_saiga_skull_nml,inventory,,,,
3725,image,~$white-llll,inventory,,,,
3726,image,~-gmtl_t6_wpn_shotty_saiga_skull_col,inventory,,,,
3727,material,mc/mtl_t6_wpn_shotty_saiga_skull,inventory,,,,
3728,xmodel,t6_wpn_shotty_saiga_world,inventory,,,,
3729,xmodel,t6_attach_mag_saiga_view,inventory,,,,
3730,xmodel,t6_attach_mag_saiga_world,inventory,,,,
3731,xanim,viewmodel_saiga12_idle,inventory,,,,
3732,xanim,viewmodel_saiga12_idle_empty,inventory,,,,
3733,xanim,viewmodel_saiga12_fire,inventory,,,,
3734,xanim,viewmodel_saiga12_last_shot,inventory,,,,
3735,xanim,viewmodel_saiga12_reload,inventory,,,,
3736,xanim,viewmodel_saiga12_reload_empty,inventory,,,,
3737,xanim,viewmodel_saiga12_pullout,inventory,,,,
3738,xanim,viewmodel_saiga12_first_raise,inventory,,,,
3739,xanim,viewmodel_saiga12_putaway,inventory,,,,
3740,xanim,viewmodel_saiga12_pullout_quick,inventory,,,,
3741,xanim,viewmodel_saiga12_putaway_quick,inventory,,,,
3742,xanim,viewmodel_saiga12_pullout_empty,inventory,,,,
3743,xanim,viewmodel_saiga12_putaway_empty,inventory,,,,
3744,xanim,viewmodel_saiga12_sprint_in,inventory,,,,
3745,xanim,viewmodel_saiga12_sprint_loop,inventory,,,,
3746,xanim,viewmodel_saiga12_sprint_out,inventory,,,,
3747,xanim,viewmodel_saiga12_sprint_in_empty,inventory,,,,
3748,xanim,viewmodel_saiga12_sprint_loop_empty,inventory,,,,
3749,xanim,viewmodel_saiga12_sprint_out_empty,inventory,,,,
3750,xanim,viewmodel_saiga12_crawl_in,inventory,,,,
3751,xanim,viewmodel_saiga12_crawl_forward,inventory,,,,
3752,xanim,viewmodel_saiga12_crawl_back,inventory,,,,
3753,xanim,viewmodel_saiga12_crawl_right,inventory,,,,
3754,xanim,viewmodel_saiga12_crawl_left,inventory,,,,
3755,xanim,viewmodel_saiga12_crawl_out,inventory,,,,
3756,xanim,viewmodel_saiga12_crawl_in_empty,inventory,,,,
3757,xanim,viewmodel_saiga12_crawl_forward_empty,inventory,,,,
3758,xanim,viewmodel_saiga12_crawl_back_empty,inventory,,,,
3759,xanim,viewmodel_saiga12_crawl_right_empty,inventory,,,,
3760,xanim,viewmodel_saiga12_crawl_left_empty,inventory,,,,
3761,xanim,viewmodel_saiga12_crawl_out_empty,inventory,,,,
3762,xanim,viewmodel_saiga12_ads_fire,inventory,,,,
3763,xanim,viewmodel_saiga12_ads_last_shot,inventory,,,,
3764,xanim,viewmodel_saiga12_d2p_in,inventory,,,,
3765,xanim,viewmodel_saiga12_d2p_loop,inventory,,,,
3766,xanim,viewmodel_saiga12_d2p_out,inventory,,,,
3767,xanim,viewmodel_saiga12_d2p_in_empty,inventory,,,,
3768,xanim,viewmodel_saiga12_d2p_loop_empty,inventory,,,,
3769,xanim,viewmodel_saiga12_d2p_out_empty,inventory,,,,
3770,xanim,viewmodel_saiga12_ads_up,inventory,,,,
3771,xanim,viewmodel_saiga12_ads_down,inventory,,,,
3772,image,menu_mp_weapons_saiga12,inventory,,,,
3773,material,menu_mp_weapons_saiga12,inventory,,,,
3774,weapon,saiga12_zm,inventory,,,,
3775,xmodel,t6_attach_fastmag_saiga_view,inventory,,,,
3776,xmodel,t6_attach_fastmag_saiga_world,inventory,,,,
3777,xanim,viewmodel_saiga12_fastmag,inventory,,,,
3778,xanim,viewmodel_saiga12_fastmag_empty,inventory,,,,
3779,xanim,viewmodel_saiga12_fastmag_quick,inventory,,,,
3780,xanim,viewmodel_saiga12_fastmag_empty_quick,inventory,,,,
3781,attachmentunique,au_saiga12_none,inventory,,,,
3782,xanim,viewmodel_saiga12_reflex_ads_up,inventory,,,,
3783,xanim,viewmodel_saiga12_reflex_ads_down,inventory,,,,
3784,attachmentunique,au_saiga12_reflex,inventory,,,,
3785,weapon,saiga12_upgraded_zm,inventory,,,,
3786,xmodel,t6_wpn_ar_saritch_view,inventory,,,,
3787,xmodel,t6_wpn_ar_saritch_world,inventory,,,,
3788,xmodel,t6_attach_mag_saritch_view,inventory,,,,
3789,xmodel,t6_attach_mag_saritch_world,inventory,,,,
3790,xanim,viewmodel_saritch_idle,inventory,,,,
3791,xanim,viewmodel_saritch_fire,inventory,,,,
3792,xanim,viewmodel_saritch_reload,inventory,,,,
3793,xanim,viewmodel_saritch_reload_empty,inventory,,,,
3794,xanim,viewmodel_saritch_pullout,inventory,,,,
3795,xanim,viewmodel_saritch_first_raise,inventory,,,,
3796,xanim,viewmodel_saritch_putaway,inventory,,,,
3797,xanim,viewmodel_saritch_pullout_quick,inventory,,,,
3798,xanim,viewmodel_saritch_putaway_quick,inventory,,,,
3799,xanim,viewmodel_saritch_sprint_in,inventory,,,,
3800,xanim,viewmodel_saritch_sprint_loop,inventory,,,,
3801,xanim,viewmodel_saritch_sprint_out,inventory,,,,
3802,xanim,viewmodel_saritch_crawl_in,inventory,,,,
3803,xanim,viewmodel_saritch_crawl_forward,inventory,,,,
3804,xanim,viewmodel_saritch_crawl_back,inventory,,,,
3805,xanim,viewmodel_saritch_crawl_right,inventory,,,,
3806,xanim,viewmodel_saritch_crawl_left,inventory,,,,
3807,xanim,viewmodel_saritch_crawl_out,inventory,,,,
3808,xanim,viewmodel_saritch_ads_fire,inventory,,,,
3809,xanim,viewmodel_saritch_d2p_in,inventory,,,,
3810,xanim,viewmodel_saritch_d2p_loop,inventory,,,,
3811,xanim,viewmodel_saritch_d2p_out,inventory,,,,
3812,xanim,viewmodel_saritch_ads_up,inventory,,,,
3813,xanim,viewmodel_saritch_ads_down,inventory,,,,
3814,image,menu_mp_weapons_saritch,inventory,,,,
3815,material,menu_mp_weapons_saritch,inventory,,,,
3816,weapon,saritch_zm,inventory,,,,
3817,xanim,viewmodel_saritch_rmr_alt_raise_up,inventory,,,,
3818,xanim,viewmodel_saritch_acog_ads_fire,inventory,,,,
3819,xanim,viewmodel_saritch_rmr_top_ads_up,inventory,,,,
3820,xanim,viewmodel_saritch_rmr_top_ads_down,inventory,,,,
3821,xanim,viewmodel_saritch_rmr_bottom_ads_up,inventory,,,,
3822,attachmentunique,au_saritch_none,inventory,,,,
3823,image,mtl_t6_attach_optic_combo_reddot,inventory,,,,
3824,material,mc/mtl_t6_attach_optic_combo_reticle_up,inventory,,,,
3825,image,mtl_t6_attach_optic_combo_acog_reticle,inventory,,,,
3826,material,mc/mtl_t6_attach_optic_combo_reticle_down,inventory,,,,
3827,image,~-gmtl_t6_attach_optic_combo_lens,inventory,,,,
3828,material,mc/mtl_t6_attach_optic_combo_lens,inventory,,,,
3829,xmodel,t6_attach_optic_combo_view,inventory,,,,
3830,xmodel,t6_attach_optic_combo_world,inventory,,,,
3831,attachmentunique,au_saritch_upgraded_dualoptic,inventory,,,,
3832,xanim,viewmodel_saritch_mms_first_raise,inventory,,,,
3833,xanim,viewmodel_saritch_mms_ads_up,inventory,,,,
3834,xanim,viewmodel_saritch_mms_ads_down,inventory,,,,
3835,attachmentunique,au_saritch_upgraded_mms,inventory,,,,
3836,xanim,viewmodel_saritch_rangefinder_ads_fire,inventory,,,,
3837,xanim,viewmodel_saritch_rangefinder_ads_up,inventory,,,,
3838,xanim,viewmodel_saritch_rangefinder_ads_down,inventory,,,,
3839,attachmentunique,au_saritch_upgraded_rangefinder,inventory,,,,
3840,xanim,viewmodel_saritch_reflex_ads_up,inventory,,,,
3841,xanim,viewmodel_saritch_reflex_ads_down,inventory,,,,
3842,attachmentunique,au_saritch_upgraded_reflex,inventory,,,,
3843,weapon,saritch_upgraded_zm,inventory,,,,
3844,xanim,viewmodel_saritch_rmr_bottom_ads_down,inventory,,,,
3845,weapon,dualoptic_saritch_upgraded_zm,inventory,,,,
3846,xmodel,t6_wpn_ar_scarh_view,inventory,,,,
3847,xmodel,t6_wpn_ar_scarh_world,inventory,,,,
3848,xmodel,t6_attach_mag_scar_view,inventory,,,,
3849,xmodel,t6_attach_mag_scar_world,inventory,,,,
3850,xanim,viewmodel_scar_h_idle,inventory,,,,
3851,xanim,viewmodel_scar_h_idle_empty,inventory,,,,
3852,xanim,viewmodel_scar_h_fire,inventory,,,,
3853,xanim,viewmodel_scar_h_last_shot,inventory,,,,
3854,xanim,viewmodel_scar_h_reload,inventory,,,,
3855,xanim,viewmodel_scar_h_reload_empty,inventory,,,,
3856,xanim,viewmodel_scar_h_pullout,inventory,,,,
3857,xanim,viewmodel_scar_h_first_raise,inventory,,,,
3858,xanim,viewmodel_scar_h_putaway,inventory,,,,
3859,xanim,viewmodel_scar_h_pullout_quick,inventory,,,,
3860,xanim,viewmodel_scar_h_putaway_quick,inventory,,,,
3861,xanim,viewmodel_scar_h_pullout_empty,inventory,,,,
3862,xanim,viewmodel_scar_h_putaway_empty,inventory,,,,
3863,xanim,viewmodel_scar_h_sprint_in,inventory,,,,
3864,xanim,viewmodel_scar_h_sprint_loop,inventory,,,,
3865,xanim,viewmodel_scar_h_sprint_out,inventory,,,,
3866,xanim,viewmodel_scar_h_sprint_in_empty,inventory,,,,
3867,xanim,viewmodel_scar_h_sprint_loop_empty,inventory,,,,
3868,xanim,viewmodel_scar_h_sprint_out_empty,inventory,,,,
3869,xanim,viewmodel_scar_h_crawl_in,inventory,,,,
3870,xanim,viewmodel_scar_h_crawl_forward,inventory,,,,
3871,xanim,viewmodel_scar_h_crawl_back,inventory,,,,
3872,xanim,viewmodel_scar_h_crawl_right,inventory,,,,
3873,xanim,viewmodel_scar_h_crawl_left,inventory,,,,
3874,xanim,viewmodel_scar_h_crawl_out,inventory,,,,
3875,xanim,viewmodel_scar_h_crawl_in_empty,inventory,,,,
3876,xanim,viewmodel_scar_h_crawl_forward_empty,inventory,,,,
3877,xanim,viewmodel_scar_h_crawl_back_empty,inventory,,,,
3878,xanim,viewmodel_scar_h_crawl_right_empty,inventory,,,,
3879,xanim,viewmodel_scar_h_crawl_left_empty,inventory,,,,
3880,xanim,viewmodel_scar_h_crawl_out_empty,inventory,,,,
3881,xanim,viewmodel_scar_h_ads_fire,inventory,,,,
3882,xanim,viewmodel_scar_h_ads_last_shot,inventory,,,,
3883,xanim,viewmodel_scar_h_d2p_in,inventory,,,,
3884,xanim,viewmodel_scar_h_d2p_loop,inventory,,,,
3885,xanim,viewmodel_scar_h_d2p_out,inventory,,,,
3886,xanim,viewmodel_scar_h_d2p_in_empty,inventory,,,,
3887,xanim,viewmodel_scar_h_d2p_loop_empty,inventory,,,,
3888,xanim,viewmodel_scar_h_d2p_out_empty,inventory,,,,
3889,xanim,viewmodel_scar_h_ads_up,inventory,,,,
3890,xanim,viewmodel_scar_h_ads_down,inventory,,,,
3891,image,menu_mp_weapons_scar,inventory,,,,
3892,material,menu_mp_weapons_scar,inventory,,,,
3893,weapon,scar_zm,inventory,,,,
3894,attachmentunique,au_scar_none,inventory,,,,
3895,xanim,viewmodel_scar_h_rangefinder_ads_fire,inventory,,,,
3896,xanim,viewmodel_scar_h_acog_ads_up,inventory,,,,
3897,xanim,viewmodel_scar_h_acog_ads_down,inventory,,,,
3898,attachmentunique,au_scar_acog,inventory,,,,
3899,xmodel,t6_attach_fastmag_scar_view,inventory,,,,
3900,xmodel,t6_attach_fastmag_scar_world,inventory,,,,
3901,xanim,viewmodel_scar_h_fastmag,inventory,,,,
3902,xanim,viewmodel_scar_h_fastmag_empty,inventory,,,,
3903,xanim,viewmodel_scar_h_fastmag_quick,inventory,,,,
3904,xanim,viewmodel_scar_h_fastmag_empty_quick,inventory,,,,
3905,attachmentunique,au_scar_dualclip,inventory,,,,
3906,xanim,viewmodel_scar_h_rangefinder_ads_up,inventory,,,,
3907,xanim,viewmodel_scar_h_rangefinder_ads_down,inventory,,,,
3908,attachmentunique,au_scar_rangefinder,inventory,,,,
3909,xanim,viewmodel_scar_h_reflex_ads_up,inventory,,,,
3910,xanim,viewmodel_scar_h_reflex_ads_down,inventory,,,,
3911,attachmentunique,au_scar_reflex,inventory,,,,
3912,weapon,scar_upgraded_zm,inventory,,,,
3913,xmodel,t6_wpn_shotty_srm1216_view,inventory,,,,
3914,xmodel,t6_wpn_shotty_srm1216_world,inventory,,,,
3915,material,mc/mtl_weapon_camo_diamond_2,inventory,,,,
3916,xanim,viewmodel_srm1216_idle,inventory,,,,
3917,xanim,viewmodel_srm1216_fire,inventory,,,,
3918,xanim,viewmodel_srm1216_rechamber,inventory,,,,
3919,xanim,viewmodel_srm1216_reload,inventory,,,,
3920,xanim,viewmodel_srm1216_reload_empty,inventory,,,,
3921,xanim,viewmodel_srm1216_pullout,inventory,,,,
3922,xanim,viewmodel_srm1216_first_raise,inventory,,,,
3923,xanim,viewmodel_srm1216_putaway,inventory,,,,
3924,xanim,viewmodel_srm1216_pullout_quick,inventory,,,,
3925,xanim,viewmodel_srm1216_putaway_quick,inventory,,,,
3926,xanim,viewmodel_srm1216_sprint_in,inventory,,,,
3927,xanim,viewmodel_srm1216_sprint_loop,inventory,,,,
3928,xanim,viewmodel_srm1216_sprint_out,inventory,,,,
3929,xanim,viewmodel_srm1216_crawl_in,inventory,,,,
3930,xanim,viewmodel_srm1216_crawl_forward,inventory,,,,
3931,xanim,viewmodel_srm1216_crawl_back,inventory,,,,
3932,xanim,viewmodel_srm1216_crawl_right,inventory,,,,
3933,xanim,viewmodel_srm1216_crawl_left,inventory,,,,
3934,xanim,viewmodel_srm1216_crawl_out,inventory,,,,
3935,xanim,viewmodel_srm1216_ads_fire,inventory,,,,
3936,xanim,viewmodel_srm1216_ads_rechamber,inventory,,,,
3937,xanim,viewmodel_srm1216_d2p_in,inventory,,,,
3938,xanim,viewmodel_srm1216_d2p_loop,inventory,,,,
3939,xanim,viewmodel_srm1216_d2p_out,inventory,,,,
3940,xanim,viewmodel_srm1216_ads_up,inventory,,,,
3941,xanim,viewmodel_srm1216_ads_down,inventory,,,,
3942,image,menu_mp_weapons_srm,inventory,,,,
3943,material,menu_mp_weapons_srm,inventory,,,,
3944,weapon,srm1216_zm,inventory,,,,
3945,attachmentunique,au_srm1216_none,inventory,,,,
3946,xanim,viewmodel_srm1216_mms_ads_fire,inventory,,,,
3947,xanim,viewmodel_srm1216_reflex_ads_up,inventory,,,,
3948,xanim,viewmodel_srm1216_reflex_ads_down,inventory,,,,
3949,attachmentunique,au_srm1216_reflex,inventory,,,,
3950,weapon,srm1216_upgraded_zm,inventory,,,,
3951,xmodel,t6_wpn_sniper_svu_view,inventory,,,,
3952,xmodel,t6_wpn_sniper_svu_world,inventory,,,,
3953,image,~~-gmtl_t6_wpn_sniper_svu_len~d1c25a57,inventory,,,,
3954,image,~-gmtl_t6_wpn_sniper_svu_lens_col,inventory,,,,
3955,material,mc/mtl_t6_wpn_sniper_svu_lens,inventory,,,,
3956,xmodel,t6_wpn_sniper_svu_scope_view,inventory,,,,
3957,xmodel,t6_attach_mag_svu_view,inventory,,,,
3958,xmodel,t6_wpn_sniper_svu_scope_world,inventory,,,,
3959,xmodel,t6_attach_mag_svu_world,inventory,,,,
3960,tracer,svu_tracer,inventory,,,,
3961,material,mc/mtl_weapon_camo_ghost_4,inventory,,,,
3962,xanim,viewmodel_svu_as_idle,inventory,,,,
3963,xanim,viewmodel_svu_as_fire,inventory,,,,
3964,xanim,viewmodel_svu_as_reload,inventory,,,,
3965,xanim,viewmodel_svu_as_reload_empty,inventory,,,,
3966,xanim,viewmodel_svu_as_pullout,inventory,,,,
3967,xanim,viewmodel_svu_as_first_raise,inventory,,,,
3968,xanim,viewmodel_svu_as_putaway,inventory,,,,
3969,xanim,viewmodel_svu_as_pullout_quick,inventory,,,,
3970,xanim,viewmodel_svu_as_putaway_quick,inventory,,,,
3971,xanim,viewmodel_svu_as_sprint_in,inventory,,,,
3972,xanim,viewmodel_svu_as_sprint_loop,inventory,,,,
3973,xanim,viewmodel_svu_as_sprint_out,inventory,,,,
3974,xanim,viewmodel_svu_as_crawl_in,inventory,,,,
3975,xanim,viewmodel_svu_as_crawl_forward,inventory,,,,
3976,xanim,viewmodel_svu_as_crawl_back,inventory,,,,
3977,xanim,viewmodel_svu_as_crawl_right,inventory,,,,
3978,xanim,viewmodel_svu_as_crawl_left,inventory,,,,
3979,xanim,viewmodel_svu_as_crawl_out,inventory,,,,
3980,xanim,viewmodel_svu_as_d2p_in,inventory,,,,
3981,xanim,viewmodel_svu_as_d2p_loop,inventory,,,,
3982,xanim,viewmodel_svu_as_d2p_out,inventory,,,,
3983,xanim,viewmodel_svu_as_ads_up,inventory,,,,
3984,xanim,viewmodel_svu_as_ads_down,inventory,,,,
3985,image,hud_mp_firerate_single,inventory,,,,
3986,material,hud_mp_firerate_single,inventory,,,,
3987,image,menu_mp_weapons_svu,inventory,,,,
3988,material,menu_mp_weapons_svu,inventory,,,,
3989,image,scope_overlay_svu_1024,inventory,,,,
3990,material,scope_overlay_svu,inventory,,,,
3991,weapon,svu_zm,inventory,,,,
3992,attachmentunique,au_svu_none,inventory,,,,
3993,xmodel,t6_attach_optic_vzoom_svu_view,inventory,,,,
3994,xmodel,t6_attach_optic_vzoom_svu_world,inventory,,,,
3995,attachmentunique,au_svu_vzoom,inventory,,,,
3996,weapon,svu_upgraded_zm,inventory,,,,
3997,xmodel,t6_wpn_ar_x95l_view,inventory,,,,
3998,xmodel,t6_wpn_ar_x95l_world,inventory,,,,
3999,xmodel,t6_attach_mag_x95l_view,inventory,,,,
4000,xmodel,t6_attach_mag_x95l_world,inventory,,,,
4001,material,mc/mtl_weapon_camo_gold_2,inventory,,,,
4002,xanim,viewmodel_tavor_idle,inventory,,,,
4003,xanim,viewmodel_tavor_fire,inventory,,,,
4004,xanim,viewmodel_tavor_reload,inventory,,,,
4005,xanim,viewmodel_tavor_reload_empty,inventory,,,,
4006,xanim,viewmodel_tavor_pullout,inventory,,,,
4007,xanim,viewmodel_tavor_first_raise,inventory,,,,
4008,xanim,viewmodel_tavor_putaway,inventory,,,,
4009,xanim,viewmodel_tavor_pullout_quick,inventory,,,,
4010,xanim,viewmodel_tavor_putaway_quick,inventory,,,,
4011,xanim,viewmodel_tavor_sprint_in,inventory,,,,
4012,xanim,viewmodel_tavor_sprint_loop,inventory,,,,
4013,xanim,viewmodel_tavor_sprint_out,inventory,,,,
4014,xanim,viewmodel_tavor_crawl_in,inventory,,,,
4015,xanim,viewmodel_tavor_crawl_forward,inventory,,,,
4016,xanim,viewmodel_tavor_crawl_back,inventory,,,,
4017,xanim,viewmodel_tavor_crawl_right,inventory,,,,
4018,xanim,viewmodel_tavor_crawl_left,inventory,,,,
4019,xanim,viewmodel_tavor_crawl_out,inventory,,,,
4020,xanim,viewmodel_tavor_ads_fire,inventory,,,,
4021,xanim,viewmodel_tavor_d2p_in,inventory,,,,
4022,xanim,viewmodel_tavor_d2p_loop,inventory,,,,
4023,xanim,viewmodel_tavor_d2p_out,inventory,,,,
4024,xanim,viewmodel_tavor_ads_up,inventory,,,,
4025,xanim,viewmodel_tavor_ads_down,inventory,,,,
4026,image,menu_mp_weapons_tar21,inventory,,,,
4027,material,menu_mp_weapons_tar21,inventory,,,,
4028,weapon,tar21_zm,inventory,,,,
4029,xanim,viewmodel_tavor_acog_ads_up,inventory,,,,
4030,xanim,viewmodel_tavor_acog_ads_down,inventory,,,,
4031,attachmentunique,au_tar21_none,inventory,,,,
4032,xmodel,t6_attach_gl_m320_view,inventory,,,,
4033,xmodel,t6_attach_gl_m320_world,inventory,,,,
4034,xanim,viewmodel_tavor_gl_idle,inventory,,,,
4035,xanim,viewmodel_tavor_gl_fire,inventory,,,,
4036,xanim,viewmodel_tavor_gl_reload,inventory,,,,
4037,xanim,viewmodel_tavor_gl_reload_empty,inventory,,,,
4038,xanim,viewmodel_tavor_gl_pullout,inventory,,,,
4039,xanim,viewmodel_tavor_gl_putaway,inventory,,,,
4040,xanim,viewmodel_tavor_gl_first_raise,inventory,,,,
4041,xanim,viewmodel_tavor_gl_from_grenade,inventory,,,,
4042,xanim,viewmodel_tavor_gl_pullout_quick,inventory,,,,
4043,xanim,viewmodel_tavor_gl_putaway_quick,inventory,,,,
4044,xanim,viewmodel_tavor_gl_sprint_in,inventory,,,,
4045,xanim,viewmodel_tavor_gl_sprint_loop,inventory,,,,
4046,xanim,viewmodel_tavor_gl_sprint_out,inventory,,,,
4047,xanim,viewmodel_tavor_gl_crawl_in,inventory,,,,
4048,xanim,viewmodel_tavor_gl_crawl_forward,inventory,,,,
4049,xanim,viewmodel_tavor_gl_crawl_back,inventory,,,,
4050,xanim,viewmodel_tavor_gl_crawl_right,inventory,,,,
4051,xanim,viewmodel_tavor_gl_crawl_left,inventory,,,,
4052,xanim,viewmodel_tavor_gl_crawl_out,inventory,,,,
4053,xanim,viewmodel_tavor_gl_ads_fire,inventory,,,,
4054,xanim,viewmodel_tavor_gl_ads_up,inventory,,,,
4055,xanim,viewmodel_tavor_gl_ads_down,inventory,,,,
4056,xanim,viewmodel_tavor_gl_d2p_in,inventory,,,,
4057,xanim,viewmodel_tavor_gl_d2p_loop,inventory,,,,
4058,xanim,viewmodel_tavor_gl_d2p_out,inventory,,,,
4059,attachmentunique,au_tar21_gl,inventory,,,,
4060,xmodel,t6_attach_optic_holo_zmb_view,inventory,,,,
4061,xmodel,t6_attach_optic_holo_zmb_ads,inventory,,,,
4062,xmodel,t6_attach_optic_holo_zmb_world,inventory,,,,
4063,xanim,viewmodel_tavor_rangefinder_ads_fire,inventory,,,,
4064,xanim,viewmodel_tavor_eotech_ads_up,inventory,,,,
4065,xanim,viewmodel_tavor_eotech_ads_down,inventory,,,,
4066,attachmentunique,au_tar21_longbreath,inventory,,,,
4067,xanim,viewmodel_tavor_mms_first_raise,inventory,,,,
4068,xanim,viewmodel_tavor_mms_ads_up,inventory,,,,
4069,xanim,viewmodel_tavor_mms_ads_down,inventory,,,,
4070,attachmentunique,au_tar21_mms,inventory,,,,
4071,xanim,viewmodel_tavor_rangefinder_ads_up,inventory,,,,
4072,xanim,viewmodel_tavor_rangefinder_ads_down,inventory,,,,
4073,attachmentunique,au_tar21_rangefinder,inventory,,,,
4074,xanim,viewmodel_tavor_reflex_ads_up,inventory,,,,
4075,xanim,viewmodel_tavor_reflex_ads_down,inventory,,,,
4076,attachmentunique,au_tar21_reflex,inventory,,,,
4077,xanim,viewmodel_tavor_gl_rangefinder_ads_fire,inventory,,,,
4078,attachmentunique,au_tar21_gl+longbreath,inventory,,,,
4079,attachmentunique,au_tar21_rangefinder+gl,inventory,,,,
4080,weapon,tar21_upgraded_zm,inventory,,,,
4081,xanim,viewmodel_tavor_gl_grenade_idle,inventory,,,,
4082,xanim,viewmodel_tavor_gl_grenade_fire,inventory,,,,
4083,xanim,viewmodel_tavor_gl_grenade_reload_empty,inventory,,,,
4084,xanim,viewmodel_tavor_gl_grenade_pullout,inventory,,,,
4085,xanim,viewmodel_tavor_gl_grenade_putaway,inventory,,,,
4086,xanim,viewmodel_tavor_gl_to_grenade,inventory,,,,
4087,xanim,viewmodel_tavor_gl_grenade_sprint_in,inventory,,,,
4088,xanim,viewmodel_tavor_gl_grenade_sprint_loop,inventory,,,,
4089,xanim,viewmodel_tavor_gl_grenade_sprint_out,inventory,,,,
4090,xanim,viewmodel_tavor_gl_grenade_crawl_in,inventory,,,,
4091,xanim,viewmodel_tavor_gl_grenade_crawl_forward,inventory,,,,
4092,xanim,viewmodel_tavor_gl_grenade_crawl_back,inventory,,,,
4093,xanim,viewmodel_tavor_gl_grenade_crawl_right,inventory,,,,
4094,xanim,viewmodel_tavor_gl_grenade_crawl_left,inventory,,,,
4095,xanim,viewmodel_tavor_gl_grenade_crawl_out,inventory,,,,
4096,xanim,viewmodel_tavor_gl_grenade_d2p_in,inventory,,,,
4097,xanim,viewmodel_tavor_gl_grenade_d2p_loop,inventory,,,,
4098,xanim,viewmodel_tavor_gl_grenade_d2p_out,inventory,,,,
4099,xanim,viewmodel_tavor_gl_grenade_ads_up,inventory,,,,
4100,xanim,viewmodel_tavor_gl_grenade_ads_down,inventory,,,,
4101,image,hud_obit_grenade_launcher_attach,inventory,,,,
4102,material,hud_obit_grenade_launcher_attach,inventory,,,,
4103,image,hud_gl_select,inventory,,,,
4104,material,hud_gl_select,inventory,,,,
4105,weapon,gl_tar21_zm,inventory,,,,
4106,xmodel,t6_wpn_zmb_thompson_view,inventory,,,,
4107,xmodel,t6_wpn_zmb_thompson_world,inventory,,,,
4108,xanim,viewmodel_thompson_idle,inventory,,,,
4109,xanim,viewmodel_thompson_fire,inventory,,,,
4110,xanim,viewmodel_thompson_reload,inventory,,,,
4111,xanim,viewmodel_thompson_reload_empty,inventory,,,,
4112,xanim,viewmodel_thompson_pullout,inventory,,,,
4113,xanim,viewmodel_thompson_first_raise,inventory,,,,
4114,xanim,viewmodel_thompson_putaway,inventory,,,,
4115,xanim,viewmodel_thompson_pullout_quick,inventory,,,,
4116,xanim,viewmodel_thompson_putaway_quick,inventory,,,,
4117,xanim,viewmodel_thompson_sprint_in,inventory,,,,
4118,xanim,viewmodel_thompson_sprint_loop,inventory,,,,
4119,xanim,viewmodel_thompson_sprint_out,inventory,,,,
4120,xanim,viewmodel_thompson_crawl_in,inventory,,,,
4121,xanim,viewmodel_thompson_crawl_forward,inventory,,,,
4122,xanim,viewmodel_thompson_crawl_back,inventory,,,,
4123,xanim,viewmodel_thompson_crawl_right,inventory,,,,
4124,xanim,viewmodel_thompson_crawl_left,inventory,,,,
4125,xanim,viewmodel_thompson_crawl_out,inventory,,,,
4126,xanim,viewmodel_thompson_ads_fire,inventory,,,,
4127,xanim,viewmodel_thompson_d2p_in,inventory,,,,
4128,xanim,viewmodel_thompson_d2p_loop,inventory,,,,
4129,xanim,viewmodel_thompson_d2p_out,inventory,,,,
4130,xanim,viewmodel_thompson_ads_up,inventory,,,,
4131,xanim,viewmodel_thompson_ads_down,inventory,,,,
4132,image,menu_zm_weapons_thompson,inventory,,,,
4133,material,menu_zm_weapons_thompson,inventory,,,,
4134,weapon,thompson_zm,inventory,,,,
4135,weapon,thompson_upgraded_zm,inventory,,,,
4136,xmodel,t6_wpn_ar_type95_view,inventory,,,,
4137,xmodel,t6_wpn_ar_type95_world,inventory,,,,
4138,xmodel,t6_attach_mag_type95_view,inventory,,,,
4139,xmodel,t6_attach_mag_type95_world,inventory,,,,
4140,image,camo_snake_alt_nml,inventory,,,,
4141,image,~~-gcamo_snake_alt_spc-rgb&~-~82bb6855,inventory,,,,
4142,image,~-gcamo_snake_alt_col,inventory,,,,
4143,material,mc/mtl_weapon_camo_snake_alt_1,inventory,,,,
4144,xanim,viewmodel_type95_ar_idle,inventory,,,,
4145,xanim,viewmodel_type95_ar_fire,inventory,,,,
4146,xanim,viewmodel_type95_ar_reload,inventory,,,,
4147,xanim,viewmodel_type95_ar_reload_empty,inventory,,,,
4148,xanim,viewmodel_type95_ar_pullout,inventory,,,,
4149,xanim,viewmodel_type95_ar_first_raise,inventory,,,,
4150,xanim,viewmodel_type95_ar_putaway,inventory,,,,
4151,xanim,viewmodel_type95_ar_pullout_quick,inventory,,,,
4152,xanim,viewmodel_type95_ar_putaway_quick,inventory,,,,
4153,xanim,viewmodel_type95_ar_sprint_in,inventory,,,,
4154,xanim,viewmodel_type95_ar_sprint_loop,inventory,,,,
4155,xanim,viewmodel_type95_ar_sprint_out,inventory,,,,
4156,xanim,viewmodel_type95_ar_crawl_in,inventory,,,,
4157,xanim,viewmodel_type95_ar_crawl_forward,inventory,,,,
4158,xanim,viewmodel_type95_ar_crawl_back,inventory,,,,
4159,xanim,viewmodel_type95_ar_crawl_right,inventory,,,,
4160,xanim,viewmodel_type95_ar_crawl_left,inventory,,,,
4161,xanim,viewmodel_type95_ar_crawl_out,inventory,,,,
4162,xanim,viewmodel_type95_ar_ads_fire,inventory,,,,
4163,xanim,viewmodel_type95_ar_d2p_in,inventory,,,,
4164,xanim,viewmodel_type95_ar_d2p_loop,inventory,,,,
4165,xanim,viewmodel_type95_ar_d2p_out,inventory,,,,
4166,xanim,viewmodel_type95_ar_ads_up,inventory,,,,
4167,xanim,viewmodel_type95_ar_ads_down,inventory,,,,
4168,image,menu_mp_weapons_type95,inventory,,,,
4169,material,menu_mp_weapons_type95,inventory,,,,
4170,weapon,type95_zm,inventory,,,,
4171,xanim,viewmodel_type95_ar_fastmag,inventory,,,,
4172,xanim,viewmodel_type95_ar_fastmag_empty,inventory,,,,
4173,xanim,viewmodel_type95_ar_fastmag_quick,inventory,,,,
4174,xanim,viewmodel_type95_ar_fastmag_empty_quick,inventory,,,,
4175,attachmentunique,au_type95_none,inventory,,,,
4176,xanim,viewmodel_type95_ar_gl_idle,inventory,,,,
4177,xanim,viewmodel_type95_ar_gl_fire,inventory,,,,
4178,xanim,viewmodel_type95_ar_gl_reload,inventory,,,,
4179,xanim,viewmodel_type95_ar_gl_reload_empty,inventory,,,,
4180,xanim,viewmodel_type95_ar_gl_pullout,inventory,,,,
4181,xanim,viewmodel_type95_ar_gl_putaway,inventory,,,,
4182,xanim,viewmodel_type95_ar_gl_first_raise,inventory,,,,
4183,xanim,viewmodel_type95_ar_gl_from_grenade,inventory,,,,
4184,xanim,viewmodel_type95_ar_gl_pullout_quick,inventory,,,,
4185,xanim,viewmodel_type95_ar_gl_putaway_quick,inventory,,,,
4186,xanim,viewmodel_type95_ar_gl_sprint_in,inventory,,,,
4187,xanim,viewmodel_type95_ar_gl_sprint_loop,inventory,,,,
4188,xanim,viewmodel_type95_ar_gl_sprint_out,inventory,,,,
4189,xanim,viewmodel_type95_ar_gl_crawl_in,inventory,,,,
4190,xanim,viewmodel_type95_ar_gl_crawl_forward,inventory,,,,
4191,xanim,viewmodel_type95_ar_gl_crawl_back,inventory,,,,
4192,xanim,viewmodel_type95_ar_gl_crawl_right,inventory,,,,
4193,xanim,viewmodel_type95_ar_gl_crawl_left,inventory,,,,
4194,xanim,viewmodel_type95_ar_gl_crawl_out,inventory,,,,
4195,xanim,viewmodel_type95_ar_gl_ads_fire,inventory,,,,
4196,xanim,viewmodel_type95_ar_gl_ads_up,inventory,,,,
4197,xanim,viewmodel_type95_ar_gl_ads_down,inventory,,,,
4198,xanim,viewmodel_type95_ar_gl_d2p_in,inventory,,,,
4199,xanim,viewmodel_type95_ar_gl_d2p_loop,inventory,,,,
4200,xanim,viewmodel_type95_ar_gl_d2p_out,inventory,,,,
4201,attachmentunique,au_type95_gl,inventory,,,,
4202,xanim,viewmodel_type95_ar_rangefinder_ads_fire,inventory,,,,
4203,xanim,viewmodel_type95_ar_eotech_ads_up,inventory,,,,
4204,xanim,viewmodel_type95_ar_eotech_ads_down,inventory,,,,
4205,attachmentunique,au_type95_longbreath,inventory,,,,
4206,xanim,viewmodel_type95_ar_mms_first_raise,inventory,,,,
4207,xanim,viewmodel_type95_ar_mms_ads_up,inventory,,,,
4208,xanim,viewmodel_type95_ar_mms_ads_down,inventory,,,,
4209,attachmentunique,au_type95_mms,inventory,,,,
4210,xanim,viewmodel_type95_ar_rangefinder_ads_up,inventory,,,,
4211,xanim,viewmodel_type95_ar_rangefinder_ads_down,inventory,,,,
4212,attachmentunique,au_type95_rangefinder,inventory,,,,
4213,xanim,viewmodel_type95_ar_reflex_ads_up,inventory,,,,
4214,xanim,viewmodel_type95_ar_reflex_ads_down,inventory,,,,
4215,attachmentunique,au_type95_reflex,inventory,,,,
4216,xanim,viewmodel_type95_ar_gl_rangefinder_ads_fire,inventory,,,,
4217,attachmentunique,au_type95_gl+longbreath,inventory,,,,
4218,attachmentunique,au_type95_rangefinder+gl,inventory,,,,
4219,weapon,type95_upgraded_zm,inventory,,,,
4220,xmodel,t6_wpn_ar_type95_stow,inventory,,,,
4221,xanim,viewmodel_type95_ar_gl_grenade_idle,inventory,,,,
4222,xanim,viewmodel_type95_ar_gl_grenade_fire,inventory,,,,
4223,xanim,viewmodel_type95_ar_gl_grenade_reload_empty,inventory,,,,
4224,xanim,viewmodel_type95_ar_gl_grenade_pullout,inventory,,,,
4225,xanim,viewmodel_type95_ar_gl_grenade_putaway,inventory,,,,
4226,xanim,viewmodel_type95_ar_gl_to_grenade,inventory,,,,
4227,xanim,viewmodel_type95_ar_gl_grenade_sprint_in,inventory,,,,
4228,xanim,viewmodel_type95_ar_gl_grenade_sprint_loop,inventory,,,,
4229,xanim,viewmodel_type95_ar_gl_grenade_sprint_out,inventory,,,,
4230,xanim,viewmodel_type95_ar_gl_grenade_crawl_in,inventory,,,,
4231,xanim,viewmodel_type95_ar_gl_grenade_crawl_forward,inventory,,,,
4232,xanim,viewmodel_type95_ar_gl_grenade_crawl_back,inventory,,,,
4233,xanim,viewmodel_type95_ar_gl_grenade_crawl_right,inventory,,,,
4234,xanim,viewmodel_type95_ar_gl_grenade_crawl_left,inventory,,,,
4235,xanim,viewmodel_type95_ar_gl_grenade_crawl_out,inventory,,,,
4236,xanim,viewmodel_type95_ar_gl_grenade_d2p_in,inventory,,,,
4237,xanim,viewmodel_type95_ar_gl_grenade_d2p_loop,inventory,,,,
4238,xanim,viewmodel_type95_ar_gl_grenade_d2p_out,inventory,,,,
4239,xanim,viewmodel_type95_ar_gl_grenade_ads_up,inventory,,,,
4240,xanim,viewmodel_type95_ar_gl_grenade_ads_down,inventory,,,,
4241,weapon,gl_type95_zm,inventory,,,,
4242,xmodel,t6_wpn_launch_usrpg_view,inventory,,,,
4243,xmodel,t6_wpn_launch_usrpg_world,inventory,,,,
4244,xmodel,t6_wpn_launch_usrpg_stow,inventory,,,,
4245,xmodel,t6_attach_mag_usrpg_world,inventory,,,,
4246,xmodel,t6_wpn_projectile_usrpg,inventory,,,,
4247,image,~~-gmtl_t6_wpn_launch_rpg7_sp~c13679e8,inventory,,,,
4248,image,mtl_t6_wpn_launch_rpg7_nml,inventory,,,,
4249,image,~mtl_t6_wpn_launch_rpg7_ao-l&~370d424a,inventory,,,,
4250,image,~-gmtl_t6_wpn_launch_rpg7_col,inventory,,,,
4251,image,~mtl_t6_wpn_launch_rpg7_ir-r&~a528e484,inventory,,,,
4252,material,mc/mtl_t6_wpn_launch_rpg7_thermal,inventory,,,,
4253,material,mc/mtl_t6_wpn_launch_rpg7,inventory,,,,
4254,xmodel,t6_wpn_projectile_rpg7,inventory,,,,
4255,xanim,viewmodel_usrpg_idle,inventory,,,,
4256,xanim,viewmodel_usrpg_idle_empty,inventory,,,,
4257,xanim,viewmodel_usrpg_ads_fire,inventory,,,,
4258,xanim,viewmodel_usrpg_reload_empty,inventory,,,,
4259,xanim,viewmodel_usrpg_pullout,inventory,,,,
4260,xanim,viewmodel_usrpg_putaway,inventory,,,,
4261,xanim,viewmodel_usrpg_pullout_empty,inventory,,,,
4262,xanim,viewmodel_usrpg_putaway_empty,inventory,,,,
4263,xanim,viewmodel_usrpg_sprint_in,inventory,,,,
4264,xanim,viewmodel_usrpg_sprint_loop,inventory,,,,
4265,xanim,viewmodel_usrpg_sprint_out,inventory,,,,
4266,xanim,viewmodel_usrpg_sprint_in_empty,inventory,,,,
4267,xanim,viewmodel_usrpg_sprint_loop_empty,inventory,,,,
4268,xanim,viewmodel_usrpg_sprint_out_empty,inventory,,,,
4269,xanim,viewmodel_usrpg_crawl_in,inventory,,,,
4270,xanim,viewmodel_usrpg_crawl_forward,inventory,,,,
4271,xanim,viewmodel_usrpg_crawl_back,inventory,,,,
4272,xanim,viewmodel_usrpg_crawl_right,inventory,,,,
4273,xanim,viewmodel_usrpg_crawl_left,inventory,,,,
4274,xanim,viewmodel_usrpg_crawl_out,inventory,,,,
4275,xanim,viewmodel_usrpg_crawl_in_empty,inventory,,,,
4276,xanim,viewmodel_usrpg_crawl_forward_empty,inventory,,,,
4277,xanim,viewmodel_usrpg_crawl_back_empty,inventory,,,,
4278,xanim,viewmodel_usrpg_crawl_right_empty,inventory,,,,
4279,xanim,viewmodel_usrpg_crawl_left_empty,inventory,,,,
4280,xanim,viewmodel_usrpg_crawl_out_empty,inventory,,,,
4281,xanim,viewmodel_usrpg_d2p_in,inventory,,,,
4282,xanim,viewmodel_usrpg_d2p_loop,inventory,,,,
4283,xanim,viewmodel_usrpg_d2p_out,inventory,,,,
4284,xanim,viewmodel_usrpg_d2p_in_empty,inventory,,,,
4285,xanim,viewmodel_usrpg_d2p_loop_empty,inventory,,,,
4286,xanim,viewmodel_usrpg_d2p_out_empty,inventory,,,,
4287,xanim,viewmodel_usrpg_ads_up,inventory,,,,
4288,xanim,viewmodel_usrpg_ads_down,inventory,,,,
4289,image,flechette_reticle,inventory,,,,
4290,material,reticle_flechette,inventory,,,,
4291,image,menu_mp_weapons_rpg,inventory,,,,
4292,material,menu_mp_weapons_rpg,inventory,,,,
4293,weapon,usrpg_zm,inventory,,,,
4294,weapon,usrpg_upgraded_zm,inventory,,,,
4295,xmodel,t6_wpn_smg_uzi_view,inventory,,,,
4296,xmodel,t6_wpn_smg_uzi_world,inventory,,,,
4297,xmodel,t6_attach_mag_uzi_view,inventory,,,,
4298,xmodel,t6_attach_mag_uzi_world,inventory,,,,
4299,xanim,viewmodel_uzi_t6_idle,inventory,,,,
4300,xanim,viewmodel_uzi_t6_fire,inventory,,,,
4301,xanim,viewmodel_uzi_t6_reload,inventory,,,,
4302,xanim,viewmodel_uzi_t6_reload_empty,inventory,,,,
4303,xanim,viewmodel_uzi_t6_pullout,inventory,,,,
4304,xanim,viewmodel_uzi_t6_first_raise,inventory,,,,
4305,xanim,viewmodel_uzi_t6_putaway,inventory,,,,
4306,xanim,viewmodel_uzi_t6_pullout_quick,inventory,,,,
4307,xanim,viewmodel_uzi_t6_putaway_quick,inventory,,,,
4308,xanim,viewmodel_uzi_t6_sprint_in,inventory,,,,
4309,xanim,viewmodel_uzi_t6_sprint_loop,inventory,,,,
4310,xanim,viewmodel_uzi_t6_sprint_out,inventory,,,,
4311,xanim,viewmodel_uzi_t6_crawl_in,inventory,,,,
4312,xanim,viewmodel_uzi_t6_crawl_forward,inventory,,,,
4313,xanim,viewmodel_uzi_t6_crawl_back,inventory,,,,
4314,xanim,viewmodel_uzi_t6_crawl_right,inventory,,,,
4315,xanim,viewmodel_uzi_t6_crawl_left,inventory,,,,
4316,xanim,viewmodel_uzi_t6_crawl_out,inventory,,,,
4317,xanim,viewmodel_uzi_t6_ads_fire,inventory,,,,
4318,xanim,viewmodel_uzi_t6_d2p_in,inventory,,,,
4319,xanim,viewmodel_uzi_t6_d2p_loop,inventory,,,,
4320,xanim,viewmodel_uzi_t6_d2p_out,inventory,,,,
4321,xanim,viewmodel_uzi_t6_ads_up,inventory,,,,
4322,xanim,viewmodel_uzi_t6_ads_down,inventory,,,,
4323,image,hud_uzi,inventory,,,,
4324,material,hud_icon_uzi,inventory,,,,
4325,weapon,uzi_zm,inventory,,,,
4326,weapon,uzi_upgraded_zm,inventory,,,,
4327,xmodel,t6_wpn_ar_xm8_view,inventory,,,,
4328,xmodel,t6_wpn_ar_xm8_world,inventory,,,,
4329,xmodel,t6_attach_mag_xm8_view,inventory,,,,
4330,xmodel,t6_attach_mag_xm8_world,inventory,,,,
4331,material,mc/mtl_weapon_camo_diamond_alt_3,inventory,,,,
4332,xanim,viewmodel_xm8_idle,inventory,,,,
4333,xanim,viewmodel_xm8_idle_empty,inventory,,,,
4334,xanim,viewmodel_xm8_fire,inventory,,,,
4335,xanim,viewmodel_xm8_last_shot,inventory,,,,
4336,xanim,viewmodel_xm8_reload,inventory,,,,
4337,xanim,viewmodel_xm8_reload_empty,inventory,,,,
4338,xanim,viewmodel_xm8_pullout,inventory,,,,
4339,xanim,viewmodel_xm8_first_raise,inventory,,,,
4340,xanim,viewmodel_xm8_putaway,inventory,,,,
4341,xanim,viewmodel_xm8_pullout_quick,inventory,,,,
4342,xanim,viewmodel_xm8_putaway_quick,inventory,,,,
4343,xanim,viewmodel_xm8_pullout_empty,inventory,,,,
4344,xanim,viewmodel_xm8_putaway_empty,inventory,,,,
4345,xanim,viewmodel_xm8_sprint_in,inventory,,,,
4346,xanim,viewmodel_xm8_sprint_loop,inventory,,,,
4347,xanim,viewmodel_xm8_sprint_out,inventory,,,,
4348,xanim,viewmodel_xm8_sprint_in_empty,inventory,,,,
4349,xanim,viewmodel_xm8_sprint_loop_empty,inventory,,,,
4350,xanim,viewmodel_xm8_sprint_out_empty,inventory,,,,
4351,xanim,viewmodel_xm8_crawl_in,inventory,,,,
4352,xanim,viewmodel_xm8_crawl_forward,inventory,,,,
4353,xanim,viewmodel_xm8_crawl_back,inventory,,,,
4354,xanim,viewmodel_xm8_crawl_right,inventory,,,,
4355,xanim,viewmodel_xm8_crawl_left,inventory,,,,
4356,xanim,viewmodel_xm8_crawl_out,inventory,,,,
4357,xanim,viewmodel_xm8_crawl_in_empty,inventory,,,,
4358,xanim,viewmodel_xm8_crawl_forward_empty,inventory,,,,
4359,xanim,viewmodel_xm8_crawl_back_empty,inventory,,,,
4360,xanim,viewmodel_xm8_crawl_right_empty,inventory,,,,
4361,xanim,viewmodel_xm8_crawl_left_empty,inventory,,,,
4362,xanim,viewmodel_xm8_crawl_out_empty,inventory,,,,
4363,xanim,viewmodel_xm8_ads_fire,inventory,,,,
4364,xanim,viewmodel_xm8_ads_last_shot,inventory,,,,
4365,xanim,viewmodel_xm8_d2p_in,inventory,,,,
4366,xanim,viewmodel_xm8_d2p_loop,inventory,,,,
4367,xanim,viewmodel_xm8_d2p_out,inventory,,,,
4368,xanim,viewmodel_xm8_d2p_in_empty,inventory,,,,
4369,xanim,viewmodel_xm8_d2p_loop_empty,inventory,,,,
4370,xanim,viewmodel_xm8_d2p_out_empty,inventory,,,,
4371,xanim,viewmodel_xm8_ads_up,inventory,,,,
4372,xanim,viewmodel_xm8_ads_down,inventory,,,,
4373,image,menu_mp_weapons_xm8,inventory,,,,
4374,material,menu_mp_weapons_xm8,inventory,,,,
4375,weapon,xm8_zm,inventory,,,,
4376,xanim,viewmodel_xm8_rangefinder_ads_fire,inventory,,,,
4377,xanim,viewmodel_xm8_rangefinder_ads_last_shot,inventory,,,,
4378,xanim,viewmodel_xm8_rangefinder_ads_up,inventory,,,,
4379,xanim,viewmodel_xm8_rangefinder_ads_down,inventory,,,,
4380,attachmentunique,au_xm8_none,inventory,,,,
4381,xanim,viewmodel_xm8_gl_idle,inventory,,,,
4382,xanim,viewmodel_xm8_gl_idle_empty,inventory,,,,
4383,xanim,viewmodel_xm8_gl_fire,inventory,,,,
4384,xanim,viewmodel_xm8_gl_last_shot,inventory,,,,
4385,xanim,viewmodel_xm8_gl_reload,inventory,,,,
4386,xanim,viewmodel_xm8_gl_reload_empty,inventory,,,,
4387,xanim,viewmodel_xm8_gl_pullout,inventory,,,,
4388,xanim,viewmodel_xm8_gl_putaway,inventory,,,,
4389,xanim,viewmodel_xm8_gl_first_raise,inventory,,,,
4390,xanim,viewmodel_xm8_gl_from_grenade,inventory,,,,
4391,xanim,viewmodel_xm8_gl_pullout_quick,inventory,,,,
4392,xanim,viewmodel_xm8_gl_putaway_quick,inventory,,,,
4393,xanim,viewmodel_xm8_gl_pullout_empty,inventory,,,,
4394,xanim,viewmodel_xm8_gl_putaway_empty,inventory,,,,
4395,xanim,viewmodel_xm8_gl_sprint_in,inventory,,,,
4396,xanim,viewmodel_xm8_gl_sprint_loop,inventory,,,,
4397,xanim,viewmodel_xm8_gl_sprint_out,inventory,,,,
4398,xanim,viewmodel_xm8_gl_sprint_in_empty,inventory,,,,
4399,xanim,viewmodel_xm8_gl_sprint_loop_empty,inventory,,,,
4400,xanim,viewmodel_xm8_gl_sprint_out_empty,inventory,,,,
4401,xanim,viewmodel_xm8_gl_crawl_in,inventory,,,,
4402,xanim,viewmodel_xm8_gl_crawl_forward,inventory,,,,
4403,xanim,viewmodel_xm8_gl_crawl_back,inventory,,,,
4404,xanim,viewmodel_xm8_gl_crawl_right,inventory,,,,
4405,xanim,viewmodel_xm8_gl_crawl_left,inventory,,,,
4406,xanim,viewmodel_xm8_gl_crawl_out,inventory,,,,
4407,xanim,viewmodel_xm8_gl_crawl_in_empty,inventory,,,,
4408,xanim,viewmodel_xm8_gl_crawl_forward_empty,inventory,,,,
4409,xanim,viewmodel_xm8_gl_crawl_back_empty,inventory,,,,
4410,xanim,viewmodel_xm8_gl_crawl_right_empty,inventory,,,,
4411,xanim,viewmodel_xm8_gl_crawl_left_empty,inventory,,,,
4412,xanim,viewmodel_xm8_gl_crawl_out_empty,inventory,,,,
4413,xanim,viewmodel_xm8_gl_ads_fire,inventory,,,,
4414,xanim,viewmodel_xm8_gl_ads_last_shot,inventory,,,,
4415,xanim,viewmodel_xm8_gl_ads_up,inventory,,,,
4416,xanim,viewmodel_xm8_gl_ads_down,inventory,,,,
4417,xanim,viewmodel_xm8_gl_d2p_in,inventory,,,,
4418,xanim,viewmodel_xm8_gl_d2p_loop,inventory,,,,
4419,xanim,viewmodel_xm8_gl_d2p_out,inventory,,,,
4420,xanim,viewmodel_xm8_gl_d2p_in_empty,inventory,,,,
4421,xanim,viewmodel_xm8_gl_d2p_loop_empty,inventory,,,,
4422,xanim,viewmodel_xm8_gl_d2p_out_empty,inventory,,,,
4423,attachmentunique,au_xm8_gl,inventory,,,,
4424,xanim,viewmodel_xm8_eotech_ads_up,inventory,,,,
4425,xanim,viewmodel_xm8_eotech_ads_down,inventory,,,,
4426,attachmentunique,au_xm8_longbreath,inventory,,,,
4427,xanim,viewmodel_xm8_mms_first_raise,inventory,,,,
4428,xanim,viewmodel_xm8_mms_ads_up,inventory,,,,
4429,xanim,viewmodel_xm8_mms_ads_down,inventory,,,,
4430,attachmentunique,au_xm8_mms,inventory,,,,
4431,attachmentunique,au_xm8_rangefinder,inventory,,,,
4432,xanim,viewmodel_xm8_reflex_ads_up,inventory,,,,
4433,xanim,viewmodel_xm8_reflex_ads_down,inventory,,,,
4434,attachmentunique,au_xm8_reflex,inventory,,,,
4435,xanim,viewmodel_xm8_gl_rangefinder_ads_fire,inventory,,,,
4436,xanim,viewmodel_xm8_gl_rangefinder_ads_last_shot,inventory,,,,
4437,attachmentunique,au_xm8_gl+longbreath,inventory,,,,
4438,attachmentunique,au_xm8_rangefinder+gl,inventory,,,,
4439,weapon,xm8_upgraded_zm,inventory,,,,
4440,xanim,viewmodel_xm8_gl_grenade_idle,inventory,,,,
4441,xanim,viewmodel_xm8_gl_grenade_fire,inventory,,,,
4442,xanim,viewmodel_xm8_gl_grenade_reload_empty,inventory,,,,
4443,xanim,viewmodel_xm8_gl_grenade_pullout,inventory,,,,
4444,xanim,viewmodel_xm8_gl_grenade_putaway,inventory,,,,
4445,xanim,viewmodel_xm8_gl_to_grenade,inventory,,,,
4446,xanim,viewmodel_xm8_gl_grenade_sprint_in,inventory,,,,
4447,xanim,viewmodel_xm8_gl_grenade_sprint_loop,inventory,,,,
4448,xanim,viewmodel_xm8_gl_grenade_sprint_out,inventory,,,,
4449,xanim,viewmodel_xm8_gl_grenade_crawl_in,inventory,,,,
4450,xanim,viewmodel_xm8_gl_grenade_crawl_forward,inventory,,,,
4451,xanim,viewmodel_xm8_gl_grenade_crawl_back,inventory,,,,
4452,xanim,viewmodel_xm8_gl_grenade_crawl_right,inventory,,,,
4453,xanim,viewmodel_xm8_gl_grenade_crawl_left,inventory,,,,
4454,xanim,viewmodel_xm8_gl_grenade_crawl_out,inventory,,,,
4455,xanim,viewmodel_xm8_gl_grenade_d2p_in,inventory,,,,
4456,xanim,viewmodel_xm8_gl_grenade_d2p_loop,inventory,,,,
4457,xanim,viewmodel_xm8_gl_grenade_d2p_out,inventory,,,,
4458,xanim,viewmodel_xm8_gl_grenade_ads_up,inventory,,,,
4459,xanim,viewmodel_xm8_gl_grenade_ads_down,inventory,,,,
4460,weapon,gl_xm8_zm,inventory,,,,
4461,image,~~-gbattery_c-rgb&~-rbattery_~e651cafc,inventory,,,,
4462,image,~-gbattery_c,inventory,,,,
4463,techniqueset,mc_lit_sm_r0c0s0_2qwz6e5q,inventory,,,,
4464,material,mc/mtl_ray_gun_battery,inventory,,,,
4465,xmodel,t6_wpn_zmb_raygun_view,inventory,,,,
4466,image,fxt_fx_raygun_ring,inventory,,,,
4467,material,gfx_fxt_fx_raygun_ring,inventory,,,,
4468,fx,weapon/muzzleflashes/fx_raygun_view,inventory,,,,
4469,fx,weapon/muzzleflashes/fx_raygun_world,inventory,,,,
4470,xmodel,weapon_usa_ray_gun,inventory,,,,
4471,material,",gfx_fxt_smk_tendril",inventory,,,,
4472,image,fxt_fx_distortion_shc_wave,inventory,,,,
4473,material,gfx_fxt_fx_distortion_shc_wave,inventory,,,,
4474,fx,misc/fx_exp_raygun_impact,inventory,,,,
4475,fx,misc/fx_trail_raygun_ring_emit,inventory,,,,
4476,fx,misc/fx_trail_raygun_geotrail,inventory,,,,
4477,xanim,viewmodel_raygun_t6_idle,inventory,,,,
4478,xanim,viewmodel_raygun_t6_fire,inventory,,,,
4479,xanim,viewmodel_raygun_t6_reload,inventory,,,,
4480,xanim,viewmodel_raygun_t6_pullout,inventory,,,,
4481,xanim,viewmodel_raygun_t6_first_raise,inventory,,,,
4482,xanim,viewmodel_raygun_t6_putaway,inventory,,,,
4483,xanim,viewmodel_raygun_t6_sprint_in,inventory,,,,
4484,xanim,viewmodel_raygun_t6_sprint_loop,inventory,,,,
4485,xanim,viewmodel_raygun_t6_sprint_out,inventory,,,,
4486,xanim,viewmodel_raygun_t6_crawl_in,inventory,,,,
4487,xanim,viewmodel_raygun_t6_crawl_forward,inventory,,,,
4488,xanim,viewmodel_raygun_t6_crawl_back,inventory,,,,
4489,xanim,viewmodel_raygun_t6_crawl_right,inventory,,,,
4490,xanim,viewmodel_raygun_t6_crawl_left,inventory,,,,
4491,xanim,viewmodel_raygun_t6_crawl_out,inventory,,,,
4492,xanim,viewmodel_raygun_t6_d2p_in,inventory,,,,
4493,xanim,viewmodel_raygun_t6_d2p_loop,inventory,,,,
4494,xanim,viewmodel_raygun_t6_d2p_out,inventory,,,,
4495,xanim,viewmodel_raygun_t6_ads_up,inventory,,,,
4496,xanim,viewmodel_raygun_t6_ads_down,inventory,,,,
4497,rawfile,rumble/defaultweapon_fire,dumped_embedded,fastfiles/mod/assets/rumble/defaultweapon_fire,163,f8c26e7ac551733b1bcb4296e830cbeaa925ea1397a14e53cea4541359a33317,
4498,rawfile,rumble/defaultweapon_fire_h.rmb,dumped_embedded,fastfiles/mod/assets/rumble/defaultweapon_fire_h.rmb,127,3fe4fc24359e3186bfca66b570d5a1dcf02e2d8412f14a427ceac70764dee6e8,
4499,rawfile,rumble/defaultweapon_fire_l.rmb,dumped_embedded,fastfiles/mod/assets/rumble/defaultweapon_fire_l.rmb,82,c8c4c16f89a2d69e55a8a34bcef3230e07f0e0aa4114ea7477431afebcf8d18b,
4500,weapon,ray_gun_zm,inventory,,,,
4501,fx,weapon/muzzleflashes/fx_raygun_ug_view,inventory,,,,
4502,fx,weapon/muzzleflashes/fx_raygun_ug_world,inventory,,,,
4503,fx,misc/fx_exp_raygun_ug_impact,inventory,,,,
4504,fx,misc/fx_trail_raygun_ug_ring_emit,inventory,,,,
4505,fx,misc/fx_trail_raygun_ug_geotrail,inventory,,,,
4506,weapon,ray_gun_upgraded_zm,inventory,,,,
4507,xmodel,t6_wpn_smg_peacekeeper_view,inventory,,,,
4508,xanim,viewmodel_peacekeeper_idle,inventory,,,,
4509,xanim,viewmodel_peacekeeper_fire,inventory,,,,
4510,xanim,viewmodel_peacekeeper_first_raise,inventory,,,,
4511,xanim,viewmodel_peacekeeper_reload,inventory,,,,
4512,xanim,viewmodel_peacekeeper_reload_empty,inventory,,,,
4513,xanim,viewmodel_peacekeeper_pullout,inventory,,,,
4514,xanim,viewmodel_peacekeeper_putaway,inventory,,,,
4515,xanim,viewmodel_peacekeeper_pullout_quick,inventory,,,,
4516,xanim,viewmodel_peacekeeper_putaway_quick,inventory,,,,
4517,xanim,viewmodel_peacekeeper_sprint_in,inventory,,,,
4518,xanim,viewmodel_peacekeeper_sprint_loop,inventory,,,,
4519,xanim,viewmodel_peacekeeper_sprint_out,inventory,,,,
4520,xanim,viewmodel_peacekeeper_crawl_in,inventory,,,,
4521,xanim,viewmodel_peacekeeper_crawl_forward,inventory,,,,
4522,xanim,viewmodel_peacekeeper_crawl_back,inventory,,,,
4523,xanim,viewmodel_peacekeeper_crawl_right,inventory,,,,
4524,xanim,viewmodel_peacekeeper_crawl_left,inventory,,,,
4525,xanim,viewmodel_peacekeeper_crawl_out,inventory,,,,
4526,xanim,viewmodel_peacekeeper_ads_fire,inventory,,,,
4527,xanim,viewmodel_peacekeeper_ads_up,inventory,,,,
4528,xanim,viewmodel_peacekeeper_ads_down,inventory,,,,
4529,xanim,viewmodel_peacekeeper_d2p_in,inventory,,,,
4530,xanim,viewmodel_peacekeeper_d2p_loop,inventory,,,,
4531,xanim,viewmodel_peacekeeper_d2p_out,inventory,,,,
4532,xmodel,t6_wpn_smg_peacekeeper_world,inventory,,,,
4533,xmodel,t6_attach_mag_peacekeeper_view,inventory,,,,
4534,xmodel,t6_attach_mag_peacekeeper_world,inventory,,,,
4535,image,menu_mp_weapons_pm,inventory,,,,
4536,material,menu_mp_weapons_pm,inventory,,,,
4537,weapon,peacekeeper_zm,inventory,,,,
4538,attachmentunique,au_peacekeeper_none,inventory,,,,
4539,xanim,viewmodel_peacekeeper_grip_idle,inventory,,,,
4540,xanim,viewmodel_peacekeeper_grip_fire,inventory,,,,
4541,xanim,viewmodel_peacekeeper_grip_reload,inventory,,,,
4542,xanim,viewmodel_peacekeeper_grip_reload_empty,inventory,,,,
4543,xanim,viewmodel_peacekeeper_grip_pullout,inventory,,,,
4544,xanim,viewmodel_peacekeeper_grip_first_raise,inventory,,,,
4545,xanim,viewmodel_peacekeeper_grip_putaway,inventory,,,,
4546,xanim,viewmodel_peacekeeper_grip_pullout_quick,inventory,,,,
4547,xanim,viewmodel_peacekeeper_grip_putaway_quick,inventory,,,,
4548,xanim,viewmodel_peacekeeper_grip_sprint_in,inventory,,,,
4549,xanim,viewmodel_peacekeeper_grip_sprint_loop,inventory,,,,
4550,xanim,viewmodel_peacekeeper_grip_sprint_out,inventory,,,,
4551,xanim,viewmodel_peacekeeper_grip_crawl_in,inventory,,,,
4552,xanim,viewmodel_peacekeeper_grip_crawl_forward,inventory,,,,
4553,xanim,viewmodel_peacekeeper_grip_crawl_back,inventory,,,,
4554,xanim,viewmodel_peacekeeper_grip_crawl_right,inventory,,,,
4555,xanim,viewmodel_peacekeeper_grip_crawl_left,inventory,,,,
4556,xanim,viewmodel_peacekeeper_grip_crawl_out,inventory,,,,
4557,xanim,viewmodel_peacekeeper_grip_ads_fire,inventory,,,,
4558,xanim,viewmodel_peacekeeper_grip_d2p_in,inventory,,,,
4559,xanim,viewmodel_peacekeeper_grip_d2p_loop,inventory,,,,
4560,xanim,viewmodel_peacekeeper_grip_d2p_out,inventory,,,,
4561,xanim,viewmodel_peacekeeper_grip_ads_up,inventory,,,,
4562,xanim,viewmodel_peacekeeper_grip_ads_down,inventory,,,,
4563,attachmentunique,au_peacekeeper_grip,inventory,,,,
4564,xanim,viewmodel_peacekeeper_reflex_ads_up,inventory,,,,
4565,xanim,viewmodel_peacekeeper_reflex_ads_down,inventory,,,,
4566,attachmentunique,au_peacekeeper_reflex,inventory,,,,
4567,weapon,peacekeeper_upgraded_zm,inventory,,,,
4568,image,fxt_fire_gas_flash_blue,inventory,,,,
4569,material,gfx_fxt_gas_flash_blue_z0_blnd,inventory,,,,
4570,fx,weapon/muzzleflashes/fx_muz_sm_gas_flash_1p_blue,inventory,,,,
4571,fx,weapon/muzzleflashes/fx_muz_break_md_6_star,inventory,,,,
4572,fx,weapon/muzzleflashes/fx_muz_smg_flash_1p_6_star_mb,inventory,,,,
4573,material,gfx_fxt_gas_flash_blue_z0,inventory,,,,
4574,fx,weapon/muzzleflashes/fx_muz_md_gas_flash_3p_6_star,inventory,,,,
4575,xanim,viewmodel_peacekeeper_mms_first_raise,inventory,,,,
4576,xanim,viewmodel_peacekeeper_mms_ads_down,inventory,,,,
4577,xanim,viewmodel_peacekeeper_rangefinder_ads_fire,inventory,,,,
4578,xanim,viewmodel_peacekeeper_mms_ads_up,inventory,,,,
4579,xanim,viewmodel_peacekeeper_grip_select_fire_in,inventory,,,,
4580,xanim,viewmodel_peacekeeper_grip_select_fire_out,inventory,,,,
4581,xanim,viewmodel_peacekeeper_rangefinder_ads_down,inventory,,,,
4582,xanim,viewmodel_peacekeeper_grip_rangefinder_ads_fire,inventory,,,,
4583,xanim,viewmodel_peacekeeper_rangefinder_ads_up,inventory,,,,
4584,xmodel,t6_attach_fastmag_peacekeeper_view,inventory,,,,
4585,xmodel,t6_attach_fastmag_peacekeeper_world,inventory,,,,
4586,xanim,viewmodel_peacekeeper_fastmag,inventory,,,,
4587,xanim,viewmodel_peacekeeper_fastmag_empty_quick,inventory,,,,
4588,xanim,viewmodel_peacekeeper_fastmag_empty,inventory,,,,
4589,xanim,viewmodel_peacekeeper_fastmag_quick,inventory,,,,
4590,xanim,viewmodel_peacekeeper_eotech_ads_up,inventory,,,,
4591,xanim,viewmodel_peacekeeper_eotech_ads_down,inventory,,,,
4592,xanim,viewmodel_peacekeeper_select_fire_out,inventory,,,,
4593,xanim,viewmodel_peacekeeper_select_fire_in,inventory,,,,
4594,xanim,viewmodel_peacekeeper_dbal_first_raise,inventory,,,,
4595,xanim,viewmodel_peacekeeper_grip_fastmag,inventory,,,,
4596,xanim,viewmodel_peacekeeper_grip_fastmag_empty_quick,inventory,,,,
4597,xanim,viewmodel_peacekeeper_grip_fastmag_empty,inventory,,,,
4598,xanim,viewmodel_peacekeeper_grip_fastmag_quick,inventory,,,,
4599,attachmentunique,au_peacekeeper_mms,inventory,,,,
4600,attachmentunique,au_peacekeeper_rangefinder,inventory,,,,
4601,xmodel,t6_wpn_ar_galil_view,inventory,,,,
4602,xanim,viewmodel_galil_t6_idle,inventory,,,,
4603,xanim,viewmodel_galil_t6_fire,inventory,,,,
4604,xanim,viewmodel_galil_t6_reload,inventory,,,,
4605,xanim,viewmodel_galil_t6_reload_empty,inventory,,,,
4606,xanim,viewmodel_galil_t6_pullout,inventory,,,,
4607,xanim,viewmodel_galil_t6_putaway,inventory,,,,
4608,xanim,viewmodel_galil_t6_first_raise,inventory,,,,
4609,xanim,viewmodel_galil_t6_pullout_quick,inventory,,,,
4610,xanim,viewmodel_galil_t6_putaway_quick,inventory,,,,
4611,xanim,viewmodel_galil_t6_sprint_in,inventory,,,,
4612,xanim,viewmodel_galil_t6_sprint_loop,inventory,,,,
4613,xanim,viewmodel_galil_t6_sprint_out,inventory,,,,
4614,xanim,viewmodel_galil_t6_crawl_in,inventory,,,,
4615,xanim,viewmodel_galil_t6_crawl_forward,inventory,,,,
4616,xanim,viewmodel_galil_t6_crawl_back,inventory,,,,
4617,xanim,viewmodel_galil_t6_crawl_right,inventory,,,,
4618,xanim,viewmodel_galil_t6_crawl_left,inventory,,,,
4619,xanim,viewmodel_galil_t6_crawl_out,inventory,,,,
4620,xanim,viewmodel_galil_t6_ads_fire,inventory,,,,
4621,xanim,viewmodel_galil_t6_ads_up,inventory,,,,
4622,xanim,viewmodel_galil_t6_ads_down,inventory,,,,
4623,xanim,viewmodel_galil_t6_d2p_in,inventory,,,,
4624,xanim,viewmodel_galil_t6_d2p_loop,inventory,,,,
4625,xanim,viewmodel_galil_t6_d2p_out,inventory,,,,
4626,xmodel,t6_wpn_ar_galil_world,inventory,,,,
4627,xmodel,t6_attach_mag_galil_view,inventory,,,,
4628,xmodel,t6_attach_mag_galil_world,inventory,,,,
4629,image,menu_mp_weapons_galil,inventory,,,,
4630,material,menu_mp_weapons_galil,inventory,,,,
4631,weapon,galil_zm,inventory,,,,
4632,xanim,viewmodel_galil_t6_reflex_ads_up,inventory,,,,
4633,xanim,viewmodel_galil_t6_reflex_ads_down,inventory,,,,
4634,attachmentunique,au_galil_none,inventory,,,,
4635,material,mc/mtl_t6_attach_optic_aimpoint_lens,inventory,,,,
4636,xmodel,t6_attach_optic_aimpoint_view,inventory,,,,
4637,xmodel,t6_attach_optic_aimpoint_world,inventory,,,,
4638,attachmentunique,au_galil_reflex,inventory,,,,
4639,weapon,galil_upgraded_zm,inventory,,,,
4640,image,~~-gmtl_t6_wpn_ar_m14_spc-rgb~bcbd7c6b,inventory,,,,
4641,image,mtl_t6_wpn_ar_m14_nml,inventory,,,,
4642,image,~mtl_t6_wpn_ar_m14_ao-l&mtl_t~fccda477,inventory,,,,
4643,image,~-gmtl_t6_wpn_ar_m14_col,inventory,,,,
4644,material,mc/mtl_t6_wpn_ar_m14,inventory,,,,
4645,image,~$black-rgb&~-rmtl_t5_weapon_~7891ff29,inventory,,,,
4646,image,mtl_t5_weapon_m14_rail_n,inventory,,,,
4647,image,~$white-l&mtl_t5_weapon_m14_e~40a7c6c3,inventory,,,,
4648,image,~-gmtl_t5_weapon_m14_rail_c,inventory,,,,
4649,material,mc/mtl_weapon_m14_scope_rail,inventory,,,,
4650,material,mc/mtl_t6_wpn_ar_m14_2,inventory,,,,
4651,material,mc/mtl_t6_wpn_ar_m14_3,inventory,,,,
4652,xmodel,t6_wpn_ar_m14_view,inventory,,,,
4653,xanim,viewmodel_m14_idle_loop,inventory,,,,
4654,xanim,viewmodel_m14_fire,inventory,,,,
4655,xanim,viewmodel_m14_last_shot,inventory,,,,
4656,xanim,viewmodel_m14_reload,inventory,,,,
4657,xanim,viewmodel_m14_reload_empty,inventory,,,,
4658,xanim,viewmodel_m14_pullout,inventory,,,,
4659,xanim,viewmodel_m14_putaway,inventory,,,,
4660,xanim,viewmodel_m14_first_raise,inventory,,,,
4661,xanim,viewmodel_m14_pullout_quick,inventory,,,,
4662,xanim,viewmodel_m14_putaway_quick,inventory,,,,
4663,xanim,viewmodel_m14_sprint_in,inventory,,,,
4664,xanim,viewmodel_m14_sprint_loop,inventory,,,,
4665,xanim,viewmodel_m14_sprint_out,inventory,,,,
4666,xanim,viewmodel_m14_crawl_in,inventory,,,,
4667,xanim,viewmodel_m14_crawl_forward,inventory,,,,
4668,xanim,viewmodel_m14_crawl_back,inventory,,,,
4669,xanim,viewmodel_m14_crawl_right,inventory,,,,
4670,xanim,viewmodel_m14_crawl_left,inventory,,,,
4671,xanim,viewmodel_m14_crawl_out,inventory,,,,
4672,xanim,viewmodel_m14_ads_fire,inventory,,,,
4673,xanim,viewmodel_m14_ads_up,inventory,,,,
4674,xanim,viewmodel_m14_ads_down,inventory,,,,
4675,xanim,viewmodel_m14_d2p_in,inventory,,,,
4676,xanim,viewmodel_m14_d2p_loop,inventory,,,,
4677,xanim,viewmodel_m14_d2p_out,inventory,,,,
4678,xmodel,t6_wpn_ar_m14_world,inventory,,,,
4679,xmodel,t6_attach_mag_m14_view,inventory,,,,
4680,xmodel,t6_attach_mag_m14_world,inventory,,,,
4681,image,hud_m14,inventory,,,,
4682,material,hud_icon_m14,inventory,,,,
4683,camo,camo_m14,inventory,,,,
4684,weapon,m14_zm,inventory,,,,
4685,xanim,viewmodel_m14_grip_idle_loop,inventory,,,,
4686,xanim,viewmodel_m14_grip_idle_loop_empty,inventory,,,,
4687,xanim,viewmodel_m14_grip_fire,inventory,,,,
4688,xanim,viewmodel_m14_grip_last_shot,inventory,,,,
4689,xanim,viewmodel_m14_grip_reload,inventory,,,,
4690,xanim,viewmodel_m14_grip_reload_empty,inventory,,,,
4691,xanim,viewmodel_m14_grip_pullout,inventory,,,,
4692,xanim,viewmodel_m14_grip_putaway,inventory,,,,
4693,xanim,viewmodel_m14_grip_first_raise,inventory,,,,
4694,xanim,viewmodel_m14_grip_pullout_quick,inventory,,,,
4695,xanim,viewmodel_m14_grip_putaway_quick,inventory,,,,
4696,xanim,viewmodel_m14_grip_pullout_empty,inventory,,,,
4697,xanim,viewmodel_m14_grip_putaway_empty,inventory,,,,
4698,xanim,viewmodel_m14_grip_sprint_in,inventory,,,,
4699,xanim,viewmodel_m14_grip_sprint_loop,inventory,,,,
4700,xanim,viewmodel_m14_grip_sprint_out,inventory,,,,
4701,xanim,viewmodel_m14_grip_sprint_in_empty,inventory,,,,
4702,xanim,viewmodel_m14_grip_sprint_loop_empty,inventory,,,,
4703,xanim,viewmodel_m14_grip_sprint_out_empty,inventory,,,,
4704,xanim,viewmodel_m14_grip_crawl_in,inventory,,,,
4705,xanim,viewmodel_m14_grip_crawl_forward,inventory,,,,
4706,xanim,viewmodel_m14_grip_crawl_back,inventory,,,,
4707,xanim,viewmodel_m14_grip_crawl_right,inventory,,,,
4708,xanim,viewmodel_m14_grip_crawl_left,inventory,,,,
4709,xanim,viewmodel_m14_grip_crawl_out,inventory,,,,
4710,xanim,viewmodel_m14_grip_crawl_in_empty,inventory,,,,
4711,xanim,viewmodel_m14_grip_crawl_forward_empty,inventory,,,,
4712,xanim,viewmodel_m14_grip_crawl_back_empty,inventory,,,,
4713,xanim,viewmodel_m14_grip_crawl_right_empty,inventory,,,,
4714,xanim,viewmodel_m14_grip_crawl_left_empty,inventory,,,,
4715,xanim,viewmodel_m14_grip_crawl_out_empty,inventory,,,,
4716,xanim,viewmodel_m14_grip_ads_fire,inventory,,,,
4717,xanim,viewmodel_m14_grip_ads_up,inventory,,,,
4718,xanim,viewmodel_m14_grip_ads_down,inventory,,,,
4719,xanim,viewmodel_m14_grip_d2p_in,inventory,,,,
4720,xanim,viewmodel_m14_grip_d2p_loop,inventory,,,,
4721,xanim,viewmodel_m14_grip_d2p_out,inventory,,,,
4722,xanim,viewmodel_m14_grip_d2p_in_empty,inventory,,,,
4723,xanim,viewmodel_m14_grip_d2p_loop_empty,inventory,,,,
4724,xanim,viewmodel_m14_grip_d2p_out_empty,inventory,,,,
4725,weapon,m14_upgraded_zm,inventory,,,,
4726,material,mc/mtl_t6_wpn_zmb_raygun2_1,inventory,,,,
4727,image,~-gmtl_t6_wpn_zmb_raygun2_reveal2,inventory,,,,
4728,image,~~-gmtl_t6_wpn_zmb_raygun2_sp~e590b3b4,inventory,,,,
4729,image,mtl_t6_wpn_zmb_raygun2_nml2,inventory,,,,
4730,image,mtl_t6_wpn_zmb_raygun2_glow2,inventory,,,,
4731,image,~-gmtl_t6_wpn_zmb_raygun2_col2,inventory,,,,
4732,image,~mtl_t6_wpn_zmb_raygun2_ir2-r~b7f8c561,inventory,,,,
4733,material,mc/mtl_t6_wpn_zmb_raygun2_2_thermal,inventory,,,,
4734,material,mc/mtl_t6_wpn_zmb_raygun2_2,inventory,,,,
4735,image,~~-gmtl_t6_wpn_zmb_raygun2_sp~d08ddfc9,inventory,,,,
4736,image,mtl_t6_wpn_zmb_raygun2_nml3,inventory,,,,
4737,image,~-gmtl_t6_wpn_zmb_raygun2_col3,inventory,,,,
4738,image,~mtl_t6_wpn_zmb_raygun2_ir3-r~86f781b6,inventory,,,,
4739,material,mc/mtl_t6_wpn_zmb_raygun2_3_thermal,inventory,,,,
4740,material,mc/mtl_t6_wpn_zmb_raygun2_3,inventory,,,,
4741,xmodel,t6_wpn_zmb_raygun2_view,inventory,,,,
4742,xanim,viewmodel_raygun_mk2_idle,inventory,,,,
4743,xanim,viewmodel_raygun_mk2_fire,inventory,,,,
4744,xanim,viewmodel_raygun_mk2_reload_empty,inventory,,,,
4745,xanim,viewmodel_raygun_mk2_pullout,inventory,,,,
4746,xanim,viewmodel_raygun_mk2_putaway,inventory,,,,
4747,xanim,viewmodel_raygun_mk2_first_raise,inventory,,,,
4748,xanim,viewmodel_raygun_mk2_pullout_quick,inventory,,,,
4749,xanim,viewmodel_raygun_mk2_sprint_in,inventory,,,,
4750,xanim,viewmodel_raygun_mk2_sprint_loop,inventory,,,,
4751,xanim,viewmodel_raygun_mk2_sprint_out,inventory,,,,
4752,xanim,viewmodel_raygun_mk2_crawl_in,inventory,,,,
4753,xanim,viewmodel_raygun_mk2_crawl_forward,inventory,,,,
4754,xanim,viewmodel_raygun_mk2_crawl_back,inventory,,,,
4755,xanim,viewmodel_raygun_mk2_crawl_right,inventory,,,,
4756,xanim,viewmodel_raygun_mk2_crawl_left,inventory,,,,
4757,xanim,viewmodel_raygun_mk2_crawl_out,inventory,,,,
4758,xanim,viewmodel_raygun_mk2_ads_fire,inventory,,,,
4759,xanim,viewmodel_raygun_mk2_ads_up,inventory,,,,
4760,xanim,viewmodel_raygun_mk2_ads_down,inventory,,,,
4761,xanim,viewmodel_raygun_mk2_d2p_in,inventory,,,,
4762,xanim,viewmodel_raygun_mk2_d2p_loop,inventory,,,,
4763,xanim,viewmodel_raygun_mk2_d2p_out,inventory,,,,
4764,fx,weapon/raygun2/fx_zm_raygun2_view,inventory,,,,
4765,material,gfx_fxt_gas_flash_eo2_z2,inventory,,,,
4766,fx,weapon/raygun2/fx_zm_raygun2_world,inventory,,,,
4767,techniqueset,mc_lit_sm_t0c0n0s0_f933q84u,inventory,,,,
4768,image,~~-gmtl_t6_wpn_zmb_raygun2_sp~3f02d73b,inventory,,,,
4769,material,mc/mtl_t6_wpn_zmb_raygun2_3_world,inventory,,,,
4770,xmodel,t6_wpn_zmb_raygun2_world,inventory,,,,
4771,image,menu_zm_weapons_raygun_mark2,inventory,,,,
4772,material,menu_zm_weapons_raygun_mark2,inventory,,,,
4773,fx,weapon/raygun2/fx_zm_raygun2_impact,inventory,,,,
4774,fx,weapon/raygun2/fx_zm_raygun2_impact_flesh,inventory,,,,
4775,fx,weapon/raygun2/fx_zm_raygun2_bolt_emit,inventory,,,,
4776,weapon,raygun_mark2_zm,inventory,,,,
4777,image,mtl_t6_wpn_zmb_raygun2_glow2_upg,inventory,,,,
4778,material,mc/mtl_t6_wpn_zmb_raygun2_2_upg,inventory,,,,
4779,xmodel,t6_wpn_zmb_raygun2_upg_view,inventory,,,,
4780,xmodel,t6_wpn_zmb_raygun2_upg_world,inventory,,,,
4781,weapon,raygun_mark2_upgraded_zm,inventory,,,,
4782,image,~~-gmtl_t6_wpn_pistol_fivesev~3f59e01b,inventory,,,,
4783,image,mtl_t6_wpn_pistol_fiveseven_n,inventory,,,,
4784,image,~mtl_t6_wpn_pistol_fiveseven_~b6b6fc78,inventory,,,,
4785,image,~-gmtl_t6_wpn_pistol_fiveseven_c,inventory,,,,
4786,image,~mtl_t6_wpn_pistol_fiveseven_~d46e0a38,inventory,,,,
4787,material,mc/mtl_t6_wpn_pistol_fiveseven_thermal,inventory,,,,
4788,material,mc/mtl_t6_wpn_pistol_fiveseven_camo1,inventory,,,,
4789,material,mc/mtl_t6_wpn_pistol_fiveseven_camo2,inventory,,,,
4790,material,mc/mtl_t6_wpn_pistol_fiveseven_camo3,inventory,,,,
4791,xmodel,t6_wpn_pistol_fiveseven_view,inventory,,,,
4792,xmodel,t6_wpn_pistol_fiveseven_world,inventory,,,,
4793,camo,camo_fiveseven,inventory,,,,
4794,xanim,viewmodel_fn57_idle,inventory,,,,
4795,xanim,viewmodel_fn57_idle_empty,inventory,,,,
4796,xanim,viewmodel_fn57_fire,inventory,,,,
4797,xanim,viewmodel_fn57_lastshot,inventory,,,,
4798,xanim,viewmodel_fn57_tactical_melee,inventory,,,,
4799,xanim,viewmodel_fn57_tactical_melee_empty,inventory,,,,
4800,xanim,viewmodel_fn57_reload,inventory,,,,
4801,xanim,viewmodel_fn57_reload_empty,inventory,,,,
4802,xanim,viewmodel_fn57_pullout,inventory,,,,
4803,xanim,viewmodel_fn57_first_raise,inventory,,,,
4804,xanim,viewmodel_fn57_putaway,inventory,,,,
4805,xanim,viewmodel_fn57_pullout_empty,inventory,,,,
4806,xanim,viewmodel_fn57_putaway_empty,inventory,,,,
4807,xanim,viewmodel_fn57_sprint_in,inventory,,,,
4808,xanim,viewmodel_fn57_sprint_loop,inventory,,,,
4809,xanim,viewmodel_fn57_sprint_out,inventory,,,,
4810,xanim,viewmodel_fn57_sprint_in_empty,inventory,,,,
4811,xanim,viewmodel_fn57_sprint_loop_empty,inventory,,,,
4812,xanim,viewmodel_fn57_sprint_out_empty,inventory,,,,
4813,xanim,viewmodel_fn57_crawl_in,inventory,,,,
4814,xanim,viewmodel_fn57_crawl_forward,inventory,,,,
4815,xanim,viewmodel_fn57_crawl_back,inventory,,,,
4816,xanim,viewmodel_fn57_crawl_right,inventory,,,,
4817,xanim,viewmodel_fn57_crawl_left,inventory,,,,
4818,xanim,viewmodel_fn57_crawl_out,inventory,,,,
4819,xanim,viewmodel_fn57_crawl_in_empty,inventory,,,,
4820,xanim,viewmodel_fn57_crawl_forward_empty,inventory,,,,
4821,xanim,viewmodel_fn57_crawl_back_empty,inventory,,,,
4822,xanim,viewmodel_fn57_crawl_right_empty,inventory,,,,
4823,xanim,viewmodel_fn57_crawl_left_empty,inventory,,,,
4824,xanim,viewmodel_fn57_crawl_out_empty,inventory,,,,
4825,xanim,viewmodel_fn57_ads_fire,inventory,,,,
4826,xanim,viewmodel_fn57_d2p_in,inventory,,,,
4827,xanim,viewmodel_fn57_d2p_loop,inventory,,,,
4828,xanim,viewmodel_fn57_d2p_out,inventory,,,,
4829,xanim,viewmodel_fn57_d2p_in_empty,inventory,,,,
4830,xanim,viewmodel_fn57_d2p_loop_empty,inventory,,,,
4831,xanim,viewmodel_fn57_d2p_out_empty,inventory,,,,
4832,xanim,viewmodel_fn57_ads_up,inventory,,,,
4833,xanim,viewmodel_fn57_ads_down,inventory,,,,
4834,image,menu_mp_weapons_five_seven,inventory,,,,
4835,material,menu_mp_weapons_five_seven,inventory,,,,
4836,attachmentunique,au_fiveseven_none,inventory,,,,
4837,xanim,viewmodel_fn57_fastmag,inventory,,,,
4838,xanim,viewmodel_fn57_fastmag_empty,inventory,,,,
4839,attachmentunique,au_fiveseven_dualclip,inventory,,,,
4840,weapon,fiveseven_zm,inventory,,,,
4841,weapon,fiveseven_upgraded_zm,inventory,,,,
4842,xanim,viewmodel_fn57_dw_right_idle,inventory,,,,
4843,xanim,viewmodel_fn57_dw_right_idle_empty,inventory,,,,
4844,xanim,viewmodel_fn57_dw_right_fire,inventory,,,,
4845,xanim,viewmodel_fn57_dw_right_lastshot,inventory,,,,
4846,xanim,viewmodel_fn57_dw_right_reload,inventory,,,,
4847,xanim,viewmodel_fn57_dw_right_reload_empty,inventory,,,,
4848,xanim,viewmodel_fn57_dw_pullout,inventory,,,,
4849,xanim,viewmodel_fn57_dw_first_raise,inventory,,,,
4850,xanim,viewmodel_fn57_dw_putaway,inventory,,,,
4851,xanim,viewmodel_fn57_dw_pullout_empty,inventory,,,,
4852,xanim,viewmodel_fn57_dw_putaway_empty,inventory,,,,
4853,xanim,viewmodel_fn57_dw_sprint_in,inventory,,,,
4854,xanim,viewmodel_fn57_dw_sprint_loop,inventory,,,,
4855,xanim,viewmodel_fn57_dw_sprint_out,inventory,,,,
4856,xanim,viewmodel_fn57_dw_sprint_in_empty,inventory,,,,
4857,xanim,viewmodel_fn57_dw_sprint_loop_empty,inventory,,,,
4858,xanim,viewmodel_fn57_dw_sprint_out_empty,inventory,,,,
4859,xanim,viewmodel_fn57_dw_crawl_in,inventory,,,,
4860,xanim,viewmodel_fn57_dw_crawl_forward,inventory,,,,
4861,xanim,viewmodel_fn57_dw_crawl_back,inventory,,,,
4862,xanim,viewmodel_fn57_dw_crawl_right,inventory,,,,
4863,xanim,viewmodel_fn57_dw_crawl_left,inventory,,,,
4864,xanim,viewmodel_fn57_dw_crawl_out,inventory,,,,
4865,xanim,viewmodel_fn57_dw_crawl_in_empty,inventory,,,,
4866,xanim,viewmodel_fn57_dw_crawl_forward_empty,inventory,,,,
4867,xanim,viewmodel_fn57_dw_crawl_back_empty,inventory,,,,
4868,xanim,viewmodel_fn57_dw_crawl_right_empty,inventory,,,,
4869,xanim,viewmodel_fn57_dw_crawl_left_empty,inventory,,,,
4870,xanim,viewmodel_fn57_dw_crawl_out_empty,inventory,,,,
4871,xanim,viewmodel_fn57_dw_d2p_in,inventory,,,,
4872,xanim,viewmodel_fn57_dw_d2p_loop,inventory,,,,
4873,xanim,viewmodel_fn57_dw_d2p_out,inventory,,,,
4874,xanim,viewmodel_fn57_dw_d2p_in_empty,inventory,,,,
4875,xanim,viewmodel_fn57_dw_d2p_loop_empty,inventory,,,,
4876,xanim,viewmodel_fn57_dw_d2p_out_empty,inventory,,,,
4877,xanim,viewmodel_fn57_dw_ads_up,inventory,,,,
4878,xanim,viewmodel_fn57_dw_ads_down,inventory,,,,
4879,weapon,fivesevendw_zm,inventory,,,,
4880,weapon,fivesevendw_upgraded_zm,inventory,,,,
4881,xmodel,t6_wpn_pistol_fiveseven_view_lh,inventory,,,,
4882,xmodel,t6_wpn_pistol_fiveseven_world_lh,inventory,,,,
4883,xanim,viewmodel_fn57_dw_left_idle,inventory,,,,
4884,xanim,viewmodel_fn57_dw_left_fire,inventory,,,,
4885,xanim,viewmodel_fn57_dw_left_lastshot,inventory,,,,
4886,xanim,viewmodel_fn57_dw_left_idle_empty,inventory,,,,
4887,xanim,viewmodel_fn57_dw_left_reload_empty,inventory,,,,
4888,xanim,viewmodel_fn57_dw_left_reload,inventory,,,,
4889,weapon,fivesevenlh_zm,inventory,,,,
4890,weapon,fivesevenlh_upgraded_zm,inventory,,,,
4891,image,~~-gmtl_t6_wpn_zmb_staff_spc-~d815a95d,inventory,,,,
4892,image,mtl_t6_wpn_zmb_staff_nml,inventory,,,,
4893,image,~-gmtl_t6_wpn_zmb_staff_col,inventory,,,,
4894,material,mc/mtl_t6_wpn_zmb_staff,inventory,,,,
4895,image,~~-gmtl_t6_wpn_zmb_staff_upg_~252b2cb3,inventory,,,,
4896,image,mtl_t6_wpn_zmb_staff_upg_nml,inventory,,,,
4897,image,~-gmtl_t6_wpn_zmb_staff_upg_col,inventory,,,,
4898,material,mc/mtl_t6_wpn_zmb_staff_upg,inventory,,,,
4899,image,~~-gmtl_t6_wpn_zmb_staff_tip_~c15c5c85,inventory,,,,
4900,image,mtl_t6_wpn_zmb_staff_tip_nml,inventory,,,,
4901,image,~-gmtl_t6_wpn_zmb_staff_tip_col,inventory,,,,
4902,material,mc/mtl_t6_wpn_zmb_staff_tips,inventory,,,,
4903,image,~~-gmtl_t6_wpn_zmb_staff_revi~3cb0a7c4,inventory,,,,
4904,image,mtl_t6_wpn_zmb_staff_revive_nml,inventory,,,,
4905,image,~-gmtl_t6_wpn_zmb_staff_revive_col,inventory,,,,
4906,material,mc/mtl_t6_wpn_zmb_staff_revive,inventory,,,,
4907,techniqueset,mc_sw4_3d_wpn_zmb_staff_3layer_94jz2ff5,inventory,,,,
4908,image,~-gmtl_t6_wpn_zmb_staff_cryst~3ab5340d,inventory,,,,
4909,image,~-gmtl_t6_wpn_zmb_staff_crystal_e_on,inventory,,,,
4910,image,~-gmtl_t6_wpn_zmb_staff_crystal_col2,inventory,,,,
4911,image,~-gmtl_t6_wpn_zmb_staff_cryst~39fee0e0,inventory,,,,
4912,material,mc/mtl_t6_wpn_zmb_staff_crystal_air,inventory,,,,
4913,material,mc/mtl_t6_wpn_zmb_staff_crystal_bolt,inventory,,,,
4914,material,mc/mtl_t6_wpn_zmb_staff_crystal_fire,inventory,,,,
4915,material,mc/mtl_t6_wpn_zmb_staff_crystal_water,inventory,,,,
4916,image,~-gmtl_t6_wpn_zmb_staff_crystal_air_e,inventory,,,,
4917,image,~-gmtl_t6_wpn_zmb_staff_cryst~0f30e2b4,inventory,,,,
4918,image,~-gmtl_t6_wpn_zmb_staff_cryst~2cb44daa,inventory,,,,
4919,image,~-gmtl_t6_wpn_zmb_staff_cryst~1993b382,inventory,,,,
4920,material,mc/mtl_t6_wpn_zmb_upg_crystal_air,inventory,,,,
4921,material,mc/mtl_t6_wpn_zmb_upg_crystal_air3,inventory,,,,
4922,image,~-gmtl_t6_wpn_zmb_staff_crystal_bolt_e,inventory,,,,
4923,image,~-gmtl_t6_wpn_zmb_staff_cryst~ad861a34,inventory,,,,
4924,image,~-gmtl_t6_wpn_zmb_staff_cryst~7c73056f,inventory,,,,
4925,image,~-gmtl_t6_wpn_zmb_staff_cryst~20050547,inventory,,,,
4926,material,mc/mtl_t6_wpn_zmb_upg_crystal_bolt,inventory,,,,
4927,material,mc/mtl_t6_wpn_zmb_upg_crystal_bolt3,inventory,,,,
4928,image,~-gmtl_t6_wpn_zmb_staff_cryst~bbaa32de,inventory,,,,
4929,material,mc/mtl_t6_wpn_zmb_upg_crystal_fire,inventory,,,,
4930,material,mc/mtl_t6_wpn_zmb_upg_crystal_fire1,inventory,,,,
4931,material,mc/mtl_t6_wpn_zmb_upg_crystal_fire3,inventory,,,,
4932,image,~-gmtl_t6_wpn_zmb_staff_crystal_wtr_e,inventory,,,,
4933,image,~-gmtl_t6_wpn_zmb_staff_cryst~1d416b62,inventory,,,,
4934,material,mc/mtl_t6_wpn_zmb_upg_crystal_water,inventory,,,,
4935,material,mc/mtl_t6_wpn_zmb_upg_crystal_water3,inventory,,,,
4936,material,mc/mtl_t6_wpn_zmb_upg_pwr_srce_air,inventory,,,,
4937,material,mc/mtl_t6_wpn_zmb_upg_pwr_srce_bolt,inventory,,,,
4938,material,mc/mtl_t6_wpn_zmb_upg_pwr_srce_fire,inventory,,,,
4939,material,mc/mtl_t6_wpn_zmb_upg_pwr_srce_water,inventory,,,,
4940,xmodel,t6_wpn_zmb_staff_view,inventory,,,,
4941,image,fxt_env_snow_flake_cloud_01,inventory,,,,
4942,material,gfx_fxt_env_snow_flake_cloud_01i,inventory,,,,
4943,image,fxt_env_snow_flake_cloud_02,inventory,,,,
4944,material,gfx_fxt_env_snow_flake_cloud_02i,inventory,,,,
4945,image,fxt_env_snow_flake_cloud_03,inventory,,,,
4946,material,gfx_fxt_env_snow_flake_cloud_03i,inventory,,,,
4947,image,fxt_env_snow_flake_cloud_04,inventory,,,,
4948,material,gfx_fxt_env_snow_flake_cloud_04i,inventory,,,,
4949,techniqueset,effect_e3ej38qz,inventory,,,,
4950,image,fxt_light_ray_ribbon,inventory,,,,
4951,material,gfx_fxt_light_ray_ribbon_g_ray_sadd,inventory,,,,
4952,image,fxt_debris_clump_dirt,inventory,,,,
4953,material,gfx_fxt_debris_clump_dirt,inventory,,,,
4954,material,gfx_fxt_fx_distortion_heat,inventory,,,,
4955,image,fxt_debris_heli_rotor_swirl,inventory,,,,
4956,material,gfx_fxt_debris_heli_rotor_swirl_add_ds128,inventory,,,,
4957,material,gfx_fxt_smk_puff_z20,inventory,,,,
4958,image,fxt_lensflare_stripe_white,inventory,,,,
4959,material,gfx_fxt_lensflare_stripe_white,inventory,,,,
4960,fx,weapon/zmb_staff/fx_zmb_staff_air_muz_flash_1p,inventory,,,,
4961,material,gfx_fxt_smk_gen_add,inventory,,,,
4962,image,fxt_smk_def_0,inventory,,,,
4963,material,gfx_fxt_smk_def_0,inventory,,,,
4964,image,fxt_smk_def_1,inventory,,,,
4965,material,gfx_fxt_smk_def_1,inventory,,,,
4966,fx,weapon/zmb_staff/fx_zmb_staff_air_muz_flash_3p,inventory,,,,
4967,xmodel,t6_wpn_zmb_staff_world,inventory,,,,
4968,image,hud_m16a4_grenade,inventory,,,,
4969,material,hud_icon_m16a4_grenade,inventory,,,,
4970,image,~-gmtl_t6_wpn_none_col,inventory,,,,
4971,material,mc/mtl_t6_wpn_none,inventory,,,,
4972,xmodel,tag_flash_none,inventory,,,,
4973,techniqueset,effect_659jf1wu,inventory,,,,
4974,material,gfx_fxt_smk_gen_eo20,inventory,,,,
4975,techniqueset,sw4_3d_superflare_zmb_tomb_air_bolt_15zwwq37,inventory,,,,
4976,image,~sprites_flare_mp_red-r&sprit~a14528f4,inventory,,,,
4977,image,screen_sparkle2_mp,inventory,,,,
4978,material,gfx_fxt_superflare_zmb_tomb_air_bolt,inventory,,,,
4979,image,fxt_env_leaves,inventory,,,,
4980,material,gfx_fxt_env_leaves,inventory,,,,
4981,material,gfx_fxt_debris_fine_clump,inventory,,,,
4982,fx,weapon/zmb_staff/fx_zmb_staff_air_impact_c,inventory,,,,
4983,material,gfx_fxt_light_flare_phosphorous_e60,inventory,,,,
4984,image,fxt_debris_gib_rock,inventory,,,,
4985,material,gfx_fxt_debris_gib_rock,inventory,,,,
4986,material,gfx_fxt_debris_clump_dirt_ds16_top_gr,inventory,,,,
4987,image,fxt_fx_distortion_ring,inventory,,,,
4988,material,gfx_fxt_fx_distortion_ring_heavy,inventory,,,,
4989,techniqueset,particlecloud_j32z635q,inventory,,,,
4990,material,gfx_fxt_env_snow_flake_cloud_01,inventory,,,,
4991,material,gfx_fxt_light_flare_phosphorous_e10_z10,inventory,,,,
4992,fx,weapon/zmb_staff/fx_zmb_staff_air_impact,inventory,,,,
4993,camo,camo_staff,inventory,,,,
4994,xanim,viewmodel_zomb_staff_idle,inventory,,,,
4995,xanim,viewmodel_zomb_staff_fire,inventory,,,,
4996,xanim,viewmodel_zomb_staff_fire_reload,inventory,,,,
4997,xanim,viewmodel_zomb_staff_pullout,inventory,,,,
4998,xanim,viewmodel_z_staff_air_first_raise,inventory,,,,
4999,xanim,viewmodel_zomb_staff_putaway,inventory,,,,
5000,xanim,viewmodel_zomb_staff_pullout_quick,inventory,,,,
5001,xanim,viewmodel_zomb_staff_putaway_quick,inventory,,,,
5002,xanim,viewmodel_zomb_staff_sprint_in,inventory,,,,
5003,xanim,viewmodel_zomb_staff_sprint_loop,inventory,,,,
5004,xanim,viewmodel_zomb_staff_sprint_out,inventory,,,,
5005,xanim,viewmodel_zomb_staff_crawl_in,inventory,,,,
5006,xanim,viewmodel_zomb_staff_crawl_forward,inventory,,,,
5007,xanim,viewmodel_zomb_staff_crawl_back,inventory,,,,
5008,xanim,viewmodel_zomb_staff_crawl_right,inventory,,,,
5009,xanim,viewmodel_zomb_staff_crawl_left,inventory,,,,
5010,xanim,viewmodel_zomb_staff_crawl_out,inventory,,,,
5011,xanim,viewmodel_zomb_staff_ads_fire,inventory,,,,
5012,xanim,viewmodel_zomb_staff_d2p_in,inventory,,,,
5013,xanim,viewmodel_zomb_staff_d2p_loop,inventory,,,,
5014,xanim,viewmodel_zomb_staff_d2p_out,inventory,,,,
5015,xanim,viewmodel_zomb_staff_ads_up,inventory,,,,
5016,xanim,viewmodel_zomb_staff_ads_down,inventory,,,,
5017,xmodel,t6_wpn_zmb_staff_tip_air_view,inventory,,,,
5018,xmodel,t6_wpn_zmb_staff_reload_air_view,inventory,,,,
5019,xmodel,t6_wpn_zmb_staff_crystal_air_view,inventory,,,,
5020,xmodel,t6_wpn_zmb_staff_tip_air_world,inventory,,,,
5021,xmodel,t6_wpn_zmb_staff_reload_air_world,inventory,,,,
5022,xmodel,t6_wpn_zmb_staff_crystal_air_world,inventory,,,,
5023,weapon,staff_air_zm,inventory,,,,
5024,techniqueset,particlecloud_zwwzq468,inventory,,,,
5025,image,fxt_env_water_drip_pcloud_01,inventory,,,,
5026,material,gfx_fxt_env_water_drip_pcloud_01_add_i,inventory,,,,
5027,image,fxt_env_water_drip_pcloud_02,inventory,,,,
5028,material,gfx_fxt_env_water_drip_pcloud_02_add_i,inventory,,,,
5029,image,fxt_env_water_drip_pcloud_03,inventory,,,,
5030,material,gfx_fxt_env_water_drip_pcloud_03_add_i,inventory,,,,
5031,image,fxt_env_water_drip_pcloud_04,inventory,,,,
5032,material,gfx_fxt_env_water_drip_pcloud_04_add_i,inventory,,,,
5033,material,gfx_fxt_env_snow_flake_cloud_01i_add,inventory,,,,
5034,material,gfx_fxt_env_snow_flake_cloud_02i_add,inventory,,,,
5035,material,gfx_fxt_env_snow_flake_cloud_03i_add,inventory,,,,
5036,material,gfx_fxt_env_snow_flake_cloud_04i_add,inventory,,,,
5037,image,fxt_light_flare_star,inventory,,,,
5038,material,gfx_fxt_light_flare_star,inventory,,,,
5039,techniqueset,effect_60e2624u,inventory,,,,
5040,image,fxt_lensflare_diamond,inventory,,,,
5041,material,gfx_fxt_lensflare_diamond,inventory,,,,
5042,image,~~-gmtl_p6_zm_ice_projectile_~e75ff357,inventory,,,,
5043,image,mtl_p6_zm_ice_projectile_n,inventory,,,,
5044,image,~-gmtl_p6_zm_ice_projectile_c,inventory,,,,
5045,material,mc/mtl_p6_zm_tm_staff_projectile_ice,inventory,,,,
5046,xmodel,p6_zm_tm_staff_projectile_ice,inventory,,,,
5047,image,fxt_light_flare,inventory,,,,
5048,material,gfx_fxt_light_flare,inventory,,,,
5049,techniqueset,effect_q01e8072,inventory,,,,
5050,image,fxt_env_water_mist,inventory,,,,
5051,material,gfx_fxt_env_water_mist,inventory,,,,
5052,image,~-gimpact_snow_grenade,inventory,,,,
5053,material,mc/gfx_impact_snow_staff,inventory,,,,
5054,material,wc/gfx_impact_snow_staff,inventory,,,,
5055,techniqueset,mc_lit_sm_b0c0n0s0_21fz2e61,inventory,,,,
5056,image,~~-gdecal_glass01_s-rgb&~-rde~c1152886,inventory,,,,
5057,image,detail_wavy01,inventory,,,,
5058,image,~-gdecal_glass02_c,inventory,,,,
5059,material,mc/dec_glass02,inventory,,,,
5060,physpreset,glass_chunk_small,inventory,,,,
5061,xmodel,fxuse_gp_glass_shard01_mod,inventory,,,,
5062,xmodel,fxuse_gp_glass_shard02_mod,inventory,,,,
5063,xmodel,fxuse_gp_glass_shard03_mod,inventory,,,,
5064,fx,weapon/zmb_staff/fx_zmb_staff_ice_impact_cheap,inventory,,,,
5065,material,gfx_fxt_smk_gen_z200,inventory,,,,
5066,fx,weapon/zmb_staff/fx_zmb_staff_ice_muz_flash_1p,inventory,,,,
5067,fx,weapon/zmb_staff/fx_zmb_staff_ice_impact_cheap_3p,inventory,,,,
5068,material,gfx_fxt_smk_scattered_add,inventory,,,,
5069,material,gfx_fxt_smk_puff_z40_add,inventory,,,,
5070,material,gfx_fxt_smk_gen_add_z800,inventory,,,,
5071,fx,weapon/zmb_staff/fx_zmb_staff_ice_muz_flash_3p,inventory,,,,
5072,image,",fxt_light_flare2",inventory,,,,
5073,material,gfx_fxt_light_flare2_eo2_z2,inventory,,,,
5074,fx,weapon/zmb_staff/fx_zmb_staff_ice_impact,inventory,,,,
5075,xanim,viewmodel_zomb_staff_water_first_raise,inventory,,,,
5076,xmodel,t6_wpn_zmb_staff_tip_water_view,inventory,,,,
5077,xmodel,t6_wpn_zmb_staff_reload_water_view,inventory,,,,
5078,xmodel,t6_wpn_zmb_staff_crystal_water_view,inventory,,,,
5079,xmodel,t6_wpn_zmb_staff_tip_water_world,inventory,,,,
5080,xmodel,t6_wpn_zmb_staff_reload_water_world,inventory,,,,
5081,xmodel,t6_wpn_zmb_staff_crystal_water_world,inventory,,,,
5082,weapon,staff_water_zm,inventory,,,,
5083,image,fxt_env_electric_arc1,inventory,,,,
5084,material,gfx_fxt_env_electric_arc1_add,inventory,,,,
5085,image,fxt_env_electric_arc2,inventory,,,,
5086,material,gfx_fxt_env_electric_arc2_add,inventory,,,,
5087,image,fxt_light_flare_halogen,inventory,,,,
5088,material,gfx_fxt_light_flare_halogen_eo20,inventory,,,,
5089,techniqueset,effect_zeqqz943,inventory,,,,
5090,image,fxt_env_lighting_bolt_ground,inventory,,,,
5091,material,gfx_fxt_env_lightning_bolt_streak,inventory,,,,
5092,fx,weapon/zmb_staff/fx_zmb_staff_elec_muz_flash_1p,inventory,,,,
5093,material,gfx_fxt_light_flare2_eo2,inventory,,,,
5094,fx,weapon/zmb_staff/fx_zmb_staff_elec_muz_flash_3p,inventory,,,,
5095,material,gfx_fxt_env_electric_arc1_add_eo10,inventory,,,,
5096,material,gfx_fxt_env_electric_arc2_add_eo10,inventory,,,,
5097,techniqueset,sw4_3d_superflare_zmb_tomb_elec_bolt_88f30ef4,inventory,,,,
5098,material,gfx_fxt_superflare_zmb_tomb_elec_bolt,inventory,,,,
5099,fx,weapon/zmb_staff/fx_zmb_staff_elec_impact_c,inventory,,,,
5100,image,fxt_light_ray_solid,inventory,,,,
5101,material,gfx_fxt_light_ray_solid,inventory,,,,
5102,material,gfx_fxt_light_flare_phosphorous_eo20_z20,inventory,,,,
5103,image,fxt_env_lighting_back_clouds,inventory,,,,
5104,material,gfx_fxt_env_cloud_exp_add_z40,inventory,,,,
5105,material,gfx_fxt_light_flare_halogen_z200,inventory,,,,
5106,material,gfx_fxt_smk_gen_z80,inventory,,,,
5107,image,fxt_smk_light,inventory,,,,
5108,material,gfx_fxt_smk_light_add,inventory,,,,
5109,image,~-gcrater_blacktop,inventory,,,,
5110,material,mc/gfx_crater_blacktop,inventory,,,,
5111,material,wc/gfx_crater_blacktop,inventory,,,,
5112,image,fxt_spark_pcloud_03,inventory,,,,
5113,material,gfx_fxt_spark_pcloud_03,inventory,,,,
5114,image,fxt_exp_ember_omni,inventory,,,,
5115,material,gfx_fxt_exp_ember_omni_add,inventory,,,,
5116,fx,weapon/zmb_staff/fx_zmb_staff_elec_impact,inventory,,,,
5117,techniqueset,mc_sw4_3d_zm_ice_script_static_blizzard_45q67691,inventory,,,,
5118,image,fxt_electric_tile,inventory,,,,
5119,image,detail_map_scratches_n,inventory,,,,
5120,image,fxt_fire_tile,inventory,,,,
5121,material,mc/mtl_fxuse_sphere_electric_static,inventory,,,,
5122,xmodel,fxuse_sphere_electric_static,inventory,,,,
5123,fx,weapon/zmb_staff/fx_zmb_staff_elec_trail_bolt_c,inventory,,,,
5124,techniqueset,effect_737e1je4,inventory,,,,
5125,image,fxt_env_lightning_bolt_trail2,inventory,,,,
5126,material,gfx_fxt_env_lightning_bolt_trail,inventory,,,,
5127,image,fxt_spark_field,inventory,,,,
5128,material,gfx_fxt_spark_field,inventory,,,,
5129,fx,weapon/zmb_staff/fx_zmb_staff_elec_trail_bolt,inventory,,,,
5130,xanim,viewmodel_z_staff_lightning_first_raise,inventory,,,,
5131,xmodel,t6_wpn_zmb_staff_tip_lightning_view,inventory,,,,
5132,xmodel,t6_wpn_zmb_staff_reload_lightning_view,inventory,,,,
5133,xmodel,t6_wpn_zmb_staff_crystal_bolt_view,inventory,,,,
5134,xmodel,t6_wpn_zmb_staff_tip_lightning_world,inventory,,,,
5135,xmodel,t6_wpn_zmb_staff_reload_bolt_world,inventory,,,,
5136,xmodel,t6_wpn_zmb_staff_crystal_bolt_world,inventory,,,,
5137,weapon,staff_lightning_zm,inventory,,,,
5138,material,gfx_fxt_fire_anim_lick_add_gr,inventory,,,,
5139,fx,weapon/zmb_staff/fx_zmb_staff_fire_muz_flash_1p,inventory,,,,
5140,fx,weapon/zmb_staff/fx_zmb_staff_fire_muz_flash_3p,inventory,,,,
5141,material,gfx_fxt_fire_anim_flicker_1_add_z10,inventory,,,,
5142,techniqueset,sw4_3d_superflare_zmb_tomb_fire_bolt_e2e50f17,inventory,,,,
5143,material,gfx_fxt_superflare_zmb_tomb_fire_bolt,inventory,,,,
5144,fx,weapon/zmb_staff/fx_zmb_staff_fire_impact_c,inventory,,,,
5145,image,fxt_env_dust_mote,inventory,,,,
5146,material,gfx_fxt_env_dust_mote_pcloud_blend,inventory,,,,
5147,image,fxt_spark_pcloud_01,inventory,,,,
5148,material,gfx_fxt_spark_pcloud_01,inventory,,,,
5149,image,fxt_debris_gib_concrete,inventory,,,,
5150,material,gfx_fxt_debris_conc,inventory,,,,
5151,image,fxt_smk_def_2,inventory,,,,
5152,material,gfx_fxt_smk_def_2,inventory,,,,
5153,material,gfx_fxt_debris_clump_dirt_ds16_top,inventory,,,,
5154,image,fxt_smk_tendril,inventory,,,,
5155,material,gfx_fxt_smk_tendril_ds255,inventory,,,,
5156,material,gfx_fxt_smk_puff_ds192,inventory,,,,
5157,material,gfx_fxt_smk_scattered_z120_ds255,inventory,,,,
5158,material,gfx_fxt_debris_heli_rotor_swirl_ds192,inventory,,,,
5159,techniqueset,effect_j2z83wz5,inventory,,,,
5160,material,gfx_fxt_light_flare_halogen_eo15_z20,inventory,,,,
5161,fx,weapon/zmb_staff/fx_zmb_staff_fire_impact,inventory,,,,
5162,image,fxt_fire_trail,inventory,,,,
5163,material,gfx_fxt_fire_trail_gr,inventory,,,,
5164,techniqueset,mc_lit_sm_b0c0n0v0_3559e8jj,inventory,,,,
5165,image,mag_rock_lava_solid_n,inventory,,,,
5166,image,~~-gmag_rock_lava_solid_c-rgb~b27b7b14,inventory,,,,
5167,material,mc/mtl_fxuse_sphere_fireball_cold,inventory,,,,
5168,xmodel,fxuse_sphere_fireball_cold_shaped,inventory,,,,
5169,techniqueset,mc_sw4_3d_scrolling_alpha2_distort_qwj8139f,inventory,,,,
5170,image,fxt_fx_white,inventory,,,,
5171,image,fxt_magma,inventory,,,,
5172,material,mc/mtl_fxuse_sphere_fireball,inventory,,,,
5173,xmodel,fxuse_sphere_fireball_shaped,inventory,,,,
5174,material,gfx_fxt_smk_light_old_add,inventory,,,,
5175,fx,weapon/zmb_staff/fx_zmb_staff_ug_muz_flash_trail,inventory,,,,
5176,fx,weapon/zmb_staff/fx_zmb_staff_fire_trail_bolt_c,inventory,,,,
5177,techniqueset,mc_sw4_3d_zmb_sphere_tendril_j0598qze,inventory,,,,
5178,image,fxuse_sphere_tendril,inventory,,,,
5179,image,fxuse_sphere_tendril_a,inventory,,,,
5180,material,mc/mtl_fxuse_sphere_tendril_long,inventory,,,,
5181,xmodel,fxuse_sphere_tendril_long,inventory,,,,
5182,fx,weapon/zmb_staff/fx_zmb_staff_fire_trail_bolt,inventory,,,,
5183,xanim,viewmodel_zomb_staff_fire_first_raise,inventory,,,,
5184,xmodel,t6_wpn_zmb_staff_tip_fire_view,inventory,,,,
5185,xmodel,t6_wpn_zmb_staff_reload_fire_view,inventory,,,,
5186,xmodel,t6_wpn_zmb_staff_crystal_fire_view,inventory,,,,
5187,xmodel,t6_wpn_zmb_staff_tip_fire_world,inventory,,,,
5188,xmodel,t6_wpn_zmb_staff_reload_fire_world,inventory,,,,
5189,xmodel,t6_wpn_zmb_staff_crystal_fire_world,inventory,,,,
5190,weapon,staff_fire_zm,inventory,,,,
5191,fx,weapon/zmb_staff/fx_zmb_staff_air_ug_muz_flash_1p,inventory,,,,
5192,fx,weapon/zmb_staff/fx_zmb_staff_air_ug_muz_flash_3p,inventory,,,,
5193,xmodel,t6_wpn_zmb_staff_upg_world,inventory,,,,
5194,fx,weapon/zmb_staff/fx_zmb_staff_air_ug_impact,inventory,,,,
5195,xanim,viewmodel_z_staff_upg_idle,inventory,,,,
5196,xanim,viewmodel_z_staff_upg_fire,inventory,,,,
5197,xanim,viewmodel_zomb_staff_melee_slash,inventory,,,,
5198,xanim,viewmodel_z_staff_air_upg_reload,inventory,,,,
5199,xanim,viewmodel_zomb_staff_pullout_revive,inventory,,,,
5200,xanim,viewmodel_z_staff_air_upg_first_raise,inventory,,,,
5201,xanim,viewmodel_zomb_staff_putaway_revive,inventory,,,,
5202,xanim,viewmodel_z_staff_upg_pullout_quick,inventory,,,,
5203,xanim,viewmodel_z_staff_upg_putaway_quick,inventory,,,,
5204,xanim,viewmodel_z_staff_upg_pullout,inventory,,,,
5205,xanim,viewmodel_z_staff_upg_putaway,inventory,,,,
5206,xanim,viewmodel_z_staff_upg_sprint_in,inventory,,,,
5207,xanim,viewmodel_z_staff_upg_sprint_loop,inventory,,,,
5208,xanim,viewmodel_z_staff_upg_sprint_out,inventory,,,,
5209,xanim,viewmodel_z_staff_upg_crawl_in,inventory,,,,
5210,xanim,viewmodel_z_staff_upg_crawl_forward,inventory,,,,
5211,xanim,viewmodel_z_staff_upg_crawl_back,inventory,,,,
5212,xanim,viewmodel_z_staff_upg_crawl_right,inventory,,,,
5213,xanim,viewmodel_z_staff_upg_crawl_left,inventory,,,,
5214,xanim,viewmodel_z_staff_upg_crawl_out,inventory,,,,
5215,xanim,viewmodel_z_staff_upg_d2p_in,inventory,,,,
5216,xanim,viewmodel_z_staff_upg_d2p_loop,inventory,,,,
5217,xanim,viewmodel_z_staff_upg_d2p_out,inventory,,,,
5218,xmodel,t6_wpn_zmb_staff_reload_upg_air_view,inventory,,,,
5219,xmodel,t6_wpn_zmb_upg_crystal_air_view,inventory,,,,
5220,xmodel,t6_wpn_zmb_staff_tip_upg_air_world,inventory,,,,
5221,xmodel,t6_wpn_zmb_staff_reload_upg_air_world,inventory,,,,
5222,weapon,staff_air_upgraded_zm,inventory,,,,
5223,fx,weapon/zmb_staff/fx_zmb_staff_ice_ug_impact_cheap,inventory,,,,
5224,fx,weapon/zmb_staff/fx_zmb_staff_ice_ug_muz_flash_1p,inventory,,,,
5225,fx,weapon/zmb_staff/fx_zmb_staff_ice_ug_impact_cheap_3p,inventory,,,,
5226,fx,weapon/zmb_staff/fx_zmb_staff_ice_ug_muz_flash_3p,inventory,,,,
5227,fx,weapon/zmb_staff/fx_zmb_staff_ice_ug_impact,inventory,,,,
5228,xanim,viewmodel_z_staff_water_upg_reload,inventory,,,,
5229,xanim,viewmodel_z_staff_water_upg_first_raise,inventory,,,,
5230,xmodel,t6_wpn_zmb_staff_reload_upg_water_view,inventory,,,,
5231,xmodel,t6_wpn_zmb_upg_crystal_water_view,inventory,,,,
5232,xmodel,t6_wpn_zmb_staff_tip_upg_water_world,inventory,,,,
5233,xmodel,t6_wpn_zmb_staff_reload_upg_water_world,inventory,,,,
5234,weapon,staff_water_upgraded_zm,inventory,,,,
5235,fx,weapon/zmb_staff/fx_zmb_staff_elec_ug_muz_flash_1p,inventory,,,,
5236,fx,weapon/zmb_staff/fx_zmb_staff_elec_ug_muz_flash_3p,inventory,,,,
5237,fx,weapon/zmb_staff/fx_zmb_staff_elec_ug_impact,inventory,,,,
5238,fx,weapon/zmb_staff/fx_zmb_staff_elec_ug_trail_bolt,inventory,,,,
5239,xanim,viewmodel_z_staff_lightning_upg_reload,inventory,,,,
5240,xanim,viewmodel_z_staff_lightning_upg_first_raise,inventory,,,,
5241,xmodel,t6_wpn_zmb_staff_reload_upg_lightning_view,inventory,,,,
5242,xmodel,t6_wpn_zmb_upg_crystal_bolt_view,inventory,,,,
5243,xmodel,t6_wpn_zmb_staff_tip_upg_bolt_world,inventory,,,,
5244,xmodel,t6_wpn_zmb_staff_reload_upg_bolt_world,inventory,,,,
5245,weapon,staff_lightning_upgraded_zm,inventory,,,,
5246,fx,weapon/zmb_staff/fx_zmb_staff_fire_ug_muz_flash_1p,inventory,,,,
5247,fx,weapon/zmb_staff/fx_zmb_staff_fire_ug_muz_flash_3p,inventory,,,,
5248,fx,weapon/zmb_staff/fx_zmb_staff_fire_ug_impact,inventory,,,,
5249,fx,weapon/zmb_staff/fx_zmb_staff_fire_ug_trail_bolt,inventory,,,,
5250,xanim,viewmodel_z_staff_upg_reload,inventory,,,,
5251,xanim,viewmodel_z_staff_upg_first_raise,inventory,,,,
5252,xmodel,t6_wpn_zmb_staff_reload_upg_fire_view,inventory,,,,
5253,xmodel,t6_wpn_zmb_upg_crystal_fire_view,inventory,,,,
5254,xmodel,t6_wpn_zmb_staff_tip_upg_fire_world,inventory,,,,
5255,xmodel,t6_wpn_zmb_staff_reload_upg_fire_world,inventory,,,,
5256,weapon,staff_fire_upgraded_zm,inventory,,,,
5257,image,specialty_ads_zombies,inventory,,,,
5258,material,specialty_ads_zombies,inventory,,,,
5259,image,~~-gmtl_t6_zmb_perk_bottle_ju~f1df4990,inventory,,,,
5260,image,mtl_t6_zmb_perk_bottle_jugg_nml,inventory,,,,
5261,image,~-gmtl_t6_zmb_perk_bottle_ds_col,inventory,,,,
5262,material,mc/mtl_t6_wpn_zmb_perk_bottle_deadshot,inventory,,,,
5263,image,~~-gmtl_t6_zmb_perk_bottle_ju~4d75583f,inventory,,,,
5264,material,mc/mtl_t6_wpn_zmb_perk_bottle_ds_alpha,inventory,,,,
5265,xmodel,t6_wpn_zmb_perk_bottle_deadshot_view,inventory,,,,
5266,xmodel,t6_wpn_zmb_perk_bottle_deadshot_world,inventory,,,,
5267,xanim,viewmodel_zombie_perksacola_drink,inventory,,,,
5268,image,global_normal_flat_16x16,inventory,,,,
5269,image,~-gzombie_perkbottle_ads_in_c,inventory,,,,
5270,material,mc/mtl_zombie_perk_bottle_ads_in,inventory,,,,
5271,image,~-gzombie_perkbottle_ads_out_c,inventory,,,,
5272,material,mc/mtl_zombie_perk_bottle_ads_out,inventory,,,,
5273,xmodel,zombie_perk_bottle_ads,inventory,,,,
5274,image,zombie_perkbottle_jugg_out_n,inventory,,,,
5275,image,~-gzombie_perkbottle_ads_c,inventory,,,,
5276,material,mc/mtl_zombie_perk_bottle_ads,inventory,,,,
5277,xmodel,zombie_3rd_perk_bottle_ads,inventory,,,,
5278,xanim,viewmodel_zombie_perksacola_idle,inventory,,,,
5279,xanim,viewmodel_zombie_perksacola_lower,inventory,,,,
5280,weapon,zombie_perk_bottle_deadshot,inventory,,,,
5281,image,p6_zm_al_vending_ads_m,inventory,,,,
5282,image,~~-gzombie_vending_ads_s-rgb&~40fd4398,inventory,,,,
5283,image,zombie_vending_ads_n,inventory,,,,
5284,image,~-gp6_zm_al_vending_ads_c,inventory,,,,
5285,techniqueset,mc_sw4_3d_phong_emissive_fritz_61728967,inventory,,,,
5286,image,p6_zm_al_vending_fx_sparkles,inventory,,,,
5287,image,p6_zm_al_vending_fx_fritz,inventory,,,,
5288,material,mc/mtl_p6_zm_al_vending_ads_on,inventory,,,,
5289,image,p6_zm_al_vending_ads_logo_m,inventory,,,,
5290,image,~~-gzombie_vending_ads_logo_s~47888028,inventory,,,,
5291,image,zombie_vending_ads_logo_n,inventory,,,,
5292,image,~-gp6_zm_al_vending_ads_logo_c,inventory,,,,
5293,material,mc/mtl_p6_zm_al_vending_ads_logo_on,inventory,,,,
5294,techniqueset,mc_lit_sm_b0c0s0_2q396f5e,inventory,,,,
5295,image,~~-gglobal_window_glass_s-rgb~a03e8509,inventory,,,,
5296,image,~-gglobal_window_glass_c,inventory,,,,
5297,material,mc/global_glass,inventory,,,,
5298,xmodel,p6_zm_al_vending_ads_on,inventory,,,,
5299,fx,misc/fx_zombie_cola_arsenal_on,inventory,,,,
5300,image,specialty_mulekick_zombies,inventory,,,,
5301,material,specialty_additionalprimaryweapon_zombies,inventory,,,,
5302,image,~-gmtl_t6_zmb_perk_bottle_mul~af598fa4,inventory,,,,
5303,material,mc/mtl_t6_wpn_zmb_perk_bottle_mule_kick,inventory,,,,
5304,material,mc/mtl_t6_wpn_zmb_perk_bottle_mule_kick_alpha,inventory,,,,
5305,xmodel,t6_wpn_zmb_perk_bottle_mule_kick_view,inventory,,,,
5306,xmodel,t6_wpn_zmb_perk_bottle_mule_kick_world,inventory,,,,
5307,weapon,zombie_perk_bottle_additionalprimaryweapon,inventory,,,,
5308,techniqueset,mc_lit_sm_t0c0s0_8229f6jf,inventory,,,,
5309,image,~~-gzombie_vending_three_gun_~c3f3de96,inventory,,,,
5310,image,~-gzombie_vending_three_gun_c,inventory,,,,
5311,techniqueset,mc_lit_sm_t0c0n0s0_47jq982j,inventory,,,,
5312,material,mc/mtl_zombie_vending_three_gun,inventory,,,,
5313,image,~~-gzombie_vending_three_gun_~7b73970f,inventory,,,,
5314,image,~-gzombie_vending_three_gun_logo_c,inventory,,,,
5315,material,mc/mtl_zombie_vending_three_gun_logo,inventory,,,,
5316,material,mc/mtl_zombie_vending_three_gun_logo_off,inventory,,,,
5317,xmodel,zombie_vending_three_gun,inventory,,,,
5318,techniqueset,mc_unlit_alphatest_z9e9w665,inventory,,,,
5319,material,mc/mtl_zombie_vending_three_gun_logo_on,inventory,,,,
5320,xmodel,zombie_vending_three_gun_on,inventory,,,,
5321,fx,maps/zombie/fx_zmb_cola_staminup_on,inventory,,,,
5322,image,specialty_marathon_zombies,inventory,,,,
5323,material,specialty_marathon_zombies,inventory,,,,
5324,image,~-gmtl_t6_zmb_perk_bottle_mara_col,inventory,,,,
5325,material,mc/mtl_t6_wpn_zmb_perk_bottle_marathon,inventory,,,,
5326,material,mc/mtl_t6_wpn_zmb_perk_bottle_marathon_alpha,inventory,,,,
5327,xmodel,t6_wpn_zmb_perk_bottle_marathon_view,inventory,,,,
5328,xmodel,t6_wpn_zmb_perk_bottle_marathon_world,inventory,,,,
5329,weapon,zombie_perk_bottle_marathon,inventory,,,,
5330,image,~~-gzombie_vending_marathon_s~26747f4f,inventory,,,,
5331,image,zombie_vending_marathon_n,inventory,,,,
5332,image,~-gzombie_vending_marathon_c,inventory,,,,
5333,material,mc/mtl_zombie_vending_marathon,inventory,,,,
5334,material,mc/mtl_zombie_vending_marathon_off,inventory,,,,
5335,image,~~-gglobal_grey_c-rgb&~-rblac~10c0bb94,inventory,,,,
5336,image,~-gwindow_glass_c,inventory,,,,
5337,material,mc/mtl_zombie_vending_marathon_glass,inventory,,,,
5338,xmodel,zombie_vending_marathon,inventory,,,,
5339,techniqueset,",mc_unlit_replace_3j970129",inventory,,,,
5340,material,mc/mtl_zombie_vending_marathon_on,inventory,,,,
5341,xmodel,zombie_vending_marathon_on,inventory,,,,
5342,image,specialty_divetonuke_zombies,inventory,,,,
5343,material,specialty_divetonuke_zombies,inventory,,,,
5344,image,~-gmtl_t6_zmb_perk_bottle_nuke_col,inventory,,,,
5345,material,mc/mtl_t6_wpn_zmb_perk_bottle_nuke,inventory,,,,
5346,material,mc/mtl_t6_wpn_zmb_perk_bottle_nuke_alpha,inventory,,,,
5347,xmodel,t6_wpn_zmb_perk_bottle_nuke_view,inventory,,,,
5348,xmodel,t6_wpn_zmb_perk_bottle_nuke_world,inventory,,,,
5349,weapon,zombie_perk_bottle_nuke,inventory,,,,
5350,rawfile,vision/zombie_cosmodrome_divetonuke.vision,dumped_embedded,fastfiles/mod/assets/vision/zombie_cosmodrome_divetonuke.vision,4259,ad3beaccafc1ed75492b08716db197356d4c425d5400806fe8492646d2b75c9c,
5351,image,fxt_debris_clump_rocks,inventory,,,,
5352,material,gfx_fxt_debris_clump_rocks,inventory,,,,
5353,material,gfx_fxt_smk_scattered_z80,inventory,,,,
5354,image,fxt_smk_flamethrower,inventory,,,,
5355,material,gfx_flamethrower_smoke,inventory,,,,
5356,material,gfx_fxt_smk_scattered_z120,inventory,,,,
5357,material,gfx_flamethrower_smoke_add_z100,inventory,,,,
5358,image,~-gcrater_dirt,inventory,,,,
5359,material,mc/gfx_crater_dirt,inventory,,,,
5360,material,wc/gfx_crater_dirt,inventory,,,,
5361,image,fxt_debris_gib_metal,inventory,,,,
5362,material,gfx_fxt_debris_gib_metal_ds16,inventory,,,,
5363,material,gfx_fxt_smk_gen_z120,inventory,,,,
5364,material,gfx_fxt_smk_def_2_z200,inventory,,,,
5365,material,gfx_fxt_smk_puff_z120,inventory,,,,
5366,image,fxt_distortion_ring_thin,inventory,,,,
5367,material,gfx_fxt_distortion_ring_thin,inventory,,,,
5368,fx,maps/zombie/fx_zmb_phdflopper_exp,inventory,,,,
5369,image,p6_zm_al_vending_nuke_m,inventory,,,,
5370,image,~~-gp6_zm_al_vending_nuke_s-r~29e938e3,inventory,,,,
5371,image,p6_zm_al_vending_nuke_n,inventory,,,,
5372,image,~-gp6_zm_al_vending_nuke_c,inventory,,,,
5373,material,mc/mtl_p6_zm_al_vending_nuke_on,inventory,,,,
5374,xmodel,p6_zm_al_vending_nuke_on,inventory,,,,
5375,fx,misc/fx_zombie_cola_dtap_on,inventory,,,,
5376,image,specialty_doubletap_zombies,inventory,,,,
5377,material,specialty_doubletap_zombies,inventory,,,,
5378,image,~-gmtl_t6_zmb_perk_bottle_dtap_col,inventory,,,,
5379,material,mc/mtl_t6_wpn_zmb_perk_bottle_doubletap,inventory,,,,
5380,material,mc/mtl_t6_wpn_zmb_perk_bottle_doubletap_alpha,inventory,,,,
5381,xmodel,t6_wpn_zmb_perk_bottle_doubletap_view,inventory,,,,
5382,xmodel,t6_wpn_zmb_perk_bottle_doubletap_world,inventory,,,,
5383,weapon,zombie_perk_bottle_doubletap,inventory,,,,
5384,xanim,p_zombie_perkacola_drink,inventory,,,,
5385,image,~~-gzombie_vending_doubletap2~3b8ca4d9,inventory,,,,
5386,image,zombie_vending_doubletap2_n,inventory,,,,
5387,image,~-gzombie_vending_doubletap2_c,inventory,,,,
5388,material,mc/mtl_zombie_vending_doubletap2,inventory,,,,
5389,material,mc/mtl_zombie_vending_doubletap2_off,inventory,,,,
5390,image,~-gzombie_vending_doubletap2_vent_off,inventory,,,,
5391,material,mc/mtl_zombie_vending_doubletap2_vent_off,inventory,,,,
5392,xmodel,zombie_vending_doubletap2,inventory,,,,
5393,material,mc/mtl_zombie_vending_doubletap2_on,inventory,,,,
5394,image,~-gzombie_vending_doubletap2_vent_on,inventory,,,,
5395,material,mc/mtl_zombie_vending_doubletap2_vent_on,inventory,,,,
5396,xmodel,zombie_vending_doubletap2_on,inventory,,,,
5397,xanim,zombie_dog_idle,inventory,,,,
5398,xanim,zombie_dog_attackidle_growl,inventory,,,,
5399,xanim,zombie_dog_attackidle,inventory,,,,
5400,xanim,zombie_dog_attackidle_bark,inventory,,,,
5401,xanim,zombie_dog_run_stop,inventory,,,,
5402,xanim,zombie_dog_run,inventory,,,,
5403,xanim,zombie_dog_trot,inventory,,,,
5404,xanim,zombie_dog_run_start,inventory,,,,
5405,xanim,zombie_dog_turn_90_left,inventory,,,,
5406,xanim,zombie_dog_turn_90_right,inventory,,,,
5407,xanim,zombie_dog_turn_180_left,inventory,,,,
5408,xanim,zombie_dog_turn_180_right,inventory,,,,
5409,xanim,zombie_dog_run_turn_90_left,inventory,,,,
5410,xanim,zombie_dog_run_turn_90_right,inventory,,,,
5411,xanim,zombie_dog_run_turn_180_left,inventory,,,,
5412,xanim,zombie_dog_run_turn_180_right,inventory,,,,
5413,xanim,zombie_dog_death_front,inventory,,,,
5414,xanim,zombie_dog_death_hit_back,inventory,,,,
5415,xanim,zombie_dog_death_hit_left,inventory,,,,
5416,xanim,zombie_dog_death_hit_right,inventory,,,,
5417,xanim,zombie_dog_run_attack,inventory,,,,
5418,xanim,zombie_dog_run_attack_low,inventory,,,,
5419,xanim,ai_zombie_dog_traverse_car,inventory,,,,
5420,xanim,ai_zombie_dog_traverse_car_pass_to_driver,inventory,,,,
5421,xanim,zombie_dog_traverse_down_40,inventory,,,,
5422,xanim,zombie_dog_traverse_down_96,inventory,,,,
5423,xanim,zombie_dog_traverse_down_126,inventory,,,,
5424,xanim,zombie_dog_traverse_down_190,inventory,,,,
5425,xanim,zombie_dog_traverse_up_40,inventory,,,,
5426,xanim,zombie_dog_traverse_up_80,inventory,,,,
5427,xanim,ai_zombie_dog_jump_across_120,inventory,,,,
5428,xanim,zombie_dog_traverse_down_127,inventory,,,,
5429,xanim,zombie_dog_traverse_up_127,inventory,,,,
5430,image,~~-gzombie_wolf_s-rgb&~-rzomb~fa1c3c32,inventory,,,,
5431,image,zombie_wolf_n,inventory,,,,
5432,image,~-gzombie_wolf_c,inventory,,,,
5433,image,~-gzombie_wolf_fur_c,inventory,,,,
5434,image,german_shepherd_nml,inventory,,,,
5435,image,",~-gzombie_eye",inventory,,,,
5436,material,mc/mtl_zombie_wolf,inventory,,,,
5437,material,mc/mtl_nazi_hellhound_eyes,inventory,,,,
5438,techniqueset,mc_lit_sm_b0c0n0_10449597,inventory,,,,
5439,material,mc/mtl_zombie_wolf_fur,inventory,,,,
5440,image,fxt_env_lightning_bolt_air,inventory,,,,
5441,material,gfx_fxt_env_lightning_bolt_air_add,inventory,,,,
5442,techniqueset,effect_z096f2e2,inventory,,,,
5443,material,gfx_fxt_env_lightning_bolt_ground,inventory,,,,
5444,material,gfx_fxt_env_cloud_exp_add,inventory,,,,
5445,fx,maps/zombie/fx_zombie_dog_lightning_spawn,inventory,,,,
5446,material,gfx_fxt_light_flare2,inventory,,,,
5447,fx,maps/zombie/fx_zombie_dog_lightning_buildup,inventory,,,,
5448,techniqueset,effect_jqj65q53,inventory,,,,
5449,material,gfx_fxt_light_flare2_eyeglow,inventory,,,,
5450,material,gfx_fxt_light_flare2_eyeglow2,inventory,,,,
5451,fx,maps/zombie/fx_zombie_dog_eyes,inventory,,,,
5452,material,gfx_fxt_fire_flame_base_01_z3,inventory,,,,
5453,material,gfx_fxt_exp_ember_omni,inventory,,,,
5454,fx,impacts/fx_decal_scorch_fire_md,inventory,,,,
5455,fx,maps/zombie/fx_zombie_dog_explosion,inventory,,,,
5456,material,gfx_fxt_smk_gen_z3,inventory,,,,
5457,fx,maps/zombie/fx_zombie_dog_fire_trail,inventory,,,,
5458,image,fxt_exp_ember_omni2,inventory,,,,
5459,material,gfx_fxt_exp_ember_omni2,inventory,,,,
5460,image,fxt_exp_ember_omni3,inventory,,,,
5461,material,gfx_fxt_exp_ember_omni3,inventory,,,,
5462,fx,maps/zombie/fx_zombie_dog_ash_trail,inventory,,,,
5463,rawfile,shock/dog_bite.shock,dumped_embedded,fastfiles/mod/assets/shock/dog_bite.shock,1080,c8a938958bf6c37382fab45f9409eb49b787add0e39ea4d886a32a2520017cb7,
5464,rawfile,animtrees/zm_transit_dog.atr,dumped_embedded,fastfiles/mod/assets/animtrees/zm_transit_dog.atr,268,d70c006cf01b9348b7cc28ca79be8d7017aab7163e74a301d6ecdafd92a6ae5f,
5465,rawfile,animstatedefs/zm_transit_dog.asd,dumped_embedded,fastfiles/mod/assets/animstatedefs/zm_transit_dog.asd,2675,fc54e1168042337c06d14680a923c1c435101ecd5eb1bc818f3020ee64a70670,
5466,rawfile,animtrees/zm_nuked_dog.atr,dumped_embedded,fastfiles/mod/assets/animtrees/zm_nuked_dog.atr,243,b7f180cdc7c56ead6936b17916c42e70136d495e47e232f0a500cff9cd5f95a2,
5467,rawfile,animstatedefs/zm_nuked_dog.asd,dumped_embedded,fastfiles/mod/assets/animstatedefs/zm_nuked_dog.asd,6946,816684a04830ba9fecb5f459d3b68b4bcb094628b7a55c1ad7c05410193bed26,
5468,xmodel,zombie_wolf,inventory,,,,
5469,image,gum_aftertaste,inventory,,,,
5470,material,gum_aftertaste,inventory,,,,
5471,image,gum_anywhere_but_here,inventory,,,,
5472,material,gum_anywhere_but_here,inventory,,,,
5473,image,gum_burned_out,inventory,,,,
5474,material,gum_burned_out,inventory,,,,
5475,image,gum_cache_back,inventory,,,,
5476,material,gum_cache_back,inventory,,,,
5477,image,gum_coagulant,inventory,,,,
5478,material,gum_coagulant,inventory,,,,
5479,image,gum_crate_power,inventory,,,,
5480,material,gum_crate_power,inventory,,,,
5481,image,gum_crawl_space,inventory,,,,
5482,material,gum_crawl_space,inventory,,,,
5483,image,gum_ephemeral_enhancement,inventory,,,,
5484,material,gum_ephemeral_enhancement,inventory,,,,
5485,image,gum_extra_credit,inventory,,,,
5486,material,gum_extra_credit,inventory,,,,
5487,image,gum_feeling_lucky,inventory,,,,
5488,material,gum_feeling_lucky,inventory,,,,
5489,image,gum_flavor_hexed,inventory,,,,
5490,material,gum_flavor_hexed,inventory,,,,
5491,image,gum_free_fire,inventory,,,,
5492,material,gum_free_fire,inventory,,,,
5493,image,gum_idle_eyes,inventory,,,,
5494,material,gum_idle_eyes,inventory,,,,
5495,image,gum_immolation_liquidation,inventory,,,,
5496,material,gum_immolation_liquidation,inventory,,,,
5497,image,gum_kill_joy,inventory,,,,
5498,material,gum_kill_joy,inventory,,,,
5499,image,gum_licensed_contractor,inventory,,,,
5500,material,gum_licensed_contractor,inventory,,,,
5501,image,gum_mind_blown,inventory,,,,
5502,material,gum_mind_blown,inventory,,,,
5503,image,gum_near_death_experience,inventory,,,,
5504,material,gum_near_death_experience,inventory,,,,
5505,image,gum_none,inventory,,,,
5506,material,gum_none,inventory,,,,
5507,image,gum_nowhere_but_there,inventory,,,,
5508,material,gum_nowhere_but_there,inventory,,,,
5509,image,gum_nuclear_winter,inventory,,,,
5510,material,gum_nuclear_winter,inventory,,,,
5511,image,gum_on_the_house,inventory,,,,
5512,material,gum_on_the_house,inventory,,,,
5513,image,gum_perkaholic,inventory,,,,
5514,material,gum_perkaholic,inventory,,,,
5515,image,gum_phoenix_up,inventory,,,,
5516,material,gum_phoenix_up,inventory,,,,
5517,image,gum_profit_sharing,inventory,,,,
5518,material,gum_profit_sharing,inventory,,,,
5519,image,gum_random,inventory,,,,
5520,material,gum_random,inventory,,,,
5521,image,gum_reign_drops,inventory,,,,
5522,material,gum_reign_drops,inventory,,,,
5523,image,gum_respin_cycle,inventory,,,,
5524,material,gum_respin_cycle,inventory,,,,
5525,image,gum_soda_fountain,inventory,,,,
5526,material,gum_soda_fountain,inventory,,,,
5527,image,gum_stock_option,inventory,,,,
5528,material,gum_stock_option,inventory,,,,
5529,image,gum_temporal_gift,inventory,,,,
5530,material,gum_temporal_gift,inventory,,,,
5531,image,gum_tone_death,inventory,,,,
5532,material,gum_tone_death,inventory,,,,
5533,image,gum_wall_power,inventory,,,,
5534,material,gum_wall_power,inventory,,,,
5535,image,gum_whos_keeping_score,inventory,,,,
5536,material,gum_whos_keeping_score,inventory,,,,
5537,image,gum_wonderbar,inventory,,,,
5538,material,gum_wonderbar,inventory,,,,
5539,techniqueset,mc_lit_sm_r0c0n0x0_q361191u,inventory,,,,
5540,image,p6_zm_tm_crate_shipping_n,inventory,,,,
5541,image,~~-gp6_zm_tm_crate_shipping_c~e6980bba,inventory,,,,
5542,material,mc/mtl_p6_zm_tm_crate_shipping,inventory,,,,
5543,xmodel,p6_zm_tm_crate_01_short,inventory,,,,
5544,image,i_p7_zm_zod_bubblegum_machine_decal_n,inventory,,,,
5545,image,i_p7_zm_zod_bubblegum_machine_decal_c,inventory,,,,
5546,techniqueset,mc_lit_sm_b0c0n0s0o0_jf00fe4q,inventory,,,,
5547,image,i_lk_defaultspec_0018,inventory,,,,
5548,material,mtl_p7_zm_zod_bubblegum_machine_decal,inventory,,,,
5549,material,mtl_p7_zm_zod_bubblegum_machine_hole,inventory,,,,
5550,image,i_p7_zm_zod_bubblegum_machine_s,inventory,,,,
5551,image,i_p7_zm_zod_bubblegum_machine_n,inventory,,,,
5552,image,i_p7_zm_zod_bubblegum_machine_c,inventory,,,,
5553,material,mtl_p7_zm_zod_bubblegum_machine_cast_iron,inventory,,,,
5554,image,i_p7_zm_zod_bubblegum_machine_red_n,inventory,,,,
5555,image,i_p7_zm_zod_bubblegum_machine_red_c_rgb,inventory,,,,
5556,material,mtl_p7_zm_zod_bubblegum_machine_metal_red,inventory,,,,
5557,image,i_p7_zm_zod_bubblegum_machine_light_bulb_e,inventory,,,,
5558,image,i_lk_fullspec,inventory,,,,
5559,image,i_p7_zm_zod_bubblegum_machine_light_bulb_c,inventory,,,,
5560,techniqueset,mc_sw4_3d_phong_emissive_alcatraz_90892wq5,inventory,,,,
5561,material,mtl_p7_zm_zod_bubblegum_machine_light_bulb,inventory,,,,
5562,material,mtl_p7_zm_zod_bubblegum_machine_filament,inventory,,,,
5563,image,i_p7_zm_zod_bubblegum_machine_glass_n,inventory,,,,
5564,image,i_p7_zm_zod_bubblegum_machine_glass_c,inventory,,,,
5565,material,mtl_p7_zm_zod_bubblegum_machine_glass,inventory,,,,
5566,material,mtl_p7_zm_zod_bubblegum_machine_eyes,inventory,,,,
5567,material,mtl_p7_zm_zod_bubblegum_machine_rubber,inventory,,,,
5568,image,mtl_p7_zm_zod_bubblegum_machine_nickel_spcrgb,inventory,,,,
5569,image,mtl_p7_zm_zod_bubblegum_machine_nickel_n,inventory,,,,
5570,image,mtl_p7_zm_zod_bubblegum_machine_nickel_c,inventory,,,,
5571,material,mtl_p7_zm_zod_bubblegum_machine_nickel,inventory,,,,
5572,xmodel,gobblegum_machine,inventory,,,,
5573,image,specialty_2x_zombies,inventory,,,,
5574,image,specialty_fastreload_zombies,inventory,,,,
5575,image,specialty_instakill_zombies,inventory,,,,
5576,image,specialty_juggernaut_zombies,inventory,,,,
5577,image,specialty_quickrevive_zombies,inventory,,,,
5578,image,specialty_tombstone_zombies,inventory,,,,
5579,image,specialty_vulture_zombies,inventory,,,,
5580,image,specialty_zomblood_zombies,inventory,,,,
5581,image,loadscreen_buried_zclassic_processing,inventory,,,,
5582,image,loadscreen_buried_zgrief_street,inventory,,,,
5583,image,loadscreen_dierise,inventory,,,,
5584,image,loadscreen_transit_classic,inventory,,,,
5585,image,loadscreen_transit_grief_busdepot,inventory,,,,
5586,image,loadscreen_transit_grief_farm,inventory,,,,
5587,image,loadscreen_transit_grief_town,inventory,,,,
5588,image,loadscreen_transit_standard_busdepot,inventory,,,,
5589,image,loadscreen_transit_standard_farm,inventory,,,,
5590,image,loadscreen_transit_standard_town,inventory,,,,
5591,image,loadscreen_zm_hellcatraz,inventory,,,,
5592,image,loadscreen_zm_nuketown,inventory,,,,
5593,image,loadscreen_zombie_le_tombeau,inventory,,,,
5594,image,plfr_void_nebula,inventory,,,,
5595,material,plfr_void_nebula,inventory,,,,
5596,image,discord_qr,inventory,,,,
5597,material,discord_qr,inventory,,,,
5598,image,plfr_matrix_header,inventory,,,,
5599,material,plfr_matrix_header,inventory,,,,
5600,image,Guilh,inventory,,,,
5601,material,Guilh,inventory,,,,
5602,image,pro7xt,inventory,,,,
5603,material,pro7xt,inventory,,,,
5604,image,aiuzy,inventory,,,,
5605,material,aiuzy,inventory,,,,
5606,image,Bielslayerx,inventory,,,,
5607,material,Bielslayerx,inventory,,,,
5608,image,is_calling,inventory,,,,
5609,material,is_calling,inventory,,,,
5610,image,misty,inventory,,,,
5611,material,misty,inventory,,,,
5612,image,Buried,inventory,,,,
5613,material,Buried,inventory,,,,
5614,image,BUS_DEPOT,inventory,,,,
5615,material,BUS_DEPOT,inventory,,,,
5616,image,Crazy_place,inventory,,,,
5617,material,Crazy_place,inventory,,,,
5618,image,Die_rise,inventory,,,,
5619,material,Die_rise,inventory,,,,
5620,image,Diner,inventory,,,,
5621,material,Diner,inventory,,,,
5622,image,Farm,inventory,,,,
5623,material,Farm,inventory,,,,
5624,image,Mob,inventory,,,,
5625,material,Mob,inventory,,,,
5626,image,Nacht,inventory,,,,
5627,material,Nacht,inventory,,,,
5628,image,Nuketown,inventory,,,,
5629,material,Nuketown,inventory,,,,
5630,image,Origins,inventory,,,,
5631,material,Origins,inventory,,,,
5632,image,Town,inventory,,,,
5633,material,Town,inventory,,,,
5634,image,Town2,inventory,,,,
5635,material,Town2,inventory,,,,
5636,image,Tranzit,inventory,,,,
5637,material,Tranzit,inventory,,,,
5638,image,Tunnel,inventory,,,,
5639,material,Tunnel,inventory,,,,
5640,image,icone_players,inventory,,,,
5641,material,icone_players,inventory,,,,
5642,image,rounds,inventory,,,,
5643,material,rounds,inventory,,,,
5644,image,hud_icon_rampage,inventory,,,,
5645,material,hud_icon_rampage,inventory,,,,
5646,image,ui_menu_wonderfizz,inventory,,,,
5647,material,ui_menu_wonderfizz,inventory,,,,
5648,image,blastfurnace_ammo,inventory,,,,
5649,material,blastfurnace,inventory,,,,
5650,image,cryofreeze_ammo,inventory,,,,
5651,material,cryofreeze,inventory,,,,
5652,image,deadwire_ammo,inventory,,,,
5653,material,deadwire,inventory,,,,
5654,image,overgrowth_ammo,inventory,,,,
5655,material,overgrowth,inventory,,,,
5656,image,shatterblast_ammo,inventory,,,,
5657,material,shatterblast,inventory,,,,
5658,image,turned_ammo,inventory,,,,
5659,material,turned,inventory,,,,
5660,image,tier,inventory,,,,
5661,material,tier,inventory,,,,
5662,image,~~-gc_zom_player_cdc_body_s-r~6380ed7b,inventory,,,,
5663,image,~~-gc_zom_player_cdc_comandma~4b2fd433,inventory,,,,
5664,image,~~-gc_zom_player_cdc_gear_s-r~8830d54e,inventory,,,,
5665,image,~~-gc_zom_player_cdc_visor_s-~341fa3be,inventory,,,,
5666,image,~-gc_zom_player_cdc_body_c,inventory,,,,
5667,image,~-gc_zom_player_cdc_comandmask_c,inventory,,,,
5668,image,~-gc_zom_player_cdc_gear_c,inventory,,,,
5669,image,~-gc_zom_player_cdc_visor_c,inventory,,,,
5670,image,t6_mtl_camo_darkmatter_reveal,inventory,,,,
5671,image,loadscreen_transit_standard_diner,inventory,,,,
5672,material,loadscreen_zm_transit_zstandard_diner,inventory,,,,
5673,material,loadscreen_zm_transit_zstandard_cornfield,inventory,,,,
5674,material,loadscreen_zm_transit_zstandard_tunnel,inventory,,,,
5675,image,qr_bx7,inventory,,,,
5676,material,hud_bx7_qrcode,inventory,,,,
5677,soundbank,cmn_foley.all,inventory,,,,
5678,soundbank,wpn_thundergun.all,inventory,,,,
5679,soundbank,blundergat.all,inventory,,,,
5680,soundbank,wpn_freezegun.all,inventory,,,,
5681,soundbank,gobblegum.all,inventory,,,,
5682,soundbank,sliquifier.all,inventory,,,,
5683,soundbank,spas.all,inventory,,,,
5684,soundbank,insas.all,inventory,,,,
5685,soundbank,mod.all,inventory,,,,
5686,rawfile,animtrees/zm_transit_basic.atr,dumped_embedded,fastfiles/mod/assets/animtrees/zm_transit_basic.atr,2334,85dfe21ef9ed8a88bcf57433c607a4bf65a993b94775a18c9f0107bd19ca9412,
5687,rawfile,animtrees/zm_nuked_basic.atr,dumped_embedded,fastfiles/mod/assets/animtrees/zm_nuked_basic.atr,1726,50d77a1430e27395ba702fc72f150c5d2ed2ac5cf94914dee457bdbbd91d45b3,
5688,rawfile,animtrees/zm_highrise_basic.atr,dumped_embedded,fastfiles/mod/assets/animtrees/zm_highrise_basic.atr,2604,e279b0cabf387fe41242f0019abba9bb2e4f4d950ba68abb333e0d85db74a02b,
5689,rawfile,animtrees/zm_prison_basic.atr,dumped_embedded,fastfiles/mod/assets/animtrees/zm_prison_basic.atr,1866,d2eef7fa8ceca673e9e457ce0826f3f37d7e15dcc1c6e77fc8eacb07e22f3837,
5690,rawfile,animtrees/zm_buried_basic.atr,dumped_embedded,fastfiles/mod/assets/animtrees/zm_buried_basic.atr,1927,3c8dc86685bceef751b4a5431d66ce62763f3ed6e4be65a921eae9bfc0734def,
5691,rawfile,animtrees/zm_tomb_basic.atr,dumped_embedded,fastfiles/mod/assets/animtrees/zm_tomb_basic.atr,1961,8b7e7892dc26aeca3f242815492a06dda3d0fa1815cfc4c822cfc4147290d019,
5692,rawfile,animstatedefs/zm_transit_basic.asd,dumped_embedded,fastfiles/mod/assets/animstatedefs/zm_transit_basic.asd,37147,e8c3da457fe6733b4f85efa2cf598880e7a5f0885d27efff63305544a249537a,
5693,rawfile,animstatedefs/zm_nuked_basic.asd,dumped_embedded,fastfiles/mod/assets/animstatedefs/zm_nuked_basic.asd,23788,bb056cd7e9dab8fa41c71800c0e67a7a2b4c4b2cd9ffea2cd0c2d5130901cfd9,
5694,rawfile,animstatedefs/zm_highrise_basic.asd,dumped_embedded,fastfiles/mod/assets/animstatedefs/zm_highrise_basic.asd,37197,cc5e626dfb79d4bb8451ac4df38471e7f4b71149e8d1af5c617bf9ca10e5407d,
5695,rawfile,animstatedefs/zm_prison_basic.asd,dumped_embedded,fastfiles/mod/assets/animstatedefs/zm_prison_basic.asd,28038,54d027bbecee922ae4cadbb6c314e2c18b343b83710081c46141407c75ab3ef8,
5696,rawfile,animstatedefs/zm_buried_basic.asd,dumped_embedded,fastfiles/mod/assets/animstatedefs/zm_buried_basic.asd,29771,4efce6a9d3d1bedbe19f0ee38468c187d3cdca66d073e3ae9768b8c1c5547fbb,
5697,rawfile,animstatedefs/zm_tomb_basic.asd,dumped_embedded,fastfiles/mod/assets/animstatedefs/zm_tomb_basic.asd,25121,872867bc94bffc63f2c9e2a8d8c97e1d2c89f82d2bc6edfe882212bf16bf0123,
5698,xanim,ai_zombie_traverse_ground_dugup,inventory,,,,
5699,xanim,ai_zombie_sprint_v6,inventory,,,,
5700,xanim,ai_zombie_sprint_v7,inventory,,,,
5701,xanim,ai_zombie_sprint_v8,inventory,,,,
5702,xanim,ai_zombie_sprint_v9,inventory,,,,
5703,xanim,ai_zombie_sprint_v10,inventory,,,,
5704,xanim,ai_zombie_sprint_v11,inventory,,,,
5705,xanim,ai_zombie_sprint_v12,inventory,,,,
5706,stringtable,mp/weaponoptions_zm.csv,inventory,,,,
5707,stringtable,mp/rankicontable_zm.csv,inventory,,,,
5708,stringtable,zm/pap_attach.csv,inventory,,,,
5709,stringtable,zm/gametypestable.csv,inventory,,,,
5710,script,character/c_transit_player_farmgirl.gsc,dumped_embedded,fastfiles/mod/assets/character/c_transit_player_farmgirl.gsc,346,c52cec212d7038782173c980f64fb9eaafdaaed5633fa7c469f8626a1f1a58d9,
5711,image,~~-gc_zom_player_farmgirl_s-r~c245f42a,inventory,,,,
5712,image,c_zom_player_farmgirl_n,inventory,,,,
5713,image,~-gc_zom_player_farmgirl_c,inventory,,,,
5714,techniqueset,mc_sw4_3d_char_cloth_4z8fq5wu,inventory,,,,
5715,material,mc/mtl_c_zom_player_farmgirl_body,inventory,,,,
5716,image,~~-gc_zom_player_farmgirl_glo~87759822,inventory,,,,
5717,image,c_zom_player_farmgirl_glove_n,inventory,,,,
5718,image,~-gc_zom_player_farmgirl_glove_c,inventory,,,,
5719,material,mc/mtl_c_zom_player_farmgirl_glove,inventory,,,,
5720,image,~~-gc_zom_player_farmgirl_arm~f7de6d05,inventory,,,,
5721,image,c_zom_player_farmgirl_arm_n,inventory,,,,
5722,image,~-gc_zom_player_farmgirl_arm_c,inventory,,,,
5723,techniqueset,mc_sw4_3d_char_skin_j92387z3,inventory,,,,
5724,image,c_gen_arm_rim_mask_norim_c,inventory,,,,
5725,material,mc/mtl_c_zom_player_farmgirl_arm,inventory,,,,
5726,image,~~-gc_zom_player_farmgirl_gea~a2264f53,inventory,,,,
5727,image,c_zom_player_farmgirl_gear_n,inventory,,,,
5728,image,~-gc_zom_player_farmgirl_gear_c,inventory,,,,
5729,material,mc/mtl_c_zom_player_farmgirl_gear,inventory,,,,
5730,techniqueset,mc_sw4_3d_char_eye_cornea_2eww29wu,inventory,,,,
5731,image,c_gen_eye_color_a,inventory,,,,
5732,image,c_gen_eye_n,inventory,,,,
5733,techniqueset,mc_sw4_3d_thermal_char_17f49w63,inventory,,,,
5734,image,c_gen_eye_ir,inventory,,,,
5735,image,thermal_gradient5,inventory,,,,
5736,material,mc/mtl_gen_eye_cornea_thermal_s,inventory,,,,
5737,material,mc/mtl_gen_eye_cornea,inventory,,,,
5738,image,~~-gc_gen_insidemouth_s-rgb&~~8dbd539a,inventory,,,,
5739,image,c_gen_insidemouth_n,inventory,,,,
5740,image,~-gc_gen_insidemouth_c,inventory,,,,
5741,image,c_gen_insidemouth_ir,inventory,,,,
5742,material,mc/mtl_c_gen_insidemouth_thermal,inventory,,,,
5743,material,mc/mtl_c_gen_insidemouth,inventory,,,,
5744,image,~~-gc_zom_player_farmgirl_hea~01b7ebfc,inventory,,,,
5745,image,c_zom_player_farmgirl_head_n,inventory,,,,
5746,image,~-gc_zom_player_farmgirl_head_c,inventory,,,,
5747,material,mc/mtl_c_zom_player_farmgirl_head,inventory,,,,
5748,techniqueset,mc_sw4_3d_char_hair_lambert_75f9701f,inventory,,,,
5749,image,~-gc_zom_player_farmgirl_hair_c,inventory,,,,
5750,material,mc/mtl_c_zom_player_farmgirl_hair,inventory,,,,
5751,image,~~-gc_zom_player_farmgirl_s-r~4fdced88,inventory,,,,
5752,material,mc/mtl_c_zom_player_farmgirl_skin,inventory,,,,
5753,image,c_gen_eye_rim_mask_c,inventory,,,,
5754,image,~~-gc_gen_eye_s-rgb&~-rc_gen_~1d123e2c,inventory,,,,
5755,image,~-gc_gen_eye_brown_c,inventory,,,,
5756,material,mc/mtl_gen_eye_iris_thermal,inventory,,,,
5757,material,mc/mtl_gen_eye_iris_brown,inventory,,,,
5758,xmodel,c_zom_player_farmgirl_fb,inventory,,,,
5759,image,~~-gviewarm_zom_farmergirl_s-~0fe53140,inventory,,,,
5760,image,viewarm_zom_farmergirl_n,inventory,,,,
5761,image,~-gviewarm_zom_farmergirl_c,inventory,,,,
5762,material,mc/mtl_viewarm_zom_farmgirl,inventory,,,,
5763,xmodel,c_zom_farmgirl_viewhands,inventory,,,,
5764,script,character/c_transit_player_oldman.gsc,dumped_embedded,fastfiles/mod/assets/character/c_transit_player_oldman.gsc,342,f98e0dba58b3b17ed4e498e970023dc39cf36d664d3272a24baacc819a94d68a,
5765,image,~~-gc_zom_player_oldman_head_~ca3ada7b,inventory,,,,
5766,image,c_zom_player_oldman_head_n,inventory,,,,
5767,image,~-gc_zom_player_oldman_head_c,inventory,,,,
5768,material,mc/mtl_c_zom_player_oldman_head,inventory,,,,
5769,image,~~-gc_zom_player_oldman_s-rgb~d2f0bbbd,inventory,,,,
5770,image,c_zom_player_oldman_n,inventory,,,,
5771,image,~-gc_zom_player_oldman_c,inventory,,,,
5772,material,mc/mtl_c_zom_player_oldman_body,inventory,,,,
5773,image,~~-gc_gen_arm_clean_s-rgb&~-r~6020d698,inventory,,,,
5774,image,c_gen_arm_clean_n,inventory,,,,
5775,image,~-gc_gen_arm_clean_black_c,inventory,,,,
5776,image,c_gen_arm_clean_ir,inventory,,,,
5777,material,mc/mtl_c_usa_gen_arm_clean_ir,inventory,,,,
5778,material,mc/mtl_c_gen_arm_clean_black,inventory,,,,
5779,xmodel,c_zom_player_oldman_fb,inventory,,,,
5780,image,~~-gviewarm_zom_oldman_s-rgb&~bf41946c,inventory,,,,
5781,image,viewarm_zom_oldman_n,inventory,,,,
5782,image,~-gviewarm_zom_oldman_c,inventory,,,,
5783,material,mc/mtl_viewarm_zom_oldman,inventory,,,,
5784,image,~~-gviewarm_zom_oldman_s-rgb&~049720df,inventory,,,,
5785,material,mc/mtl_viewarm_zom_oldman_skin,inventory,,,,
5786,image,~~-gviewarm_mul_nospecgloss_s~6353311c,inventory,,,,
5787,image,char_base_fabric_nocloth,inventory,,,,
5788,image,~-gviewarm_thread_alpha,inventory,,,,
5789,material,mc/mtl_viewarm_thread_alpha,inventory,,,,
5790,xmodel,c_zom_oldman_viewhands,inventory,,,,
5791,script,character/c_transit_player_engineer.gsc,dumped_embedded,fastfiles/mod/assets/character/c_transit_player_engineer.gsc,346,6da76fbddc9545f09a3c7b67a6a824242ea2a5316a1802c73ab0934a8432c174,
5792,image,~~-gc_zom_player_engineer_s-r~5b97f071,inventory,,,,
5793,image,c_zom_player_engineer_n,inventory,,,,
5794,image,~-gc_zom_player_engineer_c,inventory,,,,
5795,material,mc/mtl_c_zom_player_engineer_body,inventory,,,,
5796,image,~~-gc_zom_player_engineer_hea~7216a1e9,inventory,,,,
5797,image,c_zom_player_engineer_head_n,inventory,,,,
5798,image,~-gc_zom_player_engineer_head_c,inventory,,,,
5799,material,mc/mtl_c_zom_player_engineer_head,inventory,,,,
5800,image,~-gc_gen_arm_dirty_asian_c,inventory,,,,
5801,material,mc/mtl_c_gen_arm_dirty_asian,inventory,,,,
5802,image,~-gc_gen_eye_drbrown_c,inventory,,,,
5803,material,mc/mtl_gen_eye_iris_darkbrown,inventory,,,,
5804,techniqueset,mc_lit_sm_b0c0s0_q94f27qw,inventory,,,,
5805,image,~~-gc_zom_reporter_glass_s-rg~6e97e1ba,inventory,,,,
5806,image,~-gc_zom_reporter_glass_c,inventory,,,,
5807,image,c_usa_mp_fbi_glass_ir,inventory,,,,
5808,image,c_usa_mp_fbi_glass_n,inventory,,,,
5809,material,mc/mtl_c_usa_mp_fbi_glass_thermal,inventory,,,,
5810,material,mc/mtl_c_zom_player_reporter_glass,inventory,,,,
5811,xmodel,c_zom_player_engineer_fb,inventory,,,,
5812,image,~~-gviewarm_zom_engineer_s-rg~9b6b5fd4,inventory,,,,
5813,image,viewarm_zom_engineer_n,inventory,,,,
5814,image,~-gviewarm_zom_engineer_c,inventory,,,,
5815,material,mc/mtl_viewarm_zom_engineer,inventory,,,,
5816,image,~~-gviewarm_zom_engineer_s-rg~07e80038,inventory,,,,
5817,material,mc/mtl_viewarm_zom_engineer_skin,inventory,,,,
5818,xmodel,c_zom_engineer_viewhands,inventory,,,,
5819,script,character/c_transit_player_reporter.gsc,dumped_embedded,fastfiles/mod/assets/character/c_transit_player_reporter.gsc,346,f6157af4fd899da80b82f938cc953dcd876ad23f4429de39433a5a1a5fdab0ca,
5820,image,~~-gc_zom_player_reporter_gea~a73dea05,inventory,,,,
5821,image,c_zom_player_reporter_gear_n,inventory,,,,
5822,image,~-gc_zom_player_reporter_gear_c,inventory,,,,
5823,material,mc/mtl_c_zom_player_reporter_gear,inventory,,,,
5824,image,~-gc_zom_player_reporter_arm_c,inventory,,,,
5825,material,mc/mtl_c_zom_player_reporter_arm,inventory,,,,
5826,image,~~-gc_zom_player_reporter_s-r~ffb10a7a,inventory,,,,
5827,image,c_zom_player_reporter_n,inventory,,,,
5828,image,~-gc_zom_player_reporter_c,inventory,,,,
5829,material,mc/mtl_c_zom_player_reporter_body,inventory,,,,
5830,image,~~-gc_zom_player_reporter_hea~e3faf231,inventory,,,,
5831,image,c_zom_player_reporter_head_n,inventory,,,,
5832,image,~-gc_zom_player_reporter_head_c,inventory,,,,
5833,material,mc/mtl_c_zom_player_reporter_head,inventory,,,,
5834,xmodel,c_zom_player_reporter_fb,inventory,,,,
5835,image,~~-gviewarm_zom_reporter_s-rg~313ed5e1,inventory,,,,
5836,image,viewarm_zom_reporter_n,inventory,,,,
5837,image,~-gviewarm_zom_reporter_c,inventory,,,,
5838,material,mc/mtl_viewarm_zom_reporter,inventory,,,,
5839,image,~~-gviewarm_zom_reporter_s-rg~bc75c1d2,inventory,,,,
5840,material,mc/mtl_viewarm_zom_reporter_skin,inventory,,,,
5841,xmodel,c_zom_reporter_viewhands,inventory,,,,
5842,material,gfx_fxt_smk_tendril_add,inventory,,,,
5843,fx,weapon/zmb_staff/fx_zmb_staff_ice_exp,inventory,,,,
5844,image,fxt_smk_swirl,inventory,,,,
5845,material,gfx_fxt_smk_spiral,inventory,,,,
5846,material,gfx_fxt_smk_spiral_add_z40,inventory,,,,
5847,image,fxt_smk_trail_wisp,inventory,,,,
5848,material,gfx_fxt_smk_trail_wisp_add,inventory,,,,
5849,fx,weapon/zmb_staff/fx_zmb_staff_ice_ug_impact_miss_c,inventory,,,,
5850,material,gfx_fxt_env_water_splash2,inventory,,,,
5851,material,gfx_fxt_env_water_splash2_add,inventory,,,,
5852,material,gfx_fxt_env_dust_mote_pcloud_2_blend,inventory,,,,
5853,fx,weapon/zmb_staff/fx_zmb_staff_ice_ug_impact_hit_decal,inventory,,,,
5854,fx,weapon/zmb_staff/fx_zmb_staff_ice_ug_impact_hit,inventory,,,,
5855,material,gfx_fxt_light_flare_phosphorous_e60_z60,inventory,,,,
5856,image,fxt_bio_bloodburst_b,inventory,,,,
5857,material,gfx_fxt_bio_bloodburst_b,inventory,,,,
5858,material,gfx_fxt_smk_light_add_z200,inventory,,,,
5859,image,fxt_smk_def_4,inventory,,,,
5860,material,gfx_fxt_smk_def_4,inventory,,,,
5861,material,gfx_fxt_smk_tendril_ds64,inventory,,,,
5862,image,fxt_smk_def_3,inventory,,,,
5863,material,gfx_fxt_smk_def_3_z200,inventory,,,,
5864,material,gfx_fxt_smk_def_4_z200,inventory,,,,
5865,fx,weapon/zmb_staff/fx_zmb_staff_fire_ug_impact_exp_sm,inventory,,,,
5866,fx,weapon/zmb_staff/fx_zmb_staff_fire_ug_impact_exp_loop,inventory,,,,
5867,techniqueset,mc_sw4_3d_scrolling_alpha2_distort_z58wq263,inventory,,,,
5868,material,mc/fx_magma_ball_mtl,inventory,,,,
5869,xmodel,fx_magma_ball_mesh,inventory,,,,
5870,image,~-gmag_rock_lava_solid_c,inventory,,,,
5871,material,mc/mag_rock_lava_solid,inventory,,,,
5872,material,mc/fx_magma_splat02_mtl,inventory,,,,
5873,material,mc/gfx_crater_blacktop_splat,inventory,,,,
5874,xmodel,fx_magma_splat01_mesh,inventory,,,,
5875,xmodel,fx_magma_splat02_mesh,inventory,,,,
5876,fx,maps/mp_maps/fx_mp_magma_splat01,inventory,,,,
5877,techniqueset,particlecloud_zqe90390,inventory,,,,
5878,image,fxt_debris_fire_ember_cloud_01,inventory,,,,
5879,material,gfx_fxt_debris_fire_ember_cloud_01,inventory,,,,
5880,xmodel,fx_magma_splat03_mesh,inventory,,,,
5881,fx,maps/mp_maps/fx_mp_magma_splat02,inventory,,,,
5882,material,gfx_fxt_fire_anim_flicker_1_add_z2_eo,inventory,,,,
5883,fx,maps/mp_maps/fx_mp_magma_splat_sky_lg,inventory,,,,
5884,fx,weapon/zmb_staff/fx_zmb_staff_fire_ug_impact_exp,inventory,,,,
5885,fx,weapon/zmb_staff/fx_zmb_staff_fire_ug_impact_exp_1,inventory,,,,
5886,fx,weapon/zmb_staff/fx_zmb_staff_fire_ug_trail_bolt_charge,inventory,,,,
5887,techniqueset,sw4_3d_superflare_zmb_tomb_fire_bolt_lg_12706490,inventory,,,,
5888,material,gfx_fxt_superflare_zmb_tomb_fire_bolt_lg,inventory,,,,
5889,fx,weapon/zmb_staff/fx_zmb_staff_fire_ug_impact_hit_c,inventory,,,,
5890,material,gfx_fxt_debris_clump_ds64_z10,inventory,,,,
5891,xmodel,fxuse_sphere_fireball_cold,inventory,,,,
5892,xmodel,fxuse_sphere_fireball,inventory,,,,
5893,material,mc/mtl_fxuse_sphere_tendril_fireball_hit,inventory,,,,
5894,xmodel,fxuse_sphere_tendril_fireball_hit,inventory,,,,
5895,fx,weapon/zmb_staff/fx_zmb_staff_fire_ug_impact_hit,inventory,,,,
5896,material,gfx_fxt_light_flare_halogen_eo5,inventory,,,,
5897,fx,weapon/zmb_staff/fx_zmb_staff_fire_ug_impact_hit_end_c,inventory,,,,
5898,material,gfx_fxt_fire_anim_flicker_1,inventory,,,,
5899,material,gfx_fxt_fire_anim_flicker_1_add,inventory,,,,
5900,material,gfx_fxt_smk_light_z200,inventory,,,,
5901,image,fxt_exp_glow,inventory,,,,
5902,material,gfx_fxt_exp_glow_z60,inventory,,,,
5903,material,gfx_fxt_smk_def_1_z200,inventory,,,,
5904,techniqueset,effect_1w3e5wf8,inventory,,,,
5905,image,fxt_fx_emp_ring_wave,inventory,,,,
5906,material,gfx_fxt_fx_emp_ring_wave_z120,inventory,,,,
5907,fx,weapon/zmb_staff/fx_zmb_staff_fire_ug_impact_hit_end,inventory,,,,
5908,material,gfx_fxt_smk_cigar_add,inventory,,,,
5909,material,gfx_fxt_smk_scattered_add_z80,inventory,,,,
5910,image,fxt_bio_fly,inventory,,,,
5911,material,gfx_fxt_bio_fly,inventory,,,,
5912,image,fxt_env_dust_mote_pcloud_1,inventory,,,,
5913,material,gfx_fxt_env_dust_mote_pcloud_1_add,inventory,,,,
5914,image,fxt_env_dust_mote_pcloud_4,inventory,,,,
5915,material,gfx_fxt_env_dust_mote_pcloud_4_add,inventory,,,,
5916,fx,maps/zombie/fx_zm_vulture_perk_stink,inventory,,,,
5917,fx,maps/zombie/fx_zm_vulture_perk_stink_trail,inventory,,,,
5918,image,fxt_light_ray_spread,inventory,,,,
5919,material,gfx_fxt_light_ray_spread_z1,inventory,,,,
5920,material,gfx_fxt_light_flare2_mouthglow,inventory,,,,
5921,fx,maps/zombie/fx_zombie_tesla_shock_eyes,inventory,,,,
5922,fx,maps/zombie/fx_zombie_tesla_bolt_secondary,inventory,,,,
5923,xanim,ai_zombie_dlc4_tesla_death_a,inventory,,,,
5924,xanim,ai_zombie_dlc4_tesla_death_b,inventory,,,,
5925,xanim,ai_zombie_dlc4_tesla_death_c,inventory,,,,
5926,xanim,ai_zombie_dlc4_tesla_death_d,inventory,,,,
5927,xanim,ai_zombie_dlc4_tesla_death_e,inventory,,,,
5928,xanim,ai_zombie_dlc4_tesla_crawl_death_a,inventory,,,,
5929,xanim,ai_zombie_dlc4_tesla_crawl_death_b,inventory,,,,
5930,image,~~-gp6_zm_vending_diesel_magi~918bd30f,inventory,,,,
5931,image,p6_zm_vending_diesel_magic_n,inventory,,,,
5932,image,~-gp6_zm_vending_diesel_magic_c,inventory,,,,
5933,material,mc/mtl_p6_zm_vending_diesel_magic,inventory,,,,
5934,image,p6_zm_vending_diesel_magic_acc_m,inventory,,,,
5935,image,~~-gp6_zm_vending_diesel_magi~d7c5246f,inventory,,,,
5936,image,p6_zm_vending_diesel_magic_acc_n,inventory,,,,
5937,image,~-gp6_zm_vending_diesel_magic_acc_c,inventory,,,,
5938,techniqueset,mc_sw4_3d_phong_emissive_script_multi_j05zz52w,inventory,,,,
5939,material,mc/mtl_p6_zm_vending_diesel_magic_acc,inventory,,,,
5940,image,p6_zm_vending_diesel_magic_m,inventory,,,,
5941,image,~~-gp6_zm_vending_diesel_magi~ac6d35ab,inventory,,,,
5942,techniqueset,mc_sw4_3d_phong_emissive_script_multi_72q2fj2u,inventory,,,,
5943,material,mc/mtl_p6_zm_vending_diesel_magic_ball,inventory,,,,
5944,material,mc/mtl_p6_zm_vending_diesel_magic_logo,inventory,,,,
5945,techniqueset,mc_sw4_3d_cod7_tile_blend_spec_8w40z341,inventory,,,,
5946,image,p6_zm_tm_monolith_rock_n,inventory,,,,
5947,image,~zm_tm_rock_pattern_01_g-r&~-~afccef12,inventory,,,,
5948,image,~p6_zm_tm_monolith_dark_g-r&~~d7c0027f,inventory,,,,
5949,image,~-gp6_zm_tm_monolith_dark_c,inventory,,,,
5950,image,zm_tm_rock_pattern_01_n,inventory,,,,
5951,image,p6_zm_tm_monolith_dark_n,inventory,,,,
5952,image,~-gzm_tm_rock_pattern_01_c,inventory,,,,
5953,image,p6_zm_tm_monolith_rock_ao,inventory,,,,
5954,material,mc/mtl_p6_zm_tm_monolith_rock,inventory,,,,
5955,techniqueset,mc_sw4_3d_unlit_3layer_normal_script_q0zez5ju,inventory,,,,
5956,image,mtl_p6_zm_tm_crystal_n,inventory,,,,
5957,image,~-gmtl_p6_zm_tm_crystal_bubbles_c,inventory,,,,
5958,image,~-gmtl_p6_zm_tm_crystal_c,inventory,,,,
5959,image,~-gmtl_p6_zm_tm_crystal_e,inventory,,,,
5960,material,mc/mtl_p6_zm_tm_crystal,inventory,,,,
5961,image,~~-gchemistry_glass_s-rgb&~-r~5b2cfb67,inventory,,,,
5962,image,~-gchemistry_glass_c,inventory,,,,
5963,material,mc/mtl_p6_zm_tm_science_glass,inventory,,,,
5964,xmodel,p6_zm_vending_diesel_magic,inventory,,,,
5965,image,p6_zm_screecher_hole_n,inventory,,,,
5966,image,~-gp6_zm_screecher_hole_c,inventory,,,,
5967,material,mc/mtl_p6_zm_screecher_hole,inventory,,,,
5968,techniqueset,mc_sw4_3d_unlit_3layer_z7f157e1,inventory,,,,
5969,image,~-gp6_zm_screecher_hole_p1_c,inventory,,,,
5970,image,~-gp6_zm_screecher_hole_p2_c,inventory,,,,
5971,image,~-gp6_zm_screecher_hole_p3_c,inventory,,,,
5972,material,mc/mtl_p6_zm_screecher_hole_p,inventory,,,,
5973,xmodel,p6_zm_screecher_hole,inventory,,,,
5974,image,grenade_pouch_nml,inventory,,,,
5975,image,~~-gsemtex_pouch_clr-rgb&~-rg~85b721be,inventory,,,,
5976,material,mc/mtl_semtex_pouch,inventory,,,,
5977,xmodel,semtex_bag,inventory,,,,
5978,techniqueset,mc_lit_sm_r0c0s0o0_ee9fz78e,inventory,,,,
5979,image,~~-gmtl_t6_wpn_grenade_semtex~c700925e,inventory,,,,
5980,image,mtl_t6_wpn_grenade_semtex_nml,inventory,,,,
5981,image,~-gmtl_t6_wpn_grenade_semtex_col,inventory,,,,
5982,material,mc/mtl_t6_wpn_grenade_semtex,inventory,,,,
5983,xmodel,t6_wpn_grenade_semtex_view,inventory,,,,
5984,physpreset,frag_grenade,inventory,,,,
5985,xmodel,t6_wpn_grenade_semtex_world,inventory,,,,
5986,xmodel,t6_wpn_grenade_semtex_projectile,inventory,,,,
5987,image,hud_sticky_grenade_32,inventory,,,,
5988,material,hud_icon_sticky_grenade,inventory,,,,
5989,xanim,viewmodel_m67_idle,inventory,,,,
5990,xanim,viewmodel_m67_throw,inventory,,,,
5991,xanim,viewmodel_m67_pullpin,inventory,,,,
5992,weapon,sticky_grenade_zm,inventory,,,,
5993,material,gfx_fxt_light_flare2_eo5,inventory,,,,
5994,image,t9_gallo_blastomatic_barrel_cover_s,inventory,,,,
5995,image,t9_gallo_blastomatic_barrel_cover_n,inventory,,,,
5996,image,t9_gallo_blastomatic_barrel_cover_o,inventory,,,,
5997,image,t9_gallo_blastomatic_barrel_cover_c,inventory,,,,
5998,image,t9_gallo_blastomatic_pgrip_s,inventory,,,,
5999,image,t9_gallo_blastomatic_pgrip_n,inventory,,,,
6000,image,t9_gallo_blastomatic_pgrip_o,inventory,,,,
6001,image,t9_gallo_blastomatic_pgrip_c,inventory,,,,
6002,image,t9_gallo_blastomatic_body_s,inventory,,,,
6003,image,t9_gallo_blastomatic_body_n,inventory,,,,
6004,image,t9_gallo_blastomatic_body_o,inventory,,,,
6005,image,t9_gallo_blastomatic_body_c,inventory,,,,
6006,image,",~-gglobal_black_c",inventory,,,,
6007,image,t9_gallo_blastomatic_lazer_s,inventory,,,,
6008,image,t9_gallo_blastomatic_lazer_n,inventory,,,,
6009,image,t9_gallo_blastomatic_lazer_o,inventory,,,,
6010,image,t9_gallo_blastomatic_lazer_c,inventory,,,,
6011,image,t9_gallo_blastomatic_triggergroup_s,inventory,,,,
6012,image,t9_gallo_blastomatic_triggergroup_n,inventory,,,,
6013,image,t9_gallo_blastomatic_triggergroup_o,inventory,,,,
6014,image,t9_gallo_blastomatic_triggergroup_c,inventory,,,,
6015,image,t9_gallo_blastomatic_forend_s,inventory,,,,
6016,image,t9_gallo_blastomatic_forend_n,inventory,,,,
6017,image,t9_gallo_blastomatic_forend_o,inventory,,,,
6018,image,t9_gallo_blastomatic_forend_c,inventory,,,,
6019,image,t9_gallo_blastomatic_pump_s,inventory,,,,
6020,image,t9_gallo_blastomatic_pump_n,inventory,,,,
6021,image,t9_gallo_blastomatic_pump_o,inventory,,,,
6022,image,t9_gallo_blastomatic_pump_c,inventory,,,,
6023,image,t9_gallo_blastomatic_misc_s,inventory,,,,
6024,image,t9_gallo_blastomatic_misc_n,inventory,,,,
6025,image,t9_gallo_blastomatic_misc_o,inventory,,,,
6026,image,t9_gallo_blastomatic_misc_c,inventory,,,,
6027,image,t9_gallo_blastomatic_barrel_s,inventory,,,,
6028,image,t9_gallo_blastomatic_barrel_n,inventory,,,,
6029,image,t9_gallo_blastomatic_barrel_o,inventory,,,,
6030,image,t9_gallo_blastomatic_barrel_c,inventory,,,,
6031,image,t9_gallo_blastomatic_meter_c,inventory,,,,
6032,image,t9_gallo_blastomatic_shell_s,inventory,,,,
6033,image,t9_gallo_blastomatic_shell_n,inventory,,,,
6034,image,t9_gallo_blastomatic_shell_o,inventory,,,,
6035,image,t9_gallo_blastomatic_shell_c,inventory,,,,
6036,image,t9_gallo_blastomatic_stock_s,inventory,,,,
6037,image,t9_gallo_blastomatic_stock_n,inventory,,,,
6038,image,t9_gallo_blastomatic_stock_o,inventory,,,,
6039,image,t9_gallo_blastomatic_stock_c,inventory,,,,
6040,image,t9_gallo_blastomatic_muzzle_s,inventory,,,,
6041,image,t9_gallo_blastomatic_muzzle_n,inventory,,,,
6042,image,t9_gallo_blastomatic_muzzle_o,inventory,,,,
6043,image,t9_gallo_blastomatic_muzzle_c,inventory,,,,
6044,material,mtl_t9_gallo_blastomatic_barrel_cover,inventory,,,,
6045,material,mtl_t9_gallo_blastomatic_pgrip,inventory,,,,
6046,material,mtl_t9_gallo_blastomatic_body,inventory,,,,
6047,material,mtl_t9_gallo_blastomatic_power,inventory,,,,
6048,material,mtl_t9_gallo_blastomatic_lazer,inventory,,,,
6049,material,mtl_t9_gallo_blastomatic_triggergroup,inventory,,,,
6050,material,mtl_t9_gallo_blastomatic_forend,inventory,,,,
6051,material,mtl_t9_gallo_blastomatic_pump,inventory,,,,
6052,material,mtl_t9_gallo_blastomatic_misc,inventory,,,,
6053,material,mtl_t9_gallo_blastomatic_barrel,inventory,,,,
6054,material,mtl_t9_gallo_blastomatic_meter,inventory,,,,
6055,material,mtl_t9_gallo_blastomatic_shell,inventory,,,,
6056,material,mtl_t9_gallo_blastomatic_stock,inventory,,,,
6057,material,mtl_t9_gallo_blastomatic_muzzle,inventory,,,,
6058,xmodel,vm_t9_gallo_blastomatic,inventory,,,,
6059,xmodel,wm_t9_gallo_blastomatic,inventory,,,,
6060,image,t9_gallo_blastomatic_power_pap_c_01,inventory,,,,
6061,image,t9_gallo_blastomatic_power_pap_c_02,inventory,,,,
6062,material,mtl_t9_gallo_blastomatic_power_pap,inventory,,,,
6063,xmodel,vm_t9_gallo_blastomatic_pap,inventory,,,,
6064,xmodel,wm_t9_gallo_blastomatic_pap,inventory,,,,
6065,camo,camo_t9_gallo,inventory,,,,
6066,xanim,vm_t9_gallo_idle,inventory,,,,
6067,xanim,vm_t9_gallo_fire,inventory,,,,
6068,xanim,vm_t9_gallo_fire_last,inventory,,,,
6069,xanim,vm_t9_gallo_reload_loop,inventory,,,,
6070,xanim,vm_t9_gallo_reload_in,inventory,,,,
6071,xanim,vm_t9_gallo_reload_out,inventory,,,,
6072,xanim,vm_t9_gallo_raise,inventory,,,,
6073,xanim,vm_t9_gallo_drop,inventory,,,,
6074,xanim,vm_t9_gallo_raise_first,inventory,,,,
6075,xanim,vm_t9_gallo_raise_quick,inventory,,,,
6076,xanim,vm_t9_gallo_drop_quick,inventory,,,,
6077,xanim,vm_t9_gallo_sprint_in,inventory,,,,
6078,xanim,vm_t9_gallo_sprint_loop,inventory,,,,
6079,xanim,vm_t9_gallo_sprint_out,inventory,,,,
6080,xanim,vm_t9_gallo_crawl_in,inventory,,,,
6081,xanim,vm_t9_gallo_crawl_f,inventory,,,,
6082,xanim,vm_t9_gallo_crawl_b,inventory,,,,
6083,xanim,vm_t9_gallo_crawl_r,inventory,,,,
6084,xanim,vm_t9_gallo_crawl_l,inventory,,,,
6085,xanim,vm_t9_gallo_crawl_out,inventory,,,,
6086,xanim,vm_t9_gallo_fire_ads,inventory,,,,
6087,xanim,vm_t9_gallo_fire_last_ads,inventory,,,,
6088,xanim,vm_t9_gallo_ads_up,inventory,,,,
6089,xanim,vm_t9_gallo_ads_down,inventory,,,,
6090,xanim,vm_t9_gallo_d2p_in,inventory,,,,
6091,xanim,vm_t9_gallo_d2p_loop,inventory,,,,
6092,xanim,vm_t9_gallo_d2p_out,inventory,,,,
6093,weapon,t9_blastomatic_zm,inventory,,,,
6094,weapon,t9_blastomatic_upgraded_zm,inventory,,,,
6095,material,mc/mtl_t9_gallo_blastomatic_barrel,inventory,,,,
6096,material,mc/mtl_t9_gallo_blastomatic_barrel_cover,inventory,,,,
6097,material,mc/mtl_t9_gallo_blastomatic_body,inventory,,,,
6098,material,mc/mtl_t9_gallo_blastomatic_forend,inventory,,,,
6099,material,mc/mtl_t9_gallo_blastomatic_lazer,inventory,,,,
6100,material,mc/mtl_t9_gallo_blastomatic_meter,inventory,,,,
6101,material,mc/mtl_t9_gallo_blastomatic_misc,inventory,,,,
6102,material,mc/mtl_t9_gallo_blastomatic_muzzle,inventory,,,,
6103,material,mc/mtl_t9_gallo_blastomatic_pgrip,inventory,,,,
6104,material,mc/mtl_t9_gallo_blastomatic_power,inventory,,,,
6105,material,mc/mtl_t9_gallo_blastomatic_power_pap,inventory,,,,
6106,material,mc/mtl_t9_gallo_blastomatic_pump,inventory,,,,
6107,material,mc/mtl_t9_gallo_blastomatic_shell,inventory,,,,
6108,material,mc/mtl_t9_gallo_blastomatic_stock,inventory,,,,
6109,material,mc/mtl_t9_gallo_blastomatic_triggergroup,inventory,,,,
6110,fx,weapon/blundersplat/fx_blundersplat_exp_bounce,inventory,,,,
6111,fx,weapon/blundersplat/fx_blundersplat_exp,inventory,,,,
6112,image,~-gfxt_bio_blood_cloud,inventory,,,,
6113,material,mc/gfx_impact_liquid_spatter01,inventory,,,,
6114,material,wc/gfx_impact_liquid_spatter01,inventory,,,,
6115,fx,weapon/blundersplat/fx_blundersplat_impact,inventory,,,,
6116,xanim,ai_zombie_acid_stun_a,inventory,,,,
6117,xanim,ai_zombie_acid_stun_b,inventory,,,,
6118,xanim,ai_zombie_acid_stun_c,inventory,,,,
6119,xanim,ai_zombie_acid_stun_d,inventory,,,,
6120,xanim,ai_zombie_acid_stun_e,inventory,,,,
6121,techniqueset,effect_ej431eje,inventory,,,,
6122,image,fxt_light_glow,inventory,,,,
6123,material,gfx_fxt_light_glow_z0,inventory,,,,
6124,image,fxt_light_ray_search,inventory,,,,
6125,material,gfx_fxt_light_ray_search_z3,inventory,,,,
6126,material,gfx_fxt_light_glow_z2,inventory,,,,
6127,fx,maps/zombie_alcatraz/fx_zombie_eye_single_red,inventory,,,,
6128,script,character/c_zom_dlc0_zombie_hazmat_2.gsc,dumped_embedded,fastfiles/mod/assets/character/c_zom_dlc0_zombie_hazmat_2.gsc,1941,e0eb946816ce9a1b5b5e28e36d433ee1696a1984e5b25a3398202e286f04f3ae,
6129,script,character/clientscripts/c_zom_dlc0_zombie_hazmat_2.csc,dumped_embedded,fastfiles/mod/assets/character/clientscripts/c_zom_dlc0_zombie_hazmat_2.csc,907,c43be93cdbf79cb215fdd0e71fdbdec766bcedb94780059ffdd311d20880523c,
6130,script,aitype/zm_nuked_basic_01.gsc,dumped_embedded,fastfiles/mod/assets/aitype/zm_nuked_basic_01.gsc,14762,00b81e8fbaae75067881177cca6755812bbee7dae0bd2874e5d07804d275d7c9,
6131,image,~~-gc_zom_dlc0_hazmat_zombie_~56115f4b,inventory,,,,
6132,image,c_zom_dlc0_hazmat_zombie_mask_n,inventory,,,,
6133,image,~-gc_zom_dlc0_hazmat_zombie_mask_c,inventory,,,,
6134,image,c_zom_zombie1_body_ir,inventory,,,,
6135,image,c_zom_zombie1_body_n,inventory,,,,
6136,material,mc/mtl_c_zom_zombie1_body01_thrm,inventory,,,,
6137,material,mc/mtl_c_zom_dlc0_zombie_hazmat_head_mask,inventory,,,,
6138,image,~~-gc_zom_dlc0_hazmat_zombie_~47de35f4,inventory,,,,
6139,image,c_zom_dlc0_hazmat_zombie_body_n,inventory,,,,
6140,image,~-gc_zom_dlc0_hazmat_zombie_body_2_c,inventory,,,,
6141,material,mc/mtl_c_zom_dlc0_zombie_hazmat_body_2,inventory,,,,
6142,xmodel,c_zom_dlc0_zom_haz_body2,inventory,,,,
6143,xmodel,c_zom_dlc0_zom_haz_body2_upclean,inventory,,,,
6144,techniqueset,mc_sw4_3d_char_hair_287j114q,inventory,,,,
6145,image,~~-glimbs_s-rgb&~-rlimbs_g&limbs_n-r,inventory,,,,
6146,material,mc/mtl_c_gen_limb_gore_blend,inventory,,,,
6147,image,~~-gchar_gen_gib_decals_s-rgb~335a6e43,inventory,,,,
6148,image,char_gen_gib_decals_n,inventory,,,,
6149,image,~-gchar_gen_gib_decals,inventory,,,,
6150,material,mc/mtl_c_gen_gore_alpha,inventory,,,,
6151,techniqueset,mc_sw4_3d_char_skin_3e77jj31,inventory,,,,
6152,material,mc/mtl_c_gen_limb_gore,inventory,,,,
6153,xmodel,c_zom_dlc0_zom_haz_body2_rarmoff,inventory,,,,
6154,xmodel,c_zom_dlc0_zom_haz_body2_larmoff,inventory,,,,
6155,xmodel,c_zom_dlc0_zom_haz_body2_behead,inventory,,,,
6156,xmodel,c_zom_dlc0_zom_haz_body2_lowclean,inventory,,,,
6157,xmodel,c_zom_dlc0_zom_haz_body2_rlegoff,inventory,,,,
6158,xmodel,c_zom_dlc0_zom_haz_body2_llegoff,inventory,,,,
6159,xmodel,c_zom_dlc0_zom_haz_body2_legsoff,inventory,,,,
6160,material,mc/mtl_c_gen_gore_punch,inventory,,,,
6161,material,mc/mtl_c_gen_limb_gore_alpha,inventory,,,,
6162,physpreset,gib,inventory,,,,
6163,xmodel,c_zom_dlc0_zom_haz_body2_g_rarmspawn,inventory,,,,
6164,xmodel,c_zom_dlc0_zom_haz_body2_g_larmspawn,inventory,,,,
6165,xmodel,c_zom_dlc0_zom_haz_body2_g_rlegspawn,inventory,,,,
6166,xmodel,c_zom_dlc0_zom_haz_body2_g_llegspawn,inventory,,,,
6167,techniqueset,mc_sw4_3d_model_unlit_cheap_zombie_eyes_jq3e7eqw,inventory,,,,
6168,image,c_zom_zombie_head_a_ir,inventory,,,,
6169,image,c_zom_zombie_head_a_n,inventory,,,,
6170,material,mc/mtl_c_zom_zombie_head_a_therm,inventory,,,,
6171,material,mc/mtl_c_zom_dlc0_zombie_hazmat_head_mask_u,inventory,,,,
6172,xmodel,c_zom_dlc0_zom_haz_head_mask,inventory,,,,
6173,image,~-gc_zom_dlc0_hazmat_zombie_mask_b_c,inventory,,,,
6174,material,mc/mtl_c_zom_dlc0_zombie_hazmat_head_mask_ub,inventory,,,,
6175,xmodel,c_zom_dlc0_zom_haz_head_mask_blueeyes,inventory,,,,
6176,image,~~-gp6_zm_tm_one_inch_punch_s~9a49be94,inventory,,,,
6177,image,p6_zm_tm_one_inch_punch_n,inventory,,,,
6178,image,~-gp6_zm_tm_one_inch_punch_c,inventory,,,,
6179,material,mc/mtl_p6_zm_tm_one_inch_punch,inventory,,,,
6180,xmodel,p6_zm_tm_one_inch_punch,inventory,,,,
6181,xanim,pt_one_inch_punch_stand,inventory,,,,
6182,xanim,pb_one_inch_punch_charge,inventory,,,,
6183,xanim,pt_one_inch_punch_stand_staff,inventory,,,,
6184,xanim,pb_one_inch_punch_charge_staff,inventory,,,,
6185,xanim,pt_one_inch_punch_stand_hold,inventory,,,,
6186,xanim,pb_one_inch_punch_charge_hold,inventory,,,,
6187,material,gfx_fxt_smk_light_z120,inventory,,,,
6188,fx,maps/zombie_tomb/fx_tomb_perk_one_inch_punch,inventory,,,,
6189,material,gfx_fxt_smk_puff_z2,inventory,,,,
6190,fx,maps/zombie_tomb/fx_tomb_perk_one_inch_punch_impact,inventory,,,,
6191,xanim,viewmodel_zomb_1inchpunch_idle,inventory,,,,
6192,xanim,viewmodel_zomb_1inchpunch_melee,inventory,,,,
6193,xanim,viewmodel_zomb_1inchpunch_charge,inventory,,,,
6194,xmodel,t6_wpn_none_view,inventory,,,,
6195,xmodel,t6_wpn_none_world,inventory,,,,
6196,weapon,one_inch_punch_zm,inventory,,,,
6197,fx,maps/zombie_tomb/fx_tomb_perk_one_inch_punch_ice,inventory,,,,
6198,fx,maps/zombie_tomb/fx_tomb_perk_one_inch_punch_impact_ice,inventory,,,,
6199,weapon,one_inch_punch_ice_zm,inventory,,,,
6200,fx,maps/zombie_tomb/fx_tomb_perk_one_inch_punch_ug,inventory,,,,
6201,fx,maps/zombie_tomb/fx_tomb_perk_one_inch_punch_impact_ug,inventory,,,,
6202,weapon,one_inch_punch_upgraded_zm,inventory,,,,
6203,xanim,viewmodel_zomb_1inchpunch_first_raise,inventory,,,,
6204,weapon,zombie_one_inch_punch_flourish,inventory,,,,
6205,xanim,viewmodel_zomb_1inchpunch_upg_first_raise,inventory,,,,
6206,weapon,zombie_one_inch_punch_upgrade_flourish,inventory,,,,
6207,image,fxt_spark_anim_blink,inventory,,,,
6208,material,gfx_fxt_spark_anim_blink_eo2_z2,inventory,,,,
6209,image,fxt_light_ray_ribbon_spread,inventory,,,,
6210,material,gfx_fxt_light_ray_ribbon_spread_z3,inventory,,,,
6211,fx,weapon/zmb_staff/fx_zmb_staff_charge_souls,inventory,,,,
6212,xmodel,zombie_pickup_perk_bottle,inventory,,,,
6213,xmodel,zombie_z_money_icon,inventory,,,,
6214,techniqueset,mc_treecanopy_sm_68zw237j,inventory,,,,
6215,image,~-gt5_foliage_shrub_leaf01_c,inventory,,,,
6216,material,mc/t5_foliage_shrub_leaf01,inventory,,,,
6217,techniqueset,mc_treecanopy_sm_q8e8z12f,inventory,,,,
6218,image,~-gt5_foliage_grass_leafy01_c,inventory,,,,
6219,material,mc/t5_foliage_grass_leafy01,inventory,,,,
6220,material,mc/t5_foliage_grass_leafy01_static,inventory,,,,
6221,xmodel,t5_foliage_shrubs02,inventory,,,,
6222,material,gfx_fxt_smk_def_1_z20,inventory,,,,
6223,material,gfx_fxt_smk_def_1_z200_ds192,inventory,,,,
6224,fx,maps/zombie/fx_zmb_tranzit_fire_med,inventory,,,,
6225,xanim,ai_zombie_thundergun_hit,inventory,,,,
6226,xanim,ai_zombie_thundergun_hit_armslegsforward,inventory,,,,
6227,xanim,ai_zombie_thundergun_hit_doublebounce,inventory,,,,
6228,xanim,ai_zombie_thundergun_hit_forwardtoface,inventory,,,,
6229,xanim,ai_zombie_thundergun_hit_upontoback,inventory,,,,
6230,xanim,ai_zombie_thundergun_hit_stumblefall,inventory,,,,
6231,xanim,ai_zombie_thundergun_hit_deadfallknee,inventory,,,,
6232,xanim,ai_zombie_thundergun_hit_flatonback,inventory,,,,
6233,xanim,ai_zombie_thundergun_hit_legsout_right,inventory,,,,
6234,xanim,ai_zombie_thundergun_hit_legsout_left,inventory,,,,
6235,xanim,ai_zombie_thundergun_hit_jackiespin_left,inventory,,,,
6236,xanim,ai_zombie_thundergun_hit_jackiespin_right,inventory,,,,
6237,xanim,ai_zombie_thundergun_hit_faceplant,inventory,,,,
6238,xanim,ai_zombie_thundergun_getup,inventory,,,,
6239,xanim,ai_zombie_thundergun_getup_a,inventory,,,,
6240,xanim,ai_zombie_thundergun_getup_b,inventory,,,,
6241,xanim,ai_zombie_thundergun_getup_c,inventory,,,,
6242,xanim,ai_zombie_thundergun_getup_quick_a,inventory,,,,
6243,xanim,ai_zombie_thundergun_getup_quick_b,inventory,,,,
6244,xanim,ai_zombie_thundergun_getup_quick_c,inventory,,,,
6245,xanim,ai_zombie_thundergun_sprinter_getup_a,inventory,,,,
6246,xanim,ai_zombie_thundergun_sprinter_getup_b,inventory,,,,
6247,xanim,ai_zombie_thundergun_sprinter_getup_c,inventory,,,,
6248,script,clientscripts/mp/zombies/_zm_ai_brutus.csc,dumped_embedded,fastfiles/mod/assets/clientscripts/mp/zombies/_zm_ai_brutus.csc,2575,bb4f91d53b0538a9ae2225c72ca1cbb9dc76e2a80ff8e94c3dd8a45256bc0747,
6249,script,maps/mp/zombies/_zm_ai_brutus.gsc,dumped_embedded,fastfiles/mod/assets/maps/mp/zombies/_zm_ai_brutus.gsc,81731,d31a29b3a16d4cf6309f5e9b5cbc010bd726138b8f772c560bddc6d532cd52a6,
6250,script,aitype/zm_alcatraz_brutus.gsc,dumped_embedded,fastfiles/mod/assets/aitype/zm_alcatraz_brutus.gsc,3149,d908d2910a9531bebf6fe86d18bf244ffed30a0213c00053f01aba3ac7209a7d,
6251,xanim,ai_zombie_cellbreaker_attack_swingleft,inventory,,,,
6252,xanim,ai_zombie_cellbreaker_attack_swingright_a,inventory,,,,
6253,xanim,ai_zombie_cellbreaker_attack_swingright_b,inventory,,,,
6254,xanim,ai_zombie_cellbreaker_death,inventory,,,,
6255,xanim,ai_zombie_cellbreaker_death_a,inventory,,,,
6256,xanim,ai_zombie_cellbreaker_death_explode,inventory,,,,
6257,xanim,ai_zombie_cellbreaker_death_mg,inventory,,,,
6258,xanim,ai_zombie_cellbreaker_tesla_death_a,inventory,,,,
6259,xanim,ai_zombie_cellbreaker_enrage_start,inventory,,,,
6260,xanim,ai_zombie_cellbreaker_idle_a,inventory,,,,
6261,xanim,ai_zombie_cellbreaker_idle_b,inventory,,,,
6262,xanim,ai_zombie_cellbreaker_run_a,inventory,,,,
6263,xanim,ai_zombie_cellbreaker_run_b,inventory,,,,
6264,xanim,ai_zombie_cellbreaker_run_c,inventory,,,,
6265,xanim,ai_zombie_cellbreaker_run_d,inventory,,,,
6266,xanim,ai_zombie_cellbreaker_sprint_a,inventory,,,,
6267,xanim,ai_zombie_cellbreaker_sprint_b,inventory,,,,
6268,xanim,ai_zombie_cellbreaker_walk_a,inventory,,,,
6269,xanim,ai_zombie_cellbreaker_boardsmash_a,inventory,,,,
6270,xanim,ai_zombie_cellbreaker_boardsmash_b,inventory,,,,
6271,xanim,ai_zombie_cellbreaker_boardsmash_c,inventory,,,,
6272,xanim,ai_zombie_cellbreaker_lock_magicbox,inventory,,,,
6273,xanim,ai_zombie_cellbreaker_lock_perkmachine,inventory,,,,
6274,xanim,ai_zombie_cellbreaker_lock_planeramp,inventory,,,,
6275,xanim,ai_zombie_cellbreaker_bullcharge_tell,inventory,,,,
6276,xanim,ai_zombie_cellbreaker_gasattack,inventory,,,,
6277,xanim,ai_zombie_cellbreaker_headpain,inventory,,,,
6278,xanim,ai_zombie_cellbreaker_spawn,inventory,,,,
6279,xanim,ai_zombie_cellbreaker_stumble_running,inventory,,,,
6280,xanim,ai_zombie_cellbreaker_summondogs,inventory,,,,
6281,rawfile,animtrees/zm_alcatraz_brutus.atr,dumped_embedded,fastfiles/mod/assets/animtrees/zm_alcatraz_brutus.atr,332,6f71898a728bf0f0c59b3e66d7fe5cb7e889049d42332bc2566b87e5491a16d4,
6282,rawfile,animstatedefs/zm_alcatraz_brutus.asd,dumped_embedded,fastfiles/mod/assets/animstatedefs/zm_alcatraz_brutus.asd,2326,771ad49ea45c8475822642ec0f81555c167dce47e99c9487eb892d4aee16284d,
6283,script,character/c_zom_cellbreaker.gsc,dumped_embedded,fastfiles/mod/assets/character/c_zom_cellbreaker.gsc,374,b93768284006959b2483495805c0fafc562c7119eafe83280360bf25828a1954,
6284,image,~~-gc_zom_bruiser_body_zom_s-~da086c70,inventory,,,,
6285,image,c_zom_bruiser_body_zom_n,inventory,,,,
6286,image,~-gc_zom_bruiser_body_zom_c,inventory,,,,
6287,material,mc/mtl_c_zom_brutus_body,inventory,,,,
6288,image,~~-gc_zom_bruiser_helmet_zom_~bb61d24e,inventory,,,,
6289,image,c_zom_bruiser_helmet_zom_n,inventory,,,,
6290,image,~-gc_zom_bruiser_helmet_zom_c,inventory,,,,
6291,material,mc/mtl_c_zom_brutus_helmet,inventory,,,,
6292,image,~~-gc_zom_bruiser_gloves_zom_~f854d997,inventory,,,,
6293,image,c_zom_bruiser_gloves_zom_n,inventory,,,,
6294,image,~-gc_zom_bruiser_gloves_zom_c,inventory,,,,
6295,material,mc/mtl_c_zom_brutus_gloves,inventory,,,,
6296,image,~-gmtl_c_zom_cellbreaker_head_c,inventory,,,,
6297,image,~~-gmtl_c_zom_zombie_hellcatr~fafb20bc,inventory,,,,
6298,image,mtl_c_zom_zombie_hellcatraz_head_n,inventory,,,,
6299,material,mc/mtl_c_zom_brutus_head,inventory,,,,
6300,techniqueset,mc_sw4_3d_char_cloth_84j5ew7q,inventory,,,,
6301,image,~~-gc_zom_bruiser_alphas_s-rg~d0a51ee3,inventory,,,,
6302,image,c_zom_bruiser_alphas_n,inventory,,,,
6303,image,~-gc_zom_bruiser_alphas_c,inventory,,,,
6304,material,mc/mtl_c_zom_brutus_alpha_punch,inventory,,,,
6305,image,~-gmtl_c_zom_zombie_hellcatraz_head_c,inventory,,,,
6306,image,c_zom_zombie_head_n_ir,inventory,,,,
6307,image,c_zom_zombie_head_n_n,inventory,,,,
6308,material,mc/mtl_c_zom_zombie_head_n_therm,inventory,,,,
6309,material,mc/mtl_c_zom_zombie_hellcatraz_head_unlit,inventory,,,,
6310,xmodel,c_zom_cellbreaker_fb,inventory,,,,
6311,techniqueset,mc_sw4_3d_char_cloth_51771697,inventory,,,,
6312,material,mc/mtl_c_zom_brutus_alpha,inventory,,,,
6313,physpreset,helmet,inventory,,,,
6314,xmodel,c_zom_cellbreaker_helmet,inventory,,,,
6315,script,character/clientscripts/c_zom_cellbreaker.csc,dumped_embedded,fastfiles/mod/assets/character/clientscripts/c_zom_cellbreaker.csc,140,3b5f3f1b0ca6ab64db54a44cb251f8d3f5f2ccc5744cf6f42c669dbf0aa2d4a6,
6316,script,aitype/clientscripts/zm_alcatraz_brutus.csc,dumped_embedded,fastfiles/mod/assets/aitype/clientscripts/zm_alcatraz_brutus.csc,656,93831ce210690d03c42365cb0b1cf354517f7ad59ce8b4531156d863dffdb634,
6317,rawfile,shock/mp_radiation_high.shock,dumped_embedded,fastfiles/mod/assets/shock/mp_radiation_high.shock,787,5f37b8b7b015ac9dda72d88065be15ed0cce46b4fba97976efea3cf3f2de0700,
6318,rawfile,shock/mp_radiation_med.shock,dumped_embedded,fastfiles/mod/assets/shock/mp_radiation_med.shock,787,bd3fea8125e2c478d60dc91d62a7b3e882eb97c1de368c0d61c239f8db99e1c5,
6319,rawfile,shock/mp_radiation_low.shock,dumped_embedded,fastfiles/mod/assets/shock/mp_radiation_low.shock,785,c141b8fe96ed41bac9e037f2da8115015176494fbe67a273daf643c5be53ce3b,
6320,rawfile,rumble/brutus_footsteps,dumped_embedded,fastfiles/mod/assets/rumble/brutus_footsteps,154,4d97ba3aaee6f8f780c686bb5fa3203d80ff65cef7bf800430c2b63a6a687904,
6321,material,gfx_fxt_light_ray_search,inventory,,,,
6322,material,gfx_fxt_light_ray_spread,inventory,,,,
6323,fx,maps/zombie_alcatraz/fx_alcatraz_brut_light,inventory,,,,
6324,material,gfx_fxt_smk_scattered_ds255,inventory,,,,
6325,fx,maps/zombie_alcatraz/fx_alcatraz_brut_spawn,inventory,,,,
6326,material,gfx_fxt_smk_light_ds128,inventory,,,,
6327,material,gfx_fxt_debris_clump_dirt_ds16,inventory,,,,
6328,image,fxt_debris_gib_wood,inventory,,,,
6329,material,gfx_fxt_debris_gib_wood_ds16,inventory,,,,
6330,image,fxt_debris_wind_ash,inventory,,,,
6331,material,gfx_fxt_debris_wind_ash,inventory,,,,
6332,image,~-gfx_wood_splinter_col,inventory,,,,
6333,material,mc/mtl_fx_wood_splinter,inventory,,,,
6334,xmodel,fx_wood_splinter01,inventory,,,,
6335,xmodel,fx_wood_splinter02,inventory,,,,
6336,fx,maps/zombie_alcatraz/fx_alcatraz_brut_brk_wood,inventory,,,,
6337,material,gfx_fxt_light_flare_halogen_z0,inventory,,,,
6338,material,gfx_fxt_light_ray_ribbon_spread_z1,inventory,,,,
6339,techniqueset,effect_e7z98j85,inventory,,,,
6340,material,gfx_fxt_fire_anim_flicker_1_add_z2_eo2,inventory,,,,
6341,material,gfx_fxt_fire_anim_flicker_1_add_z2,inventory,,,,
6342,image,fxt_fire_anim_wall_1,inventory,,,,
6343,material,gfx_fxt_fire_anim_wall_z20,inventory,,,,
6344,fx,maps/zombie_alcatraz/fx_alcatraz_perk_lock,inventory,,,,
6345,fx,maps/zombie_alcatraz/fx_alcatraz_perk_s_lock,inventory,,,,
6346,fx,maps/zombie_alcatraz/fx_alcatraz_w_bench_lock,inventory,,,,
6347,image,p6_zm_al_magic_box_lock_red_m,inventory,,,,
6348,image,~~-gp6_zm_al_magic_box_lock_s~4c228dc8,inventory,,,,
6349,image,p6_zm_al_magic_box_lock_n,inventory,,,,
6350,image,~-gp6_zm_al_magic_box_lock_c,inventory,,,,
6351,material,mc/mtl_p6_zm_al_magic_box_lock_red,inventory,,,,
6352,xmodel,p6_anim_zm_al_magic_box_lock_red,inventory,,,,
6353,material,gfx_fxt_smk_light_z3,inventory,,,,
6354,material,gfx_fxt_smk_light_add_z0,inventory,,,,
6355,fx,maps/zombie_alcatraz/fx_alcatraz_brutus_footstomp,inventory,,,,
6356,footstepfxtable,zm_brutus_footstepfxtable,inventory,,,,
6357,footsteptable,fly_step_brutus,inventory,,,,
6358,image,~~-gmtl_t6_wpn_grenade_smoke_~29d4d932,inventory,,,,
6359,image,mtl_t6_wpn_grenade_smoke_nml,inventory,,,,
6360,image,~-gmtl_t6_wpn_grenade_smoke_col,inventory,,,,
6361,material,mc/mtl_t6_wpn_grenade_smoke,inventory,,,,
6362,xmodel,t6_wpn_grenade_smoke_view,inventory,,,,
6363,xmodel,t6_wpn_grenade_smoke_world,inventory,,,,
6364,xmodel,t6_wpn_grenade_smoke_projectile,inventory,,,,
6365,material,gfx_fxt_smk_trail_bg,inventory,,,,
6366,fx,maps/zombie_alcatraz/fx_alcatraz_brut_gas_trail,inventory,,,,
6367,fx,maps/zombie_alcatraz/fx_alcatraz_brut_gas,inventory,,,,
6368,xanim,viewmodel_ussmokegrenade_pullpin,inventory,,,,
6369,image,tactical_gren_reticle_glow,inventory,,,,
6370,material,tactical_gren_reticle_glow,inventory,,,,
6371,image,hud_us_smokegrenade,inventory,,,,
6372,material,hud_willy_pete,inventory,,,,
6373,image,hud_obit_tact_grenade,inventory,,,,
6374,material,hud_obit_tact_grenade,inventory,,,,
6375,weapon,willy_pete_zm,inventory,,,,
6376,script,character/c_zom_zombie_soldier.gsc,dumped_embedded,fastfiles/mod/assets/character/c_zom_zombie_soldier.gsc,1862,b317e31d538535ead1085094748c6fb3c15d560a6ff5128c2d73c95fad66dbd9,
6377,script,character/clientscripts/c_zom_zombie_soldier.csc,dumped_embedded,fastfiles/mod/assets/character/clientscripts/c_zom_zombie_soldier.csc,887,ac0e9bc2d9da223848914873b44c87504d257b9f1e732ad7a3b9b5e5acc1706f,
6378,script,xmodelalias/c_zom_chinese_zombie_head_helmet_als.gsc,dumped_embedded,fastfiles/mod/assets/xmodelalias/c_zom_chinese_zombie_head_helmet_als.gsc,443,613763a74ee70654725b52c4b666bc483cdb58a00c3d2dd45d8e6d51a5b0d46a,
6379,image,~~-gc_zom_soldier_body1_s-rgb~0d6228d7,inventory,,,,
6380,image,c_zom_soldier_body1_n,inventory,,,,
6381,image,~-gc_zom_soldier_body1_c,inventory,,,,
6382,material,mc/mtl_c_zom_soldier_body1,inventory,,,,
6383,xmodel,c_zom_zombie_soldier_body,inventory,,,,
6384,image,~~-gc_zom_chinese_helmet_s-rg~d09c26bf,inventory,,,,
6385,image,c_zom_chinese_helmet_n,inventory,,,,
6386,image,~-gc_zom_chinese_helmet_c,inventory,,,,
6387,material,mc/mtl_c_zom_chinese_zombie_helmet,inventory,,,,
6388,image,~~-gc_zom_chinese_head3_s-rgb~9db22f15,inventory,,,,
6389,image,c_zom_chinese_head3_n,inventory,,,,
6390,image,~-gc_zom_chinese_head3_c,inventory,,,,
6391,material,mc/mtl_c_zom_chinese_zombie_head3,inventory,,,,
6392,material,mc/mtl_c_zom_chinese_zombie_head3_u,inventory,,,,
6393,xmodel,c_zom_zombie_chinese_head3_helmet,inventory,,,,
6394,image,~~-gc_zom_chinese_head1_s-rgb~f9197424,inventory,,,,
6395,image,c_zom_chinese_head1_n,inventory,,,,
6396,image,~-gc_zom_chinese_head1_c,inventory,,,,
6397,material,mc/mtl_c_zom_chinese_zombie_head1,inventory,,,,
6398,material,mc/mtl_c_zom_chinese_zombie_head1_u,inventory,,,,
6399,xmodel,c_zom_zombie_chinese_head1,inventory,,,,
6400,image,~~-gc_zom_chinese_head2_s-rgb~fda69c2a,inventory,,,,
6401,image,c_zom_chinese_head2_n,inventory,,,,
6402,image,~-gc_zom_chinese_head2_c,inventory,,,,
6403,material,mc/mtl_c_zom_chinese_zombie_head2,inventory,,,,
6404,material,mc/mtl_c_zom_chinese_zombie_head2_u,inventory,,,,
6405,xmodel,c_zom_zombie_chinese_head2,inventory,,,,
6406,xmodel,c_zom_zombie_chinese_head3,inventory,,,,
6407,image,~~-gc_zom_chinese_head4_s-rgb~e5111811,inventory,,,,
6408,image,c_zom_chinese_head4_n,inventory,,,,
6409,image,~-gc_zom_chinese_head4_c,inventory,,,,
6410,material,mc/mtl_c_zom_chinese_zombie_head4,inventory,,,,
6411,material,mc/mtl_c_zom_chinese_zombie_head4_u,inventory,,,,
6412,xmodel,c_zom_zombie_chinese_head4,inventory,,,,
6413,xmodel,c_zom_zombie_soldier_body_g_upclean,inventory,,,,
6414,xmodel,c_zom_zombie_soldier_body_g_rarmoff,inventory,,,,
6415,xmodel,c_zom_zombie_soldier_body_g_larmoff,inventory,,,,
6416,xmodel,c_zom_zombie_soldier_body_g_lowclean,inventory,,,,
6417,xmodel,c_zom_zombie_soldier_body_g_rlegoff,inventory,,,,
6418,xmodel,c_zom_zombie_soldier_body_g_llegoff,inventory,,,,
6419,xmodel,c_zom_zombie_soldier_body_g_legsoff,inventory,,,,
6420,xmodel,c_zom_zombie_soldier_g_rarmspawn,inventory,,,,
6421,xmodel,c_zom_zombie_soldier_g_larmspawn,inventory,,,,
6422,xmodel,c_zom_zombie_soldier_g_rlegspawn,inventory,,,,
6423,xmodel,c_zom_zombie_soldier_g_llegspawn,inventory,,,,
6424,xmodel,c_zom_zombie_scientist_body_g_behead,inventory,,,,
